Manufacturer,CPU Type,CPU Score,CPU Model,Memory Size (GB),OS Disk Type,User_Experience
HP,i5,3413,Intel(R) Core(TM) i5-7200U CPU @ 2.50GHz,8,HDD,3.5
HP,i5,3413,Intel(R) Core(TM) i5-7200U CPU @ 2.50GHz,8,HDD,3
HP,i7,6551,Intel(R) Core(TM) i7-6700HQ CPU @ 2.60GHz,16,HDD,2.7
HP,i7,6551,Intel(R) Core(TM) i7-6700HQ CPU @ 2.60GHz,32,HDD,2.3
HP,i7,6551,Intel(R) Core(TM) i7-6700HQ CPU @ 2.60GHz,32,HDD,3.3
HP,i7,6551,Intel(R) Core(TM) i7-6700HQ CPU @ 2.60GHz,32,HDD,0.5
HP,i7,6551,Intel(R) Core(TM) i7-6700HQ CPU @ 2.60GHz,32,HDD,3
HP,i7,6551,Intel(R) Core(TM) i7-6700HQ CPU @ 2.60GHz,32,HDD,3.3
HP,i7,6551,Intel(R) Core(TM) i7-6700HQ CPU @ 2.60GHz,32,HDD,3
HP,i7,6551,Intel(R) Core(TM) i7-6700HQ CPU @ 2.60GHz,32,HDD,2.3
HP,i7,6551,Intel(R) Core(TM) i7-6700HQ CPU @ 2.60GHz,32,HDD,2.8
HP,i7,6551,Intel(R) Core(TM) i7-6700HQ CPU @ 2.60GHz,32,HDD,1.8
HP,i7,6551,Intel(R) Core(TM) i7-6700HQ CPU @ 2.60GHz,32,HDD,4.1
HP,i7,6551,Intel(R) Core(TM) i7-6700HQ CPU @ 2.60GHz,32,HDD,3.8
HP,i7,6551,Intel(R) Core(TM) i7-6700HQ CPU @ 2.60GHz,32,HDD,3
HP,i7,6551,Intel(R) Core(TM) i7-6700HQ CPU @ 2.60GHz,32,HDD,3.5
HP,i7,6551,Intel(R) Core(TM) i7-6700HQ CPU @ 2.60GHz,32,HDD,2.9
HP,i7,6551,Intel(R) Core(TM) i7-6700HQ CPU @ 2.60GHz,32,HDD,3.5
HP,i7,6551,Intel(R) Core(TM) i7-6700HQ CPU @ 2.60GHz,32,HDD,3.3
HP,i7,6551,Intel(R) Core(TM) i7-6700HQ CPU @ 2.60GHz,32,HDD,3.2
HP,i7,6551,Intel(R) Core(TM) i7-6700HQ CPU @ 2.60GHz,32,HDD,3.1
HP,i5,3413,Intel(R) Core(TM) i5-7200U CPU @ 2.50GHz,16,HDD,3.4
HP,i5,3413,Intel(R) Core(TM) i5-7200U CPU @ 2.50GHz,16,HDD,1.4
Dell,i7,7149,Intel(R) Core(TM) i7-7820HQ CPU @ 2.90GHz,32,HDD,2.7
FUJITSU,i5,6343,Intel(R) Core(TM) i5-8350U CPU @ 1.70GHz,16,SSD,3.1
FUJITSU,i5,6343,Intel(R) Core(TM) i5-8350U CPU @ 1.70GHz,16,SSD,3.2
HP,i5,1817,Intel(R) Core(TM) i5-4302Y CPU @ 1.60GHz,8,SSD,3.2
HP,i5,1817,Intel(R) Core(TM) i5-4302Y CPU @ 1.60GHz,8,SSD,1.9
HP,Xeon E3,8074,Intel(R) Xeon(R) CPU E3-1245 v5 @ 3.50GHz,32,HDD,4.1
HP,AMD PRO A8,3204,"AMD PRO A8-8650B R7, 10 Compute Cores 4C+6G",7,HDD,1.4
HP,Xeon E3,5262,Intel(R) Xeon(R) CPU E3-1225 v3 @ 3.20GHz,8,HDD,1.9
HP,Xeon E3,5262,Intel(R) Xeon(R) CPU E3-1225 v3 @ 3.20GHz,8,HDD,3.7
HP,AMD PRO A12,3848,"AMD PRO A12-8870 R7, 12 COMPUTE CORES 4C+8G",15,HDD,2.9
HP,AMD PRO A12,3848,"AMD PRO A12-8870 R7, 12 COMPUTE CORES 4C+8G",15,HDD,2.6
HP,AMD PRO A12,3848,"AMD PRO A12-8870 R7, 12 COMPUTE CORES 4C+8G",15,HDD,2.9
HP,AMD PRO A10,3181,"AMD PRO A10-8770E R7, 10 COMPUTE CORES 4C+6G",15,HDD,2.4
HP,AMD PRO A10,3181,"AMD PRO A10-8770E R7, 10 COMPUTE CORES 4C+6G",15,HDD,2.1
HP,AMD PRO A10,3181,"AMD PRO A10-8770E R7, 10 COMPUTE CORES 4C+6G",15,HDD,3.2
HP,AMD PRO A10,3181,"AMD PRO A10-8770E R7, 10 COMPUTE CORES 4C+6G",15,HDD,0.7
HP,AMD PRO A10,3181,"AMD PRO A10-8770E R7, 10 COMPUTE CORES 4C+6G",15,HDD,2
HP,AMD PRO A10,3181,"AMD PRO A10-8770E R7, 10 COMPUTE CORES 4C+6G",15,HDD,1.8
HP,AMD PRO A10,3181,"AMD PRO A10-8770E R7, 10 COMPUTE CORES 4C+6G",15,HDD,2
HP,AMD PRO A10,3181,"AMD PRO A10-8770E R7, 10 COMPUTE CORES 4C+6G",15,HDD,3
HP,AMD PRO A10,3181,"AMD PRO A10-8770E R7, 10 COMPUTE CORES 4C+6G",15,HDD,2.7
HP,AMD PRO A10,3181,"AMD PRO A10-8770E R7, 10 COMPUTE CORES 4C+6G",15,HDD,0.4
HP,AMD PRO A10,3181,"AMD PRO A10-8770E R7, 10 COMPUTE CORES 4C+6G",15,HDD,3.3
HP,AMD PRO A10,3181,"AMD PRO A10-8770E R7, 10 COMPUTE CORES 4C+6G",15,HDD,3.6
HP,AMD PRO A10,3181,"AMD PRO A10-8770E R7, 10 COMPUTE CORES 4C+6G",15,HDD,0
HP,AMD PRO A10,3181,"AMD PRO A10-8770E R7, 10 COMPUTE CORES 4C+6G",15,HDD,3
HP,AMD PRO A10,3181,"AMD PRO A10-8770E R7, 10 COMPUTE CORES 4C+6G",15,HDD,3.7
HP,AMD PRO A10,3181,"AMD PRO A10-8770E R7, 10 COMPUTE CORES 4C+6G",15,HDD,2.7
HP,AMD PRO A10,3181,"AMD PRO A10-8770E R7, 10 COMPUTE CORES 4C+6G",15,HDD,2.4
HP,AMD PRO A10,3181,"AMD PRO A10-8770E R7, 10 COMPUTE CORES 4C+6G",15,HDD,2.6
HP,AMD PRO A10,3181,"AMD PRO A10-8770E R7, 10 COMPUTE CORES 4C+6G",15,HDD,3
HP,AMD PRO A10,3181,"AMD PRO A10-8770E R7, 10 COMPUTE CORES 4C+6G",15,HDD,2.6
HP,AMD PRO A10,3181,"AMD PRO A10-8770E R7, 10 COMPUTE CORES 4C+6G",15,HDD,2.1
HP,AMD PRO A10,3181,"AMD PRO A10-8770E R7, 10 COMPUTE CORES 4C+6G",15,HDD,2.6
HP,AMD PRO A10,3181,"AMD PRO A10-8770E R7, 10 COMPUTE CORES 4C+6G",15,HDD,2.3
HP,AMD PRO A10,3181,"AMD PRO A10-8770E R7, 10 COMPUTE CORES 4C+6G",15,HDD,1.9
HP,AMD PRO A10,3181,"AMD PRO A10-8770E R7, 10 COMPUTE CORES 4C+6G",15,HDD,0.5
HP,AMD PRO A10,3181,"AMD PRO A10-8770E R7, 10 COMPUTE CORES 4C+6G",15,HDD,2.1
HP,AMD PRO A10,3181,"AMD PRO A10-8770E R7, 10 COMPUTE CORES 4C+6G",15,HDD,4.5
HP,AMD PRO A10,3181,"AMD PRO A10-8770E R7, 10 COMPUTE CORES 4C+6G",15,HDD,2
HP,AMD PRO A10,3181,"AMD PRO A10-8770E R7, 10 COMPUTE CORES 4C+6G",15,HDD,1.1
HP,AMD PRO A10,3181,"AMD PRO A10-8770E R7, 10 COMPUTE CORES 4C+6G",15,HDD,3.7
HP,AMD PRO A10,3181,"AMD PRO A10-8770E R7, 10 COMPUTE CORES 4C+6G",15,HDD,1.1
HP,AMD PRO A10,3181,"AMD PRO A10-8770E R7, 10 COMPUTE CORES 4C+6G",15,HDD,1.4
Dell,i5,3732,Intel(R) Core(TM) i5-7300U CPU @ 2.60GHz,8,HDD,1
HP,i5,3260,Intel(R) Core(TM) i5-6300U CPU @ 2.40GHz,8,HDD,3.4
HP,i5,3260,Intel(R) Core(TM) i5-6300U CPU @ 2.40GHz,8,HDD,0.1
HP,i5,3260,Intel(R) Core(TM) i5-6300U CPU @ 2.40GHz,8,HDD,1.9
HP,i5,3260,Intel(R) Core(TM) i5-6300U CPU @ 2.40GHz,8,HDD,1.9
HP,i5,3413,Intel(R) Core(TM) i5-7200U CPU @ 2.50GHz,16,SSD,4.2
HP,i5,3413,Intel(R) Core(TM) i5-7200U CPU @ 2.50GHz,16,SSD,3.4
HP,i5,3413,Intel(R) Core(TM) i5-7200U CPU @ 2.50GHz,16,SSD,4.7
HP,i5,3413,Intel(R) Core(TM) i5-7200U CPU @ 2.50GHz,16,SSD,3.1
HP,i5,3413,Intel(R) Core(TM) i5-7200U CPU @ 2.50GHz,8,HDD,2.7
HP,i5,3413,Intel(R) Core(TM) i5-7200U CPU @ 2.50GHz,8,HDD,0.6
HP,i5,5949,Intel(R) Core(TM) i5-8250U CPU @ 1.60GHz,16,SSD,3.4
HP,i5,5949,Intel(R) Core(TM) i5-8250U CPU @ 1.60GHz,16,SSD,4.2
HP,i5,5949,Intel(R) Core(TM) i5-8250U CPU @ 1.60GHz,16,SSD,4.8
HP,i5,5949,Intel(R) Core(TM) i5-8250U CPU @ 1.60GHz,16,SSD,0.7
HP,i5,3413,Intel(R) Core(TM) i5-7200U CPU @ 2.50GHz,16,SSD,3.7
HP,i5,5988,Intel(R) Core(TM) i5-8265U CPU @ 1.60GHz,16,SSD,3.2
HP,i5,3413,Intel(R) Core(TM) i5-7200U CPU @ 2.50GHz,16,SSD,3.2
HP,i5,5949,Intel(R) Core(TM) i5-8250U CPU @ 1.60GHz,16,SSD,4
HP,i5,5949,Intel(R) Core(TM) i5-8250U CPU @ 1.60GHz,16,SSD,2.7
HP,i5,3413,Intel(R) Core(TM) i5-7200U CPU @ 2.50GHz,16,SSD,2.9
HP,i5,5949,Intel(R) Core(TM) i5-8250U CPU @ 1.60GHz,16,SSD,4.1
Dell,i5,3732,Intel(R) Core(TM) i5-7300U CPU @ 2.60GHz,8,HDD,3.2
Dell,i5,3732,Intel(R) Core(TM) i5-7300U CPU @ 2.60GHz,8,HDD,1
Dell,i5,3732,Intel(R) Core(TM) i5-7300U CPU @ 2.60GHz,8,HDD,2.7
HP,AMD PRO A8,3204,"AMD PRO A8-8650B R7, 10 Compute Cores 4C+6G",7,HDD,0.8
HP,AMD PRO A8,3204,"AMD PRO A8-8650B R7, 10 Compute Cores 4C+6G",7,HDD,0.6
HP,AMD PRO A10,3594,"AMD PRO A10-8770 R7, 10 COMPUTE CORES 4C+6G",15,SSD,1.8
HP,AMD PRO A10,3594,"AMD PRO A10-8770 R7, 10 COMPUTE CORES 4C+6G",15,SSD,3.9
HP,AMD PRO A10,3594,"AMD PRO A10-8770 R7, 10 COMPUTE CORES 4C+6G",15,SSD,2.7
HP,AMD PRO A10,3594,"AMD PRO A10-8770 R7, 10 COMPUTE CORES 4C+6G",15,SSD,3.7
HP,AMD PRO A10,3594,"AMD PRO A10-8770 R7, 10 COMPUTE CORES 4C+6G",15,SSD,1.9
HP,AMD PRO A10,3594,"AMD PRO A10-8770 R7, 10 COMPUTE CORES 4C+6G",15,SSD,2.4
Transource,i7,9685,Intel(R) Core(TM) i7-7700K CPU @ 4.20GHz,16,HDD,2.6
Transource,i7,9685,Intel(R) Core(TM) i7-7700K CPU @ 4.20GHz,16,HDD,2.3
Transource,i3,6161,Intel(R) Core(TM) i3-8100 CPU @ 3.60GHz,16,HDD,4.2
HP,i5,3413,Intel(R) Core(TM) i5-7200U CPU @ 2.50GHz,16,HDD,3.6
HP,i5,3413,Intel(R) Core(TM) i5-7200U CPU @ 2.50GHz,16,HDD,3.8
HP,i5,3413,Intel(R) Core(TM) i5-7200U CPU @ 2.50GHz,16,HDD,2.6
HP,i5,3413,Intel(R) Core(TM) i5-7200U CPU @ 2.50GHz,16,HDD,3.3
HP,AMD PRO A10,3181,"AMD PRO A10-8770E R7, 10 COMPUTE CORES 4C+6G",7,SSD,3.9
HP,AMD PRO A8,2148,"AMD PRO A8-8600B R6, 10 Compute Cores 4C+6G",7,HDD,0.4
HP,AMD PRO A8,2148,"AMD PRO A8-8600B R6, 10 Compute Cores 4C+6G",7,HDD,1.8
HP,AMD PRO A8,2148,"AMD PRO A8-8600B R6, 10 Compute Cores 4C+6G",15,HDD,1.3
HP,i5,5949,Intel(R) Core(TM) i5-8250U CPU @ 1.60GHz,16,SSD,4.6
HP,i5,3413,Intel(R) Core(TM) i5-7200U CPU @ 2.50GHz,16,SSD,2.9
HP,i5,5949,Intel(R) Core(TM) i5-8250U CPU @ 1.60GHz,16,SSD,3.3
LENOVO,i7,6945,Intel(R) Core(TM) i7-6820HQ CPU @ 2.70GHz,32,SSD,4.8
HP,i5,3413,Intel(R) Core(TM) i5-7200U CPU @ 2.50GHz,7,HDD,3.7
HP,i5,3413,Intel(R) Core(TM) i5-7200U CPU @ 2.50GHz,8,HDD,2.5
HP,i5,3413,Intel(R) Core(TM) i5-7200U CPU @ 2.50GHz,8,HDD,1.7
HP,i5,3413,Intel(R) Core(TM) i5-7200U CPU @ 2.50GHz,8,HDD,3.6
HP,i5,3413,Intel(R) Core(TM) i5-7200U CPU @ 2.50GHz,8,HDD,4
HP,i5,3413,Intel(R) Core(TM) i5-7200U CPU @ 2.50GHz,16,SSD,4.3
HP,i5,3413,Intel(R) Core(TM) i5-7200U CPU @ 2.50GHz,8,HDD,3.2
HP,i5,3413,Intel(R) Core(TM) i5-7200U CPU @ 2.50GHz,8,SSD,3.6
HP,i5,3413,Intel(R) Core(TM) i5-7200U CPU @ 2.50GHz,8,HDD,2.1
HP,i5,3413,Intel(R) Core(TM) i5-7200U CPU @ 2.50GHz,8,HDD,3.1
HP,i5,3413,Intel(R) Core(TM) i5-7200U CPU @ 2.50GHz,16,SSD,4.4
HP,i7,10423,Intel(R) Core(TM) i7-8850H CPU @ 2.60GHz,63,SSD,4.8
HP,i5,3260,Intel(R) Core(TM) i5-6300U CPU @ 2.40GHz,8,HDD,2.8
HP,i5,3413,Intel(R) Core(TM) i5-7200U CPU @ 2.50GHz,16,SSD,2.6
GETAC,i5,3025,Intel(R) Core(TM) i5-6200U CPU @ 2.30GHz,8,HDD,3.4
HP,i5,3413,Intel(R) Core(TM) i5-7200U CPU @ 2.50GHz,8,SSD,4.2
GETAC,i5,5988,Intel(R) Core(TM) i5-8265U CPU @ 1.60GHz,8,SSD,4.1
GETAC,i5,3413,Intel(R) Core(TM) i5-7200U CPU @ 2.50GHz,8,SSD,3.6
GETAC,i5,3413,Intel(R) Core(TM) i5-7200U CPU @ 2.50GHz,8,SSD,4.5
GETAC,i5,3413,Intel(R) Core(TM) i5-7200U CPU @ 2.50GHz,8,SSD,4.2
HP,i3,2630,Intel(R) Core(TM) i3-6100 CPU @ 3.70GHz,8,HDD,4
HP,i3,4172,Intel(R) Core(TM) i3-6100 CPU @ 3.70GHz,8,HDD,3.3
Transource,i5,6634,Intel(R) Core(TM) i5-7600 CPU @ 3.50GHz,16,HDD,3.7
HP,i3,4172,Intel(R) Core(TM) i3-6100 CPU @ 3.70GHz,8,HDD,2.7
HP,i3,4172,Intel(R) Core(TM) i3-6100 CPU @ 3.70GHz,8,HDD,1.8
HP,AMD PRO A12,3848,"AMD PRO A12-8870 R7, 12 COMPUTE CORES 4C+8G",15,SSD,1
HP,AMD PRO A12,3848,"AMD PRO A12-8870 R7, 12 COMPUTE CORES 4C+8G",15,SSD,2.5
HP,AMD PRO A12,3848,"AMD PRO A12-8870 R7, 12 COMPUTE CORES 4C+8G",15,SSD,1.8
HP,AMD PRO A12,3848,"AMD PRO A12-8870 R7, 12 COMPUTE CORES 4C+8G",15,SSD,3.9
HP,AMD PRO A12,3848,"AMD PRO A12-8870 R7, 12 COMPUTE CORES 4C+8G",15,SSD,4.4
HP,i3,4172,Intel(R) Core(TM) i3-6100 CPU @ 3.70GHz,8,HDD,3.3
HP,i3,4172,Intel(R) Core(TM) i3-6100 CPU @ 3.70GHz,8,HDD,1.9
HP,AMD PRO A12,3848,"AMD PRO A12-8870 R7, 12 COMPUTE CORES 4C+8G",15,SSD,2.8
HP,i3,4172,Intel(R) Core(TM) i3-6100 CPU @ 3.70GHz,8,HDD,2.9
HP,i3,4172,Intel(R) Core(TM) i3-6100 CPU @ 3.70GHz,8,HDD,2.2
HP,i3,4172,Intel(R) Core(TM) i3-6100 CPU @ 3.70GHz,8,HDD,2.9
HP,i3,4172,Intel(R) Core(TM) i3-6100 CPU @ 3.70GHz,8,HDD,1.6
HP,i3,4172,Intel(R) Core(TM) i3-6100 CPU @ 3.70GHz,8,HDD,2.9
HP,i3,4172,Intel(R) Core(TM) i3-6100 CPU @ 3.70GHz,8,HDD,1.5
HP,AMD PRO A12,3848,"AMD PRO A12-8870 R7, 12 COMPUTE CORES 4C+8G",15,SSD,1.6
HP,i3,4172,Intel(R) Core(TM) i3-6100 CPU @ 3.70GHz,8,HDD,1.2
HP,i3,4172,Intel(R) Core(TM) i3-6100 CPU @ 3.70GHz,8,HDD,1.2
HP,i3,4172,Intel(R) Core(TM) i3-6100 CPU @ 3.70GHz,8,HDD,3.1
HP,i3,4172,Intel(R) Core(TM) i3-6100 CPU @ 3.70GHz,8,HDD,2.1
HP,AMD PRO A12,3848,"AMD PRO A12-8870 R7, 12 COMPUTE CORES 4C+8G",15,SSD,2.7
HP,AMD PRO A12,3848,"AMD PRO A12-8870 R7, 12 COMPUTE CORES 4C+8G",15,SSD,3.1
HP,AMD PRO A12,3848,"AMD PRO A12-8870 R7, 12 COMPUTE CORES 4C+8G",15,SSD,3.2
HP,AMD PRO A12,3848,"AMD PRO A12-8870 R7, 12 COMPUTE CORES 4C+8G",15,SSD,4
HP,AMD PRO A12,3848,"AMD PRO A12-8870 R7, 12 COMPUTE CORES 4C+8G",15,SSD,4.8
HP,i3,4172,Intel(R) Core(TM) i3-6100 CPU @ 3.70GHz,8,HDD,3.4
HP,i3,4172,Intel(R) Core(TM) i3-6100 CPU @ 3.70GHz,8,HDD,1.2
HP,i3,4172,Intel(R) Core(TM) i3-6100 CPU @ 3.70GHz,8,HDD,1
HP,i3,4172,Intel(R) Core(TM) i3-6100 CPU @ 3.70GHz,24,HDD,3.4
HP,i3,4172,Intel(R) Core(TM) i3-6100 CPU @ 3.70GHz,8,HDD,4
HP,i3,4172,Intel(R) Core(TM) i3-6100 CPU @ 3.70GHz,8,HDD,2.2
HP,i3,4172,Intel(R) Core(TM) i3-6100 CPU @ 3.70GHz,8,HDD,1
HP,AMD PRO A12,3848,"AMD PRO A12-8870 R7, 12 COMPUTE CORES 4C+8G",15,SSD,3.4
HP,AMD PRO A12,3848,"AMD PRO A12-8870 R7, 12 COMPUTE CORES 4C+8G",15,SSD,0.6
HP,i3,4172,Intel(R) Core(TM) i3-6100 CPU @ 3.70GHz,8,HDD,3.2
HP,i3,4172,Intel(R) Core(TM) i3-6100 CPU @ 3.70GHz,8,HDD,1.9
HP,AMD PRO A12,3848,"AMD PRO A12-8870 R7, 12 COMPUTE CORES 4C+8G",15,SSD,0.6
HP,i3,4172,Intel(R) Core(TM) i3-6100 CPU @ 3.70GHz,8,HDD,3.2
HP,i3,4172,Intel(R) Core(TM) i3-6100 CPU @ 3.70GHz,8,HDD,2.8
HP,i3,4172,Intel(R) Core(TM) i3-6100 CPU @ 3.70GHz,8,HDD,3.6
HP,i3,4172,Intel(R) Core(TM) i3-6100 CPU @ 3.70GHz,8,HDD,3.6
HP,AMD PRO A12,3848,"AMD PRO A12-8870 R7, 12 COMPUTE CORES 4C+8G",15,SSD,2.6
HP,AMD PRO A12,3848,"AMD PRO A12-8870 R7, 12 COMPUTE CORES 4C+8G",15,SSD,3.4
HP,AMD PRO A12,3848,"AMD PRO A12-8870 R7, 12 COMPUTE CORES 4C+8G",15,SSD,2.8
HP,AMD PRO A12,3848,"AMD PRO A12-8870 R7, 12 COMPUTE CORES 4C+8G",15,SSD,2.8
HP,AMD PRO A12,3848,"AMD PRO A12-8870 R7, 12 COMPUTE CORES 4C+8G",15,SSD,3.5
HP,AMD PRO A12,3848,"AMD PRO A12-8870 R7, 12 COMPUTE CORES 4C+8G",15,SSD,1.9
HP,i5,3413,Intel(R) Core(TM) i5-7200U CPU @ 2.50GHz,8,SSD,4.1
Dell,i7,7149,Intel(R) Core(TM) i7-7820HQ CPU @ 2.90GHz,16,HDD,4.8
HP,i5,3413,Intel(R) Core(TM) i5-7200U CPU @ 2.50GHz,16,SSD,4.1
Dell,i7,7149,Intel(R) Core(TM) i7-7820HQ CPU @ 2.90GHz,16,HDD,1.4
Dell,i7,7149,Intel(R) Core(TM) i7-7820HQ CPU @ 2.90GHz,16,HDD,1.5
Dell,i5,6343,Intel(R) Core(TM) i5-8350U CPU @ 1.70GHz,16,SSD,4.3
Dell,i7,15512,Intel(R) Core(TM) i7-10875H CPU @ 2.30GHz,32,SSD,4.8
HP,i5,3260,Intel(R) Core(TM) i5-6300U CPU @ 2.40GHz,16,HDD,4.4
HP,i5,3260,Intel(R) Core(TM) i5-6300U CPU @ 2.40GHz,8,HDD,2.2
HP,i5,3260,Intel(R) Core(TM) i5-6300U CPU @ 2.40GHz,8,HDD,3.2
HP,i5,3260,Intel(R) Core(TM) i5-6300U CPU @ 2.40GHz,8,HDD,1.7
HP,i5,3260,Intel(R) Core(TM) i5-6300U CPU @ 2.40GHz,8,HDD,4.6
HP,i5,3260,Intel(R) Core(TM) i5-6300U CPU @ 2.40GHz,8,HDD,1.9
HP,i5,3260,Intel(R) Core(TM) i5-6300U CPU @ 2.40GHz,8,HDD,3
HP,i5,3260,Intel(R) Core(TM) i5-6300U CPU @ 2.40GHz,8,HDD,2.8
HP,i5,3260,Intel(R) Core(TM) i5-6300U CPU @ 2.40GHz,8,HDD,0.7
HP,i5,3260,Intel(R) Core(TM) i5-6300U CPU @ 2.40GHz,16,HDD,3.6
HP,i5,3260,Intel(R) Core(TM) i5-6300U CPU @ 2.40GHz,8,HDD,1.6
HP,i5,3260,Intel(R) Core(TM) i5-6300U CPU @ 2.40GHz,16,HDD,2
HP,i5,3260,Intel(R) Core(TM) i5-6300U CPU @ 2.40GHz,8,HDD,2.4
HP,i5,3260,Intel(R) Core(TM) i5-6300U CPU @ 2.40GHz,8,HDD,3
HP,i5,3260,Intel(R) Core(TM) i5-6300U CPU @ 2.40GHz,8,HDD,3
HP,i5,3260,Intel(R) Core(TM) i5-6300U CPU @ 2.40GHz,8,HDD,2.6
HP,i5,3260,Intel(R) Core(TM) i5-6300U CPU @ 2.40GHz,8,HDD,3.3
HP,i5,3260,Intel(R) Core(TM) i5-6300U CPU @ 2.40GHz,8,HDD,0
HP,i5,3260,Intel(R) Core(TM) i5-6300U CPU @ 2.40GHz,8,HDD,1.5
GETAC,i5,3025,Intel(R) Core(TM) i5-6200U CPU @ 2.30GHz,8,SSD,4
HP,i5,3260,Intel(R) Core(TM) i5-6300U CPU @ 2.40GHz,8,HDD,2.3
HP,i5,3260,Intel(R) Core(TM) i5-6300U CPU @ 2.40GHz,8,HDD,2.2
HP,i5,3260,Intel(R) Core(TM) i5-6300U CPU @ 2.40GHz,8,HDD,2.9
HP,i5,3260,Intel(R) Core(TM) i5-6300U CPU @ 2.40GHz,8,HDD,3
HP,i5,3260,Intel(R) Core(TM) i5-6300U CPU @ 2.40GHz,8,HDD,2.1
HP,i5,3260,Intel(R) Core(TM) i5-6300U CPU @ 2.40GHz,8,HDD,3
HP,i5,3260,Intel(R) Core(TM) i5-6300U CPU @ 2.40GHz,8,HDD,2.5
HP,i5,3260,Intel(R) Core(TM) i5-6300U CPU @ 2.40GHz,8,HDD,3
HP,i5,3260,Intel(R) Core(TM) i5-6300U CPU @ 2.40GHz,8,HDD,1.9
HP,i5,3260,Intel(R) Core(TM) i5-6300U CPU @ 2.40GHz,8,HDD,4.2
HP,i5,3260,Intel(R) Core(TM) i5-6300U CPU @ 2.40GHz,16,HDD,2.2
HP,i5,3260,Intel(R) Core(TM) i5-6300U CPU @ 2.40GHz,8,HDD,2.6
HP,i5,3260,Intel(R) Core(TM) i5-6300U CPU @ 2.40GHz,16,HDD,2.1
HP,i5,3260,Intel(R) Core(TM) i5-6300U CPU @ 2.40GHz,16,HDD,2.5
HP,i5,3260,Intel(R) Core(TM) i5-6300U CPU @ 2.40GHz,16,HDD,2.9
HP,i5,3260,Intel(R) Core(TM) i5-6300U CPU @ 2.40GHz,8,HDD,3.6
HP,i5,3260,Intel(R) Core(TM) i5-6300U CPU @ 2.40GHz,16,HDD,3.8
HP,i5,3260,Intel(R) Core(TM) i5-6300U CPU @ 2.40GHz,8,HDD,3
HP,i5,3260,Intel(R) Core(TM) i5-6300U CPU @ 2.40GHz,8,HDD,2.9
HP,i5,3260,Intel(R) Core(TM) i5-6300U CPU @ 2.40GHz,8,HDD,2.9
HP,i5,3260,Intel(R) Core(TM) i5-6300U CPU @ 2.40GHz,8,HDD,3.9
HP,i5,3260,Intel(R) Core(TM) i5-6300U CPU @ 2.40GHz,8,HDD,3.6
HP,i5,3260,Intel(R) Core(TM) i5-6300U CPU @ 2.40GHz,8,HDD,4
HP,i5,3260,Intel(R) Core(TM) i5-6300U CPU @ 2.40GHz,8,HDD,2.9
HP,i5,3260,Intel(R) Core(TM) i5-6300U CPU @ 2.40GHz,8,HDD,3.1
HP,i5,3260,Intel(R) Core(TM) i5-6300U CPU @ 2.40GHz,8,HDD,2.7
HP,i5,3260,Intel(R) Core(TM) i5-6300U CPU @ 2.40GHz,8,HDD,3
HP,i5,3260,Intel(R) Core(TM) i5-6300U CPU @ 2.40GHz,8,HDD,2.2
HP,i5,3260,Intel(R) Core(TM) i5-6300U CPU @ 2.40GHz,8,HDD,2
HP,i5,3260,Intel(R) Core(TM) i5-6300U CPU @ 2.40GHz,8,HDD,3.4
Dell,i7,15512,Intel(R) Core(TM) i7-10875H CPU @ 2.30GHz,32,SSD,4.3
HP,i5,3260,Intel(R) Core(TM) i5-6300U CPU @ 2.40GHz,8,HDD,2.5
HP,i5,3260,Intel(R) Core(TM) i5-6300U CPU @ 2.40GHz,8,HDD,2.7
HP,i5,3260,Intel(R) Core(TM) i5-6300U CPU @ 2.40GHz,8,HDD,1.3
HP,i5,3260,Intel(R) Core(TM) i5-6300U CPU @ 2.40GHz,8,HDD,1.7
HP,i5,3260,Intel(R) Core(TM) i5-6300U CPU @ 2.40GHz,8,HDD,4
HP,i5,3260,Intel(R) Core(TM) i5-6300U CPU @ 2.40GHz,8,HDD,4.3
HP,i5,3260,Intel(R) Core(TM) i5-6300U CPU @ 2.40GHz,8,HDD,3.4
GETAC,i5,5988,Intel(R) Core(TM) i5-8265U CPU @ 1.60GHz,8,SSD,4
GETAC,i5,5988,Intel(R) Core(TM) i5-8265U CPU @ 1.60GHz,8,SSD,4.2
HP,AMD A4,1261,AMD A4-5300B APU with Radeon(tm) HD Graphics,7,HDD,0.7
HP,AMD PRO A8,2148,"AMD PRO A8-8600B R6, 10 Compute Cores 4C+6G",7,HDD,1.7
HP,i5,3260,Intel(R) Core(TM) i5-6300U CPU @ 2.40GHz,8,HDD,2.6
HP,i5,3413,Intel(R) Core(TM) i5-7200U CPU @ 2.50GHz,8,HDD,3.8
HP,i5,3413,Intel(R) Core(TM) i5-7200U CPU @ 2.50GHz,16,SSD,4.5
HP,i5,3260,Intel(R) Core(TM) i5-6300U CPU @ 2.40GHz,8,HDD,0.9
Dell,i7,15512,Intel(R) Core(TM) i7-10875H CPU @ 2.30GHz,64,SSD,4.9
Dell,i7,15512,Intel(R) Core(TM) i7-10875H CPU @ 2.30GHz,64,SSD,2.8
HP,i5,3260,Intel(R) Core(TM) i5-6300U CPU @ 2.40GHz,8,HDD,1.8
HP,i5,3260,Intel(R) Core(TM) i5-6300U CPU @ 2.40GHz,8,HDD,2.3
Dell,i5,6343,Intel(R) Core(TM) i5-8350U CPU @ 1.70GHz,8,SSD,3.4
HP,i5,3413,Intel(R) Core(TM) i5-7200U CPU @ 2.50GHz,16,HDD,3.5
HP,i5,3413,Intel(R) Core(TM) i5-7200U CPU @ 2.50GHz,8,SSD,5
HP,i5,3413,Intel(R) Core(TM) i5-7200U CPU @ 2.50GHz,8,SSD,3.7
HP,i5,3413,Intel(R) Core(TM) i5-7200U CPU @ 2.50GHz,8,HDD,3
HP,i5,3260,Intel(R) Core(TM) i5-6300U CPU @ 2.40GHz,8,HDD,3.4
HP,i7,6475,Intel(R) Core(TM) i7-8665U CPU @ 1.90GHz,32,SSD,4.7
HP,i5,3260,Intel(R) Core(TM) i5-6300U CPU @ 2.40GHz,8,HDD,2.9
HP,i5,3260,Intel(R) Core(TM) i5-6300U CPU @ 2.40GHz,8,SSD,4
HP,i5,3260,Intel(R) Core(TM) i5-6300U CPU @ 2.40GHz,8,HDD,3.1
Dell,i7,15512,Intel(R) Core(TM) i7-10875H CPU @ 2.30GHz,64,SSD,3.9
HP,i5,3260,Intel(R) Core(TM) i5-6300U CPU @ 2.40GHz,8,HDD,1.8
HP,i5,3413,Intel(R) Core(TM) i5-7200U CPU @ 2.50GHz,8,HDD,3
HP,i5,3260,Intel(R) Core(TM) i5-6300U CPU @ 2.40GHz,8,HDD,1.3
HP,i5,3260,Intel(R) Core(TM) i5-6300U CPU @ 2.40GHz,8,HDD,2.2
HP,i5,3260,Intel(R) Core(TM) i5-6300U CPU @ 2.40GHz,8,HDD,1.2
HP,i5,3260,Intel(R) Core(TM) i5-6300U CPU @ 2.40GHz,8,HDD,2.2
Dell,i5,8360,Intel(R) Core(TM) i5-9400H CPU @ 2.50GHz,32,SSD,4.9
HP,i5,3413,Intel(R) Core(TM) i5-7200U CPU @ 2.50GHz,8,HDD,0.9
HP,i7,6475,Intel(R) Core(TM) i7-8665U CPU @ 1.90GHz,32,SSD,3.7
HP,AMD PRO A8,3347,"AMD PRO A8-9600 R7, 10 COMPUTE CORES 4C+6G",15,SSD,2
Dell,i5,5339,Intel(R) Core(TM) i5-7500T CPU @ 2.70GHz,8,SSD,1.8
HP,AMD PRO A12,3848,"AMD PRO A12-8870 R7, 12 COMPUTE CORES 4C+8G",7,SSD,3.5
HP,AMD PRO A12,3848,"AMD PRO A12-8870 R7, 12 COMPUTE CORES 4C+8G",7,SSD,0.5
HP,AMD PRO A8,3204,"AMD PRO A8-8650B R7, 10 Compute Cores 4C+6G",7,HDD,1.9
HP,AMD PRO A8,3204,"AMD PRO A8-8650B R7, 10 Compute Cores 4C+6G",7,HDD,2.3
HP,AMD PRO A8,3204,"AMD PRO A8-8650B R7, 10 Compute Cores 4C+6G",7,HDD,1.1
HP,AMD PRO A8,3204,"AMD PRO A8-8650B R7, 10 Compute Cores 4C+6G",7,HDD,2.1
HP,AMD PRO A8,3204,"AMD PRO A8-8650B R7, 10 Compute Cores 4C+6G",7,HDD,0.6
HP,AMD PRO A8,3204,"AMD PRO A8-8650B R7, 10 Compute Cores 4C+6G",7,HDD,1.3
HP,AMD PRO A8,3204,"AMD PRO A8-8650B R7, 10 Compute Cores 4C+6G",7,HDD,1.4
HP,AMD PRO A8,3204,"AMD PRO A8-8650B R7, 10 Compute Cores 4C+6G",7,HDD,1.4
Transource,i5,6634,Intel(R) Core(TM) i5-7600 CPU @ 3.50GHz,16,HDD,2.2
Transource,i7,9685,Intel(R) Core(TM) i7-7700K CPU @ 4.20GHz,16,SSD,4.9
Transource,i7,9685,Intel(R) Core(TM) i7-7700K CPU @ 4.20GHz,16,SSD,4.6
Dell,i5,5663,Intel(R) Core(TM) i5-6500 CPU @ 3.20GHz,8,HDD,2.5
Transource,i3,4326,Intel(R) Core(TM) i3-7100 CPU @ 3.90GHz,8,HDD,3.7
HP,Xeon E3,5262,Intel(R) Xeon(R) CPU E3-1225 v3 @ 3.20GHz,8,HDD,2.5
HP,Xeon E3,5262,Intel(R) Xeon(R) CPU E3-1225 v3 @ 3.20GHz,8,HDD,1.6
Dell,Xeon E3,5477,Intel(R) Xeon(R) CPU E3-1226 v3 @ 3.30GHz,8,HDD,3
Dell,Xeon E3,5477,Intel(R) Xeon(R) CPU E3-1226 v3 @ 3.30GHz,12,HDD,2
Dell,Xeon E3,5477,Intel(R) Xeon(R) CPU E3-1226 v3 @ 3.30GHz,16,HDD,2.7
Dell,Xeon E3,5477,Intel(R) Xeon(R) CPU E3-1226 v3 @ 3.30GHz,16,HDD,3.9
HP,i5,3413,Intel(R) Core(TM) i5-7200U CPU @ 2.50GHz,31,SSD,4
HP,i5,3413,Intel(R) Core(TM) i5-7200U CPU @ 2.50GHz,7,HDD,1.4
HP,i5,7533,Intel(R) Core(TM) i5-8300H CPU @ 2.30GHz,15,HDD,4.5
HP,i5,5493,Intel(R) Core(TM) i5-7440HQ CPU @ 2.80GHz,15,HDD,3.2
HP,i7,5323,Intel(R) Core(TM) i7-4700MQ CPU @ 2.40GHz,7,HDD,0.6
HP,i5,5493,Intel(R) Core(TM) i5-7440HQ CPU @ 2.80GHz,16,SSD,3.9
HP,i5,3413,Intel(R) Core(TM) i5-7200U CPU @ 2.50GHz,7,HDD,1.3
HP,i5,1817,Intel(R) Core(TM) i5-4302Y CPU @ 1.60GHz,8,SSD,4.5
HP,Pentium,3755,Intel(R) Pentium(R) Gold G5500 CPU @ 3.80GHz,15,HDD,1.8
LENOVO,i7,11533,Intel(R) Core(TM) i7-9850H CPU @ 2.60GHz,16,HDD,4.4
Dell,i7,15512,Intel(R) Core(TM) i7-10875H CPU @ 2.30GHz,32,SSD,4.5
HP,i5,3260,Intel(R) Core(TM) i5-6300U CPU @ 2.40GHz,8,HDD,2.5
HP,i5,3260,Intel(R) Core(TM) i5-6300U CPU @ 2.40GHz,8,HDD,3.1
HP,i5,3260,Intel(R) Core(TM) i5-6300U CPU @ 2.40GHz,8,HDD,3.8
HP,i5,3260,Intel(R) Core(TM) i5-6300U CPU @ 2.40GHz,8,SSD,1
HP,i5,3260,Intel(R) Core(TM) i5-6300U CPU @ 2.40GHz,8,HDD,2.9
HP,i5,3260,Intel(R) Core(TM) i5-6300U CPU @ 2.40GHz,16,HDD,2.8
HP,i5,3260,Intel(R) Core(TM) i5-6300U CPU @ 2.40GHz,8,HDD,3
HP,i5,3260,Intel(R) Core(TM) i5-6300U CPU @ 2.40GHz,8,HDD,2.4
HP,i5,3260,Intel(R) Core(TM) i5-6300U CPU @ 2.40GHz,16,HDD,3.4
HP,i5,3260,Intel(R) Core(TM) i5-6300U CPU @ 2.40GHz,16,HDD,1.8
HP,i5,3260,Intel(R) Core(TM) i5-6300U CPU @ 2.40GHz,8,HDD,2.9
HP,i5,3260,Intel(R) Core(TM) i5-6300U CPU @ 2.40GHz,8,HDD,3.1
HP,i5,3260,Intel(R) Core(TM) i5-6300U CPU @ 2.40GHz,8,HDD,3
HP,i5,3260,Intel(R) Core(TM) i5-6300U CPU @ 2.40GHz,8,HDD,1.5
HP,i5,3260,Intel(R) Core(TM) i5-6300U CPU @ 2.40GHz,8,HDD,2.7
HP,i5,3260,Intel(R) Core(TM) i5-6300U CPU @ 2.40GHz,8,HDD,2.2
HP,i5,3260,Intel(R) Core(TM) i5-6300U CPU @ 2.40GHz,8,HDD,3.1
HP,i5,3260,Intel(R) Core(TM) i5-6300U CPU @ 2.40GHz,8,HDD,3.1
HP,i5,3260,Intel(R) Core(TM) i5-6300U CPU @ 2.40GHz,8,HDD,1.6
HP,i5,3260,Intel(R) Core(TM) i5-6300U CPU @ 2.40GHz,8,HDD,3.7
HP,i5,3260,Intel(R) Core(TM) i5-6300U CPU @ 2.40GHz,8,HDD,1.5
HP,i5,3260,Intel(R) Core(TM) i5-6300U CPU @ 2.40GHz,8,HDD,3.8
HP,i5,3260,Intel(R) Core(TM) i5-6300U CPU @ 2.40GHz,8,HDD,1.3
HP,i5,3260,Intel(R) Core(TM) i5-6300U CPU @ 2.40GHz,16,HDD,1.4
HP,i5,3413,Intel(R) Core(TM) i5-7200U CPU @ 2.50GHz,8,HDD,2.8
HP,i5,3260,Intel(R) Core(TM) i5-6300U CPU @ 2.40GHz,16,SSD,3
Dell,i7,15512,Intel(R) Core(TM) i7-10875H CPU @ 2.30GHz,32,SSD,3.9
HP,i5,1817,Intel(R) Core(TM) i5-4302Y CPU @ 1.60GHz,8,SSD,3.6
HP,i5,1817,Intel(R) Core(TM) i5-4302Y CPU @ 1.60GHz,8,SSD,1.9
HP,i5,1817,Intel(R) Core(TM) i5-4302Y CPU @ 1.60GHz,8,SSD,2.6
HP,AMD PRO A10,3594,"AMD PRO A10-8770 R7, 10 COMPUTE CORES 4C+6G",15,SSD,2.6
HP,AMD PRO A10,3594,"AMD PRO A10-8770 R7, 10 COMPUTE CORES 4C+6G",15,SSD,3.1
HP,AMD PRO A10,3594,"AMD PRO A10-8770 R7, 10 COMPUTE CORES 4C+6G",15,SSD,2.8
HP,AMD PRO A10,3594,"AMD PRO A10-8770 R7, 10 COMPUTE CORES 4C+6G",15,SSD,3.2
HP,AMD PRO A10,3594,"AMD PRO A10-8770 R7, 10 COMPUTE CORES 4C+6G",15,SSD,3.7
HP,AMD PRO A10,3594,"AMD PRO A10-8770 R7, 10 COMPUTE CORES 4C+6G",15,SSD,2.4
HP,AMD PRO A10,3594,"AMD PRO A10-8770 R7, 10 COMPUTE CORES 4C+6G",15,SSD,2.6
HP,AMD PRO A10,3594,"AMD PRO A10-8770 R7, 10 COMPUTE CORES 4C+6G",15,SSD,2.6
HP,AMD PRO A10,3594,"AMD PRO A10-8770 R7, 10 COMPUTE CORES 4C+6G",15,SSD,0.9
HP,AMD PRO A10,3594,"AMD PRO A10-8770 R7, 10 COMPUTE CORES 4C+6G",15,SSD,2.5
HP,AMD PRO A10,3594,"AMD PRO A10-8770 R7, 10 COMPUTE CORES 4C+6G",7,SSD,2.2
HP,AMD PRO A10,3594,"AMD PRO A10-8770 R7, 10 COMPUTE CORES 4C+6G",15,SSD,4.3
Ace Computers,AMD PRO Ryzen 5,17831,AMD Ryzen 5 3600 6-Core Processor,64,HDD,4.2
HP,AMD PRO A10,3594,"AMD PRO A10-8770 R7, 10 COMPUTE CORES 4C+6G",15,SSD,2.2
LENOVO,AMD PRO A8,3347,"AMD PRO A8-9600 R7, 10 COMPUTE CORES 4C+6G",7,HDD,2.1
LENOVO,AMD PRO A8,3347,"AMD PRO A8-9600 R7, 10 COMPUTE CORES 4C+6G",7,HDD,1.7
HP,AMD PRO A8,3347,"AMD PRO A8-9600 R7, 10 COMPUTE CORES 4C+6G",7,HDD,1.9
LENOVO,AMD PRO A8,3347,"AMD PRO A8-9600 R7, 10 COMPUTE CORES 4C+6G",7,HDD,2.3
LENOVO,AMD PRO A8,3347,"AMD PRO A8-9600 R7, 10 COMPUTE CORES 4C+6G",7,HDD,2.7
LENOVO,AMD PRO A8,3347,"AMD PRO A8-9600 R7, 10 COMPUTE CORES 4C+6G",7,HDD,0.1
LENOVO,AMD PRO A8,3347,"AMD PRO A8-9600 R7, 10 COMPUTE CORES 4C+6G",7,HDD,2.5
LENOVO,AMD PRO A8,3347,"AMD PRO A8-9600 R7, 10 COMPUTE CORES 4C+6G",7,HDD,2.8
LENOVO,AMD PRO A8,3347,"AMD PRO A8-9600 R7, 10 COMPUTE CORES 4C+6G",7,HDD,2.9
LENOVO,i7,11226,Intel(R) Core(TM) i7-9750H CPU @ 2.60GHz,16,HDD,3.7
LENOVO,i7,11226,Intel(R) Core(TM) i7-9750H CPU @ 2.60GHz,16,HDD,3.4
GETAC,i5,5949,Intel(R) Core(TM) i5-8250U CPU @ 1.60GHz,8,SSD,2.6
GETAC,i5,5949,Intel(R) Core(TM) i5-8250U CPU @ 1.60GHz,8,SSD,3.1
GETAC,i5,5949,Intel(R) Core(TM) i5-8250U CPU @ 1.60GHz,8,SSD,3.6
GETAC,i5,5949,Intel(R) Core(TM) i5-8250U CPU @ 1.60GHz,8,SSD,4.2
GETAC,i5,5949,Intel(R) Core(TM) i5-8250U CPU @ 1.60GHz,8,SSD,3.4
GETAC,i5,5949,Intel(R) Core(TM) i5-8250U CPU @ 1.60GHz,8,SSD,2.2
GETAC,i5,5949,Intel(R) Core(TM) i5-8250U CPU @ 1.60GHz,8,SSD,3.4
GETAC,i5,5949,Intel(R) Core(TM) i5-8250U CPU @ 1.60GHz,16,SSD,4.6
GETAC,i5,3025,Intel(R) Core(TM) i5-6200U CPU @ 2.30GHz,8,SSD,1.3
GETAC,i5,5949,Intel(R) Core(TM) i5-8250U CPU @ 1.60GHz,16,SSD,3.4
GETAC,i5,5949,Intel(R) Core(TM) i5-8250U CPU @ 1.60GHz,16,SSD,2.5
Dell,i5,14567,Intel(R) Core(TM) i5-10400H CPU @ 2.60GHz,32,SSD,3.3
Dell,i5,9022,Intel(R) Core(TM) i5-10400H CPU @ 2.60GHz,32,SSD,4.4
LENOVO,i7,6551,Intel(R) Core(TM) i7-6700HQ CPU @ 2.60GHz,16,SSD,4.4
LENOVO,i7,6551,Intel(R) Core(TM) i7-6700HQ CPU @ 2.60GHz,16,SSD,3.1
LENOVO,i7,6551,Intel(R) Core(TM) i7-6700HQ CPU @ 2.60GHz,16,SSD,3.7
LENOVO,i7,6551,Intel(R) Core(TM) i7-6700HQ CPU @ 2.60GHz,16,SSD,2.4
LENOVO,i7,6551,Intel(R) Core(TM) i7-6700HQ CPU @ 2.60GHz,16,SSD,4.5
LENOVO,i7,6551,Intel(R) Core(TM) i7-6700HQ CPU @ 2.60GHz,16,SSD,3.7
LENOVO,i7,6551,Intel(R) Core(TM) i7-6700HQ CPU @ 2.60GHz,16,SSD,3.6
LENOVO,i7,6551,Intel(R) Core(TM) i7-6700HQ CPU @ 2.60GHz,16,SSD,3.5
LENOVO,i7,6551,Intel(R) Core(TM) i7-6700HQ CPU @ 2.60GHz,16,SSD,4.2
LENOVO,i7,6551,Intel(R) Core(TM) i7-6700HQ CPU @ 2.60GHz,16,HDD,2.4
LENOVO,i7,6551,Intel(R) Core(TM) i7-6700HQ CPU @ 2.60GHz,16,HDD,1.6
Dell,i5,9022,Intel(R) Core(TM) i5-10400H CPU @ 2.60GHz,32,SSD,4.2
Dell,i5,9022,Intel(R) Core(TM) i5-10400H CPU @ 2.60GHz,32,SSD,3.7
Dell,i5,9022,Intel(R) Core(TM) i5-10400H CPU @ 2.60GHz,32,SSD,3.8
HP,i5,3260,Intel(R) Core(TM) i5-6300U CPU @ 2.40GHz,8,HDD,1.2
LENOVO,i7,6551,Intel(R) Core(TM) i7-6700HQ CPU @ 2.60GHz,16,HDD,4.5
LENOVO,i7,6551,Intel(R) Core(TM) i7-6700HQ CPU @ 2.60GHz,16,HDD,4.3
LENOVO,i7,6551,Intel(R) Core(TM) i7-6700HQ CPU @ 2.60GHz,16,HDD,1.4
LENOVO,i7,6551,Intel(R) Core(TM) i7-6700HQ CPU @ 2.60GHz,16,HDD,3.8
LENOVO,i7,6551,Intel(R) Core(TM) i7-6700HQ CPU @ 2.60GHz,16,HDD,3.5
LENOVO,i7,6551,Intel(R) Core(TM) i7-6700HQ CPU @ 2.60GHz,16,HDD,3.8
LENOVO,i7,6551,Intel(R) Core(TM) i7-6700HQ CPU @ 2.60GHz,16,HDD,3.1
HP,i7,6551,Intel(R) Core(TM) i7-6700HQ CPU @ 2.60GHz,16,HDD,3
HP,i7,6551,Intel(R) Core(TM) i7-6700HQ CPU @ 2.60GHz,16,HDD,3.2
HP,i5,3413,Intel(R) Core(TM) i5-7200U CPU @ 2.50GHz,16,SSD,1.7
HP,i7,6551,Intel(R) Core(TM) i7-6700HQ CPU @ 2.60GHz,16,HDD,3.7
HP,i5,3413,Intel(R) Core(TM) i5-7200U CPU @ 2.50GHz,16,HDD,3.3
HP,i5,3413,Intel(R) Core(TM) i5-7200U CPU @ 2.50GHz,8,SSD,3
Dell,i5,9022,Intel(R) Core(TM) i5-10400H CPU @ 2.60GHz,32,SSD,3.5
Dell,i5,9022,Intel(R) Core(TM) i5-10400H CPU @ 2.60GHz,32,SSD,4.1
Dell,i5,9022,Intel(R) Core(TM) i5-10400H CPU @ 2.60GHz,32,SSD,4.6
LENOVO,i7,6551,Intel(R) Core(TM) i7-6700HQ CPU @ 2.60GHz,16,SSD,4.4
Dell,i5,9022,Intel(R) Core(TM) i5-10400H CPU @ 2.60GHz,32,SSD,3.6
LENOVO,i7,6551,Intel(R) Core(TM) i7-6700HQ CPU @ 2.60GHz,16,HDD,3.4
Dell,Xeon E3,5477,Intel(R) Xeon(R) CPU E3-1226 v3 @ 3.30GHz,32,HDD,3.4
HP,AMD PRO A10,3184,"AMD A10 PRO-7800B R7, 12 Compute Cores 4C+8G",7,HDD,2.8
HP,Xeon E3,5262,Intel(R) Xeon(R) CPU E3-1225 v3 @ 3.20GHz,8,HDD,3.3
HP,AMD PRO A12,3848,"AMD PRO A12-8870 R7, 12 COMPUTE CORES 4C+8G",7,SSD,0.9
HP,AMD PRO A8,3204,"AMD PRO A8-8650B R7, 10 Compute Cores 4C+6G",7,HDD,0.7
HP,AMD PRO A8,3204,"AMD PRO A8-8650B R7, 10 Compute Cores 4C+6G",7,HDD,3.3
HP,AMD PRO A8,3204,"AMD PRO A8-8650B R7, 10 Compute Cores 4C+6G",7,HDD,4.1
HP,AMD PRO A8,3204,"AMD PRO A8-8650B R7, 10 Compute Cores 4C+6G",7,HDD,2.2
HP,AMD PRO A8,3204,"AMD PRO A8-8650B R7, 10 Compute Cores 4C+6G",7,HDD,2.2
HP,AMD PRO A8,3204,"AMD PRO A8-8650B R7, 10 Compute Cores 4C+6G",7,HDD,2.9
HP,AMD PRO A8,3204,"AMD PRO A8-8650B R7, 10 Compute Cores 4C+6G",7,HDD,1.9
HP,i5,6109,Intel(R) Core(TM) i5-6600 CPU @ 3.30GHz,8,HDD,2.5
HP,i5,6109,Intel(R) Core(TM) i5-6600 CPU @ 3.30GHz,8,HDD,3.4
HP,i5,6109,Intel(R) Core(TM) i5-6600 CPU @ 3.30GHz,8,HDD,2.1
HP,i5,6109,Intel(R) Core(TM) i5-6600 CPU @ 3.30GHz,16,HDD,3.1
HP,i5,6109,Intel(R) Core(TM) i5-6600 CPU @ 3.30GHz,16,HDD,2.7
HP,i5,6109,Intel(R) Core(TM) i5-6600 CPU @ 3.30GHz,16,HDD,3.3
HP,i5,6109,Intel(R) Core(TM) i5-6600 CPU @ 3.30GHz,16,HDD,3.9
HP,AMD PRO A10,3184,"AMD A10 PRO-7800B R7, 12 Compute Cores 4C+8G",11,HDD,2.9
HP,Xeon E5,6535,Intel(R) Xeon(R) CPU E5-1620 v2 @ 3.70GHz,16,HDD,2.7
HP,i5,6109,Intel(R) Core(TM) i5-6600 CPU @ 3.30GHz,8,HDD,3.2
HP,i5,6109,Intel(R) Core(TM) i5-6600 CPU @ 3.30GHz,8,HDD,1.7
HP,i5,6109,Intel(R) Core(TM) i5-6600 CPU @ 3.30GHz,8,HDD,4.6
HP,AMD PRO A12,3848,"AMD PRO A12-8870 R7, 12 COMPUTE CORES 4C+8G",7,SSD,2.5
HP,i5,6109,Intel(R) Core(TM) i5-6600 CPU @ 3.30GHz,16,HDD,3.7
HP,i5,6109,Intel(R) Core(TM) i5-6600 CPU @ 3.30GHz,8,HDD,3.2
GETAC,i5,3025,Intel(R) Core(TM) i5-6200U CPU @ 2.30GHz,8,SSD,3.1
GETAC,i5,3025,Intel(R) Core(TM) i5-6200U CPU @ 2.30GHz,8,SSD,4.6
GETAC,i5,3025,Intel(R) Core(TM) i5-6200U CPU @ 2.30GHz,8,SSD,3
GETAC,i5,3025,Intel(R) Core(TM) i5-6200U CPU @ 2.30GHz,8,SSD,4.7
GETAC,i5,3025,Intel(R) Core(TM) i5-6200U CPU @ 2.30GHz,8,SSD,3.4
GETAC,i5,3025,Intel(R) Core(TM) i5-6200U CPU @ 2.30GHz,8,SSD,3.8
GETAC,i5,3025,Intel(R) Core(TM) i5-6200U CPU @ 2.30GHz,8,SSD,2.5
HP,i5,3260,Intel(R) Core(TM) i5-6300U CPU @ 2.40GHz,8,HDD,2.7
HP,i5,3260,Intel(R) Core(TM) i5-6300U CPU @ 2.40GHz,8,HDD,2.5
HP,i5,3260,Intel(R) Core(TM) i5-6300U CPU @ 2.40GHz,8,HDD,2.8
HP,i5,3260,Intel(R) Core(TM) i5-6300U CPU @ 2.40GHz,8,HDD,1.7
HP,i5,3260,Intel(R) Core(TM) i5-6300U CPU @ 2.40GHz,8,HDD,3.2
HP,i5,3260,Intel(R) Core(TM) i5-6300U CPU @ 2.40GHz,8,HDD,2.2
HP,i5,3260,Intel(R) Core(TM) i5-6300U CPU @ 2.40GHz,8,HDD,3
HP,i5,3260,Intel(R) Core(TM) i5-6300U CPU @ 2.40GHz,8,HDD,3.4
HP,i5,3260,Intel(R) Core(TM) i5-6300U CPU @ 2.40GHz,8,HDD,3
HP,i5,3413,Intel(R) Core(TM) i5-7200U CPU @ 2.50GHz,8,HDD,3.1
HP,i5,3260,Intel(R) Core(TM) i5-6300U CPU @ 2.40GHz,8,HDD,3
HP,i5,3260,Intel(R) Core(TM) i5-6300U CPU @ 2.40GHz,8,HDD,2.9
GETAC,i5,3025,Intel(R) Core(TM) i5-6200U CPU @ 2.30GHz,8,SSD,1.3
GETAC,i5,3025,Intel(R) Core(TM) i5-6200U CPU @ 2.30GHz,8,SSD,0
GETAC,i5,3025,Intel(R) Core(TM) i5-6200U CPU @ 2.30GHz,8,SSD,0
GETAC,i5,3025,Intel(R) Core(TM) i5-6200U CPU @ 2.30GHz,8,SSD,0
GETAC,i5,3025,Intel(R) Core(TM) i5-6200U CPU @ 2.30GHz,8,SSD,3.2
GETAC,i5,3025,Intel(R) Core(TM) i5-6200U CPU @ 2.30GHz,8,SSD,0
Transource,i7,9685,Intel(R) Core(TM) i7-7700K CPU @ 4.20GHz,8,HDD,2.5
Transource,i7,9685,Intel(R) Core(TM) i7-7700K CPU @ 4.20GHz,8,HDD,2.1
HP,i5,2850,Intel(R) Core(TM) i5-7Y57 CPU @ 1.20GHz,4,SSD,1.4
HP,i7,6551,Intel(R) Core(TM) i7-6700HQ CPU @ 2.60GHz,16,HDD,2.9
HP,i7,6551,Intel(R) Core(TM) i7-6700HQ CPU @ 2.60GHz,32,HDD,1.7
HP,i7,6551,Intel(R) Core(TM) i7-6700HQ CPU @ 2.60GHz,32,HDD,2.5
HP,i7,6551,Intel(R) Core(TM) i7-6700HQ CPU @ 2.60GHz,32,HDD,2.9
HP,i7,6551,Intel(R) Core(TM) i7-6700HQ CPU @ 2.60GHz,32,HDD,2.4
HP,i7,6551,Intel(R) Core(TM) i7-6700HQ CPU @ 2.60GHz,32,HDD,2.8
HP,i5,1817,Intel(R) Core(TM) i5-4302Y CPU @ 1.60GHz,8,SSD,2.5
HP,i5,1817,Intel(R) Core(TM) i5-4302Y CPU @ 1.60GHz,8,SSD,4.2
HP,i5,1817,Intel(R) Core(TM) i5-4302Y CPU @ 1.60GHz,8,SSD,3.5
Dell,i5,9022,Intel(R) Core(TM) i5-10400H CPU @ 2.60GHz,32,SSD,1.8
HP,i5,3260,Intel(R) Core(TM) i5-6300U CPU @ 2.40GHz,8,HDD,3.5
HP,i5,3260,Intel(R) Core(TM) i5-6300U CPU @ 2.40GHz,8,HDD,2.5
HP,i5,3260,Intel(R) Core(TM) i5-6300U CPU @ 2.40GHz,8,HDD,2.2
HP,i5,3260,Intel(R) Core(TM) i5-6300U CPU @ 2.40GHz,8,HDD,1.8
HP,i5,3260,Intel(R) Core(TM) i5-6300U CPU @ 2.40GHz,8,HDD,2.2
HP,i5,3413,Intel(R) Core(TM) i5-7200U CPU @ 2.50GHz,16,SSD,2.5
HP,i5,5988,Intel(R) Core(TM) i5-8265U CPU @ 1.60GHz,16,SSD,4.6
HP,i5,5988,Intel(R) Core(TM) i5-8265U CPU @ 1.60GHz,16,SSD,4.2
HP,i5,3413,Intel(R) Core(TM) i5-7200U CPU @ 2.50GHz,16,SSD,2.5
HP,i5,3413,Intel(R) Core(TM) i5-7200U CPU @ 2.50GHz,16,SSD,2.9
HP,i5,3413,Intel(R) Core(TM) i5-7200U CPU @ 2.50GHz,16,SSD,3.4
HP,i5,3413,Intel(R) Core(TM) i5-7200U CPU @ 2.50GHz,8,HDD,2.9
HP,i5,5949,Intel(R) Core(TM) i5-8250U CPU @ 1.60GHz,16,SSD,3.7
HP,i5,5949,Intel(R) Core(TM) i5-8250U CPU @ 1.60GHz,16,SSD,2.6
HP,i5,5949,Intel(R) Core(TM) i5-8250U CPU @ 1.60GHz,16,SSD,1.6
HP,i5,5949,Intel(R) Core(TM) i5-8250U CPU @ 1.60GHz,16,SSD,1.1
HP,i5,5949,Intel(R) Core(TM) i5-8250U CPU @ 1.60GHz,16,SSD,3.9
HP,i5,5949,Intel(R) Core(TM) i5-8250U CPU @ 1.60GHz,16,SSD,3.6
HP,i5,3413,Intel(R) Core(TM) i5-7200U CPU @ 2.50GHz,16,SSD,1.4
HP,i5,3413,Intel(R) Core(TM) i5-7200U CPU @ 2.50GHz,16,HDD,4.4
HP,i5,3413,Intel(R) Core(TM) i5-7200U CPU @ 2.50GHz,16,SSD,4.6
HP,i5,3413,Intel(R) Core(TM) i5-7200U CPU @ 2.50GHz,16,SSD,3.3
HP,i5,3413,Intel(R) Core(TM) i5-7200U CPU @ 2.50GHz,16,HDD,4.6
HP,i5,5949,Intel(R) Core(TM) i5-8250U CPU @ 1.60GHz,16,SSD,3.6
HP,i5,5949,Intel(R) Core(TM) i5-8250U CPU @ 1.60GHz,16,SSD,2.1
HP,i5,3413,Intel(R) Core(TM) i5-7200U CPU @ 2.50GHz,16,HDD,2.4
HP,i5,5949,Intel(R) Core(TM) i5-8250U CPU @ 1.60GHz,16,SSD,2
HP,i5,3413,Intel(R) Core(TM) i5-7200U CPU @ 2.50GHz,16,SSD,3.5
Dell,i7,7149,Intel(R) Core(TM) i7-7820HQ CPU @ 2.90GHz,16,SSD,4.4
Dell,i7,7149,Intel(R) Core(TM) i7-7820HQ CPU @ 2.90GHz,16,SSD,4.7
HP,i7,10423,Intel(R) Core(TM) i7-8850H CPU @ 2.60GHz,32,SSD,4.6
HP,i5,3413,Intel(R) Core(TM) i5-7200U CPU @ 2.50GHz,8,HDD,3
HP,i5,3413,Intel(R) Core(TM) i5-7200U CPU @ 2.50GHz,8,HDD,3.3
HP,i5,3413,Intel(R) Core(TM) i5-7200U CPU @ 2.50GHz,8,HDD,3.4
HP,i5,3413,Intel(R) Core(TM) i5-7200U CPU @ 2.50GHz,16,SSD,3.5
HP,i5,3413,Intel(R) Core(TM) i5-7200U CPU @ 2.50GHz,15,SSD,3.7
HP,Xeon E3,7004,Intel(R) Xeon(R) CPU E3-1505M v6 @ 3.00GHz,64,HDD,2.6
HP,i5,3260,Intel(R) Core(TM) i5-6300U CPU @ 2.40GHz,8,HDD,3.7
HP,i5,3413,Intel(R) Core(TM) i5-7200U CPU @ 2.50GHz,16,SSD,2.2
HP,i5,3260,Intel(R) Core(TM) i5-6300U CPU @ 2.40GHz,8,HDD,4
HP,i5,3260,Intel(R) Core(TM) i5-6300U CPU @ 2.40GHz,8,HDD,2.5
HP,i5,3260,Intel(R) Core(TM) i5-6300U CPU @ 2.40GHz,8,HDD,1.5
HP,i5,3260,Intel(R) Core(TM) i5-6300U CPU @ 2.40GHz,16,HDD,3.1
HP,i5,3260,Intel(R) Core(TM) i5-6300U CPU @ 2.40GHz,8,HDD,3.1
HP,i5,3260,Intel(R) Core(TM) i5-6300U CPU @ 2.40GHz,8,HDD,2.1
HP,i5,3260,Intel(R) Core(TM) i5-6300U CPU @ 2.40GHz,8,HDD,2
HP,i5,3413,Intel(R) Core(TM) i5-7200U CPU @ 2.50GHz,8,HDD,2.8
HP,i5,3413,Intel(R) Core(TM) i5-7200U CPU @ 2.50GHz,8,HDD,3.6
Dell,i5,6343,Intel(R) Core(TM) i5-8350U CPU @ 1.70GHz,8,SSD,4.6
HP,i5,3025,Intel(R) Core(TM) i5-6200U CPU @ 2.30GHz,8,HDD,3
HP,i5,3413,Intel(R) Core(TM) i5-7200U CPU @ 2.50GHz,8,SSD,4
HP,i5,3413,Intel(R) Core(TM) i5-7200U CPU @ 2.50GHz,8,HDD,2.7
HP,i7,6475,Intel(R) Core(TM) i7-8665U CPU @ 1.90GHz,32,SSD,1.1
HP,i5,3260,Intel(R) Core(TM) i5-6300U CPU @ 2.40GHz,8,HDD,1.8
HP,i5,3260,Intel(R) Core(TM) i5-6300U CPU @ 2.40GHz,8,HDD,1.8
HP,i5,3260,Intel(R) Core(TM) i5-6300U CPU @ 2.40GHz,8,HDD,2.5
HP,i5,3413,Intel(R) Core(TM) i5-7200U CPU @ 2.50GHz,8,HDD,2.6
HP,i5,3413,Intel(R) Core(TM) i5-7200U CPU @ 2.50GHz,8,SSD,3.6
Dell,i5,8360,Intel(R) Core(TM) i5-9400H CPU @ 2.50GHz,32,SSD,4.3
HP,i5,3413,Intel(R) Core(TM) i5-7200U CPU @ 2.50GHz,8,HDD,2.4
HP,i5,2895,Intel(R) Core(TM) i5-4210M CPU @ 2.60GHz,15,HDD,4
HP,i5,3260,Intel(R) Core(TM) i5-6300U CPU @ 2.40GHz,8,HDD,3.9
HP,i7,10423,Intel(R) Core(TM) i7-8850H CPU @ 2.60GHz,15,HDD,4.3
HP,i5,3413,Intel(R) Core(TM) i5-7200U CPU @ 2.50GHz,15,HDD,3.5
Dell,i7,7149,Intel(R) Core(TM) i7-7820HQ CPU @ 2.90GHz,8,HDD,3.7
HP,i5,3413,Intel(R) Core(TM) i5-7200U CPU @ 2.50GHz,7,HDD,2.9
HP,i5,5949,Intel(R) Core(TM) i5-8250U CPU @ 1.60GHz,15,SSD,4.5
HP,i5,5949,Intel(R) Core(TM) i5-8250U CPU @ 1.60GHz,15,SSD,3
HP,i5,5949,Intel(R) Core(TM) i5-8250U CPU @ 1.60GHz,15,SSD,4.5
HP,i5,5949,Intel(R) Core(TM) i5-8250U CPU @ 1.60GHz,31,SSD,4.9
HP,i5,5949,Intel(R) Core(TM) i5-8250U CPU @ 1.60GHz,31,SSD,4.2
HP,i5,3413,Intel(R) Core(TM) i5-7200U CPU @ 2.50GHz,15,HDD,3.6
HP,i5,5493,Intel(R) Core(TM) i5-7440HQ CPU @ 2.80GHz,15,HDD,4.8
Dell,i5,3732,Intel(R) Core(TM) i5-7300U CPU @ 2.60GHz,16,SSD,4.1
HP,i5,3413,Intel(R) Core(TM) i5-7200U CPU @ 2.50GHz,15,HDD,2.9
LENOVO,i5,3413,Intel(R) Core(TM) i5-7200U CPU @ 2.50GHz,16,SSD,3.9
HP,i5,5949,Intel(R) Core(TM) i5-8250U CPU @ 1.60GHz,15,SSD,3.9
HP,i5,3413,Intel(R) Core(TM) i5-7200U CPU @ 2.50GHz,31,HDD,2.4
HP,i5,3413,Intel(R) Core(TM) i5-7200U CPU @ 2.50GHz,15,SSD,1.2
HP,i5,3413,Intel(R) Core(TM) i5-7200U CPU @ 2.50GHz,15,SSD,1.8
Dell,i7,7149,Intel(R) Core(TM) i7-7820HQ CPU @ 2.90GHz,8,HDD,4.4
HP,i7,5230,Intel(R) Core(TM) i7-4712MQ CPU @ 2.30GHz,15,HDD,4.8
HP,i5,3413,Intel(R) Core(TM) i5-7200U CPU @ 2.50GHz,7,HDD,2.5
HP,i5,3413,Intel(R) Core(TM) i5-7200U CPU @ 2.50GHz,7,HDD,1.8
HP,i5,3413,Intel(R) Core(TM) i5-7200U CPU @ 2.50GHz,7,HDD,4
HP,i5,1817,Intel(R) Core(TM) i5-4302Y CPU @ 1.60GHz,8,SSD,3.7
HP,i5,1817,Intel(R) Core(TM) i5-4302Y CPU @ 1.60GHz,7,SSD,2.9
HP,i5,3732,Intel(R) Core(TM) i5-7300U CPU @ 2.60GHz,15,SSD,2.9
HP,i5,3260,Intel(R) Core(TM) i5-6300U CPU @ 2.40GHz,8,HDD,2.4
HP,i5,3260,Intel(R) Core(TM) i5-6300U CPU @ 2.40GHz,8,HDD,1.6
HP,i5,3260,Intel(R) Core(TM) i5-6300U CPU @ 2.40GHz,8,HDD,2.7
HP,i5,3260,Intel(R) Core(TM) i5-6300U CPU @ 2.40GHz,8,HDD,4.3
Dell,i5,9022,Intel(R) Core(TM) i5-10400H CPU @ 2.60GHz,16,SSD,4.5
HP,i5,1817,Intel(R) Core(TM) i5-4302Y CPU @ 1.60GHz,8,SSD,2.3
Dell,i7,15512,Intel(R) Core(TM) i7-10875H CPU @ 2.30GHz,32,SSD,4.8
GETAC,i5,5949,Intel(R) Core(TM) i5-8250U CPU @ 1.60GHz,8,SSD,4.8
Dell,i5,9022,Intel(R) Core(TM) i5-10400H CPU @ 2.60GHz,32,SSD,3.6
LENOVO,i7,6551,Intel(R) Core(TM) i7-6700HQ CPU @ 2.60GHz,16,SSD,1.8
LENOVO,i7,6551,Intel(R) Core(TM) i7-6700HQ CPU @ 2.60GHz,16,SSD,4.3
LENOVO,i7,6551,Intel(R) Core(TM) i7-6700HQ CPU @ 2.60GHz,16,SSD,3.2
LENOVO,i7,6551,Intel(R) Core(TM) i7-6700HQ CPU @ 2.60GHz,16,SSD,3.9
Dell,i5,9022,Intel(R) Core(TM) i5-10400H CPU @ 2.60GHz,32,SSD,3.5
HP,i5,3260,Intel(R) Core(TM) i5-6300U CPU @ 2.40GHz,8,HDD,2.2
LENOVO,i7,6551,Intel(R) Core(TM) i7-6700HQ CPU @ 2.60GHz,16,HDD,3.7
HP,i7,6551,Intel(R) Core(TM) i7-6700HQ CPU @ 2.60GHz,16,HDD,3.3
HP,i5,3413,Intel(R) Core(TM) i5-7200U CPU @ 2.50GHz,16,SSD,2.2
HP,i5,3413,Intel(R) Core(TM) i5-7200U CPU @ 2.50GHz,16,HDD,2.2
Dell,i5,9022,Intel(R) Core(TM) i5-10400H CPU @ 2.60GHz,32,SSD,3.4
LENOVO,i7,6551,Intel(R) Core(TM) i7-6700HQ CPU @ 2.60GHz,16,HDD,4.2
Dell,i5,9022,Intel(R) Core(TM) i5-10400H CPU @ 2.60GHz,32,SSD,4
LENOVO,i7,6551,Intel(R) Core(TM) i7-6700HQ CPU @ 2.60GHz,16,SSD,4.6
HP,i5,3260,Intel(R) Core(TM) i5-6300U CPU @ 2.40GHz,8,HDD,1.4
HP,i5,3260,Intel(R) Core(TM) i5-6300U CPU @ 2.40GHz,8,HDD,2.3
HP,i5,3260,Intel(R) Core(TM) i5-6300U CPU @ 2.40GHz,8,HDD,3.7
HP,i5,3413,Intel(R) Core(TM) i5-7200U CPU @ 2.50GHz,16,HDD,4.5
HP,i5,3260,Intel(R) Core(TM) i5-6300U CPU @ 2.40GHz,8,HDD,2.7
HP,i5,3260,Intel(R) Core(TM) i5-6300U CPU @ 2.40GHz,8,HDD,2.8
LENOVO,i7,6551,Intel(R) Core(TM) i7-6700HQ CPU @ 2.60GHz,16,SSD,3.5
HP,i5,5493,Intel(R) Core(TM) i5-7440HQ CPU @ 2.80GHz,16,HDD,3.7
LENOVO,i7,6551,Intel(R) Core(TM) i7-6700HQ CPU @ 2.60GHz,16,SSD,4.7
HP,i7,6551,Intel(R) Core(TM) i7-6700HQ CPU @ 2.60GHz,16,HDD,4.2
Dell,i5,9022,Intel(R) Core(TM) i5-10400H CPU @ 2.60GHz,32,SSD,5
Dell,i5,9022,Intel(R) Core(TM) i5-10400H CPU @ 2.60GHz,32,SSD,4.2
HP,i7,6551,Intel(R) Core(TM) i7-6700HQ CPU @ 2.60GHz,16,HDD,2.6
HP,i7,6551,Intel(R) Core(TM) i7-6700HQ CPU @ 2.60GHz,16,HDD,3.7
HP,i5,3260,Intel(R) Core(TM) i5-6300U CPU @ 2.40GHz,16,SSD,0.3
HP,i5,3260,Intel(R) Core(TM) i5-6300U CPU @ 2.40GHz,16,HDD,4.2
Dell,Xeon E3,8243,Intel(R) Xeon(R) CPU E3-1535M v6 @ 3.10GHz,32,SSD,5
HP,i5,3260,Intel(R) Core(TM) i5-6300U CPU @ 2.40GHz,8,HDD,3.5
HP,i5,3260,Intel(R) Core(TM) i5-6300U CPU @ 2.40GHz,8,SSD,2
HP,i5,3413,Intel(R) Core(TM) i5-7200U CPU @ 2.50GHz,16,SSD,4
Dell,i5,9022,Intel(R) Core(TM) i5-10400H CPU @ 2.60GHz,32,SSD,4.5
HP,i5,3413,Intel(R) Core(TM) i5-7200U CPU @ 2.50GHz,16,HDD,3.3
HP,i5,3413,Intel(R) Core(TM) i5-7200U CPU @ 2.50GHz,16,SSD,4.2
HP,i5,3413,Intel(R) Core(TM) i5-7200U CPU @ 2.50GHz,16,SSD,3.6
HP,i5,3260,Intel(R) Core(TM) i5-6300U CPU @ 2.40GHz,8,HDD,3
HP,i5,3260,Intel(R) Core(TM) i5-6300U CPU @ 2.40GHz,8,HDD,3.6
Dell,i5,6670,Intel(R) Core(TM) i5-10310U CPU @ 1.70GHz,16,SSD,4.2
HP,AMD PRO A8,3347,"AMD PRO A8-9600 R7, 10 COMPUTE CORES 4C+6G",7,SSD,3.2
Dell,i5,6343,Intel(R) Core(TM) i5-8350U CPU @ 1.70GHz,8,SSD,3.4
HP,i5,3260,Intel(R) Core(TM) i5-6300U CPU @ 2.40GHz,16,HDD,4.1
HP,i5,3413,Intel(R) Core(TM) i5-7200U CPU @ 2.50GHz,16,SSD,4.5
HP,i5,3413,Intel(R) Core(TM) i5-7200U CPU @ 2.50GHz,16,SSD,2.6
HP,i5,1817,Intel(R) Core(TM) i5-4302Y CPU @ 1.60GHz,8,SSD,3.3
HP,i5,1817,Intel(R) Core(TM) i5-4302Y CPU @ 1.60GHz,7,SSD,3.3
HP,i5,1817,Intel(R) Core(TM) i5-4302Y CPU @ 1.60GHz,8,SSD,3.3
HP,i5,3413,Intel(R) Core(TM) i5-7200U CPU @ 2.50GHz,16,HDD,3.5
Dell,i7,15512,Intel(R) Core(TM) i7-10875H CPU @ 2.30GHz,32,SSD,2.6
HP,i7,6551,Intel(R) Core(TM) i7-6700HQ CPU @ 2.60GHz,32,HDD,4.2
HP,i7,6551,Intel(R) Core(TM) i7-6700HQ CPU @ 2.60GHz,32,HDD,3.9
HP,i7,6551,Intel(R) Core(TM) i7-6700HQ CPU @ 2.60GHz,32,HDD,4.5
HP,i7,6551,Intel(R) Core(TM) i7-6700HQ CPU @ 2.60GHz,32,HDD,1.8
HP,i5,5949,Intel(R) Core(TM) i5-8250U CPU @ 1.60GHz,16,SSD,5
HP,i5,5949,Intel(R) Core(TM) i5-8250U CPU @ 1.60GHz,16,SSD,2.5
Panasonic,i5,3732,Intel(R) Core(TM) i5-7300U CPU @ 2.60GHz,16,SSD,1.5
HP,i5,3260,Intel(R) Core(TM) i5-6300U CPU @ 2.40GHz,8,HDD,4.3
HP,i5,1475,Intel(R) Core(TM) i5-7Y54 CPU @ 1.20GHz,8,SSD,2.6
HP,i7,6551,Intel(R) Core(TM) i7-6700HQ CPU @ 2.60GHz,32,HDD,3.8
HP,i7,6551,Intel(R) Core(TM) i7-6700HQ CPU @ 2.60GHz,32,HDD,5
HP,i7,6551,Intel(R) Core(TM) i7-6700HQ CPU @ 2.60GHz,32,HDD,1
HP,i7,6551,Intel(R) Core(TM) i7-6700HQ CPU @ 2.60GHz,32,HDD,4.2
HP,i5,3413,Intel(R) Core(TM) i5-7200U CPU @ 2.50GHz,8,HDD,2.3
Dell,i7,6416,Intel(R) Core(TM) i7-8650U CPU @ 1.90GHz,16,SSD,4.4
HP,i5,1817,Intel(R) Core(TM) i5-4302Y CPU @ 1.60GHz,8,SSD,1.5
HP,i5,3413,Intel(R) Core(TM) i5-7200U CPU @ 2.50GHz,15,HDD,1.6
HP,i5,3260,Intel(R) Core(TM) i5-6300U CPU @ 2.40GHz,7,HDD,2.7
HP,i5,3260,Intel(R) Core(TM) i5-6300U CPU @ 2.40GHz,8,HDD,2.1
Dell,i5,9022,Intel(R) Core(TM) i5-10400H CPU @ 2.60GHz,32,SSD,2.9
Dell,i5,9022,Intel(R) Core(TM) i5-10400H CPU @ 2.60GHz,32,SSD,2.7
HP,i5,3413,Intel(R) Core(TM) i5-7200U CPU @ 2.50GHz,8,HDD,2.3
HP,i5,3260,Intel(R) Core(TM) i5-6300U CPU @ 2.40GHz,8,HDD,3.9
HP,i5,3260,Intel(R) Core(TM) i5-6300U CPU @ 2.40GHz,8,HDD,3.5
Dell,i5,9022,Intel(R) Core(TM) i5-10400H CPU @ 2.60GHz,32,SSD,4.8
HP,i5,3413,Intel(R) Core(TM) i5-7200U CPU @ 2.50GHz,16,SSD,2.8
HP,i5,3413,Intel(R) Core(TM) i5-7200U CPU @ 2.50GHz,16,HDD,4.3
Dell,i7,7149,Intel(R) Core(TM) i7-7820HQ CPU @ 2.90GHz,32,SSD,4.4
HP,i5,3413,Intel(R) Core(TM) i5-7200U CPU @ 2.50GHz,8,HDD,2.2
HP,i5,3260,Intel(R) Core(TM) i5-6300U CPU @ 2.40GHz,8,HDD,5
HP,i5,3260,Intel(R) Core(TM) i5-6300U CPU @ 2.40GHz,16,HDD,3.4
HP,i5,3260,Intel(R) Core(TM) i5-6300U CPU @ 2.40GHz,8,HDD,0.2
HP,i5,3260,Intel(R) Core(TM) i5-6300U CPU @ 2.40GHz,8,HDD,1.9
HP,i5,3260,Intel(R) Core(TM) i5-6300U CPU @ 2.40GHz,8,HDD,2.8
HP,i5,3413,Intel(R) Core(TM) i5-7200U CPU @ 2.50GHz,8,SSD,2.3
HP,i5,3260,Intel(R) Core(TM) i5-6300U CPU @ 2.40GHz,8,HDD,2.4
HP,i5,3260,Intel(R) Core(TM) i5-6300U CPU @ 2.40GHz,8,HDD,1.3
HP,i5,3260,Intel(R) Core(TM) i5-6300U CPU @ 2.40GHz,16,HDD,3.7
HP,i5,3260,Intel(R) Core(TM) i5-6300U CPU @ 2.40GHz,16,HDD,2.6
HP,i5,3260,Intel(R) Core(TM) i5-6300U CPU @ 2.40GHz,8,HDD,3
Dell,i5,9022,Intel(R) Core(TM) i5-10400H CPU @ 2.60GHz,32,SSD,4.8
Dell,i5,6343,Intel(R) Core(TM) i5-8350U CPU @ 1.70GHz,16,HDD,4.6
Dell,i7,6945,Intel(R) Core(TM) i7-6820HQ CPU @ 2.70GHz,8,HDD,2.4
HP,i5,3413,Intel(R) Core(TM) i5-7200U CPU @ 2.50GHz,16,HDD,3.8
HP,i5,3413,Intel(R) Core(TM) i5-7200U CPU @ 2.50GHz,16,HDD,2.9
HP,i7,6551,Intel(R) Core(TM) i7-6700HQ CPU @ 2.60GHz,8,HDD,1.6
HP,i5,3260,Intel(R) Core(TM) i5-6300U CPU @ 2.40GHz,8,HDD,2.1
HP,i5,3260,Intel(R) Core(TM) i5-6300U CPU @ 2.40GHz,8,HDD,2.4
HP,i5,3413,Intel(R) Core(TM) i5-7200U CPU @ 2.50GHz,8,HDD,1.3
HP,i5,3413,Intel(R) Core(TM) i5-7200U CPU @ 2.50GHz,8,SSD,3.7
HP,i5,3413,Intel(R) Core(TM) i5-7200U CPU @ 2.50GHz,16,SSD,3.3
HP,i5,7533,Intel(R) Core(TM) i5-8300H CPU @ 2.30GHz,16,SSD,4.4
HP,i5,3413,Intel(R) Core(TM) i5-7200U CPU @ 2.50GHz,16,HDD,3.1
Dell,i9,14028,Intel(R) Core(TM) i9-9880H CPU @ 2.30GHz,64,SSD,4.1
Dell,i7,7149,Intel(R) Core(TM) i7-7820HQ CPU @ 2.90GHz,16,HDD,4
HP,AMD PRO A12,3848,"AMD PRO A12-8870 R7, 12 COMPUTE CORES 4C+8G",15,HDD,3.5
HP,AMD PRO A8,3347,"AMD PRO A8-9600 R7, 10 COMPUTE CORES 4C+6G",7,HDD,3.1
HP,i5,3260,Intel(R) Core(TM) i5-6300U CPU @ 2.40GHz,8,HDD,4.8
HP,i5,3260,Intel(R) Core(TM) i5-6300U CPU @ 2.40GHz,8,HDD,2.8
HP,i5,3413,Intel(R) Core(TM) i5-7200U CPU @ 2.50GHz,8,HDD,1.3
HP,i5,3413,Intel(R) Core(TM) i5-7200U CPU @ 2.50GHz,8,HDD,2.9
HP,i5,3260,Intel(R) Core(TM) i5-6300U CPU @ 2.40GHz,8,HDD,3.6
HP,i5,3413,Intel(R) Core(TM) i5-7200U CPU @ 2.50GHz,8,HDD,3.3
HP,i5,3413,Intel(R) Core(TM) i5-7200U CPU @ 2.50GHz,8,HDD,2.9
HP,i5,3413,Intel(R) Core(TM) i5-7200U CPU @ 2.50GHz,8,HDD,3.1
HP,i5,3413,Intel(R) Core(TM) i5-7200U CPU @ 2.50GHz,8,HDD,4.4
HP,i5,3260,Intel(R) Core(TM) i5-6300U CPU @ 2.40GHz,8,HDD,3.1
HP,i5,3260,Intel(R) Core(TM) i5-6300U CPU @ 2.40GHz,8,HDD,3.4
HP,i5,3260,Intel(R) Core(TM) i5-6300U CPU @ 2.40GHz,8,HDD,2.7
Dell,i7,15512,Intel(R) Core(TM) i7-10875H CPU @ 2.30GHz,32,SSD,3.7
HP,i7,6551,Intel(R) Core(TM) i7-6700HQ CPU @ 2.60GHz,32,HDD,2.5
HP,i7,6551,Intel(R) Core(TM) i7-6700HQ CPU @ 2.60GHz,32,HDD,2.9
HP,i5,3413,Intel(R) Core(TM) i5-7200U CPU @ 2.50GHz,8,HDD,3.2
HP,i5,7533,Intel(R) Core(TM) i5-8300H CPU @ 2.30GHz,32,SSD,5
HP,i5,7533,Intel(R) Core(TM) i5-8300H CPU @ 2.30GHz,32,SSD,4.7
HP,i5,3260,Intel(R) Core(TM) i5-6300U CPU @ 2.40GHz,16,HDD,2.6
HP,i5,3260,Intel(R) Core(TM) i5-6300U CPU @ 2.40GHz,8,HDD,4.1
HP,i5,3413,Intel(R) Core(TM) i5-7200U CPU @ 2.50GHz,8,HDD,2.9
HP,i5,3260,Intel(R) Core(TM) i5-6300U CPU @ 2.40GHz,8,HDD,1.8
HP,i5,3260,Intel(R) Core(TM) i5-6300U CPU @ 2.40GHz,8,HDD,1
HP,i5,3260,Intel(R) Core(TM) i5-6300U CPU @ 2.40GHz,8,HDD,1.9
HP,i5,3413,Intel(R) Core(TM) i5-7200U CPU @ 2.50GHz,8,HDD,2.5
HP,i5,3413,Intel(R) Core(TM) i5-7200U CPU @ 2.50GHz,8,HDD,2.8
HP,i5,3413,Intel(R) Core(TM) i5-7200U CPU @ 2.50GHz,8,HDD,2.7
HP,i5,3413,Intel(R) Core(TM) i5-7200U CPU @ 2.50GHz,8,HDD,2.6
HP,i5,3413,Intel(R) Core(TM) i5-7200U CPU @ 2.50GHz,8,HDD,2.4
HP,i5,3413,Intel(R) Core(TM) i5-7200U CPU @ 2.50GHz,8,HDD,4.8
HP,i5,3260,Intel(R) Core(TM) i5-6300U CPU @ 2.40GHz,8,HDD,2.3
HP,i5,3413,Intel(R) Core(TM) i5-7200U CPU @ 2.50GHz,8,HDD,3.4
HP,i5,7533,Intel(R) Core(TM) i5-8300H CPU @ 2.30GHz,16,HDD,4.7
HP,i5,3413,Intel(R) Core(TM) i5-7200U CPU @ 2.50GHz,8,HDD,3.4
HP,i5,3260,Intel(R) Core(TM) i5-6300U CPU @ 2.40GHz,8,HDD,1
HP,i5,3260,Intel(R) Core(TM) i5-6300U CPU @ 2.40GHz,8,HDD,1.8
HP,i5,3413,Intel(R) Core(TM) i5-7200U CPU @ 2.50GHz,8,HDD,3.2
Dell,i7,15512,Intel(R) Core(TM) i7-10875H CPU @ 2.30GHz,32,SSD,4.7
Dell,i7,15512,Intel(R) Core(TM) i7-10875H CPU @ 2.30GHz,32,SSD,3.3
Dell,i7,3633,Intel(R) Core(TM) i7-7600U CPU @ 2.80GHz,32,SSD,4.9
HP,i5,3413,Intel(R) Core(TM) i5-7200U CPU @ 2.50GHz,8,HDD,3.2
HP,i5,3413,Intel(R) Core(TM) i5-7200U CPU @ 2.50GHz,8,HDD,2.2
HP,i5,3413,Intel(R) Core(TM) i5-7200U CPU @ 2.50GHz,8,HDD,4.9
HP,i5,3413,Intel(R) Core(TM) i5-7200U CPU @ 2.50GHz,16,SSD,4
HP,i5,3413,Intel(R) Core(TM) i5-7200U CPU @ 2.50GHz,16,SSD,3.6
HP,i5,3413,Intel(R) Core(TM) i5-7200U CPU @ 2.50GHz,8,HDD,3.4
HP,i5,3413,Intel(R) Core(TM) i5-7200U CPU @ 2.50GHz,8,HDD,2.4
HP,i5,3413,Intel(R) Core(TM) i5-7200U CPU @ 2.50GHz,8,HDD,4.6
Dell,i5,3732,Intel(R) Core(TM) i5-7300U CPU @ 2.60GHz,8,HDD,3.4
Dell,i7,7149,Intel(R) Core(TM) i7-7820HQ CPU @ 2.90GHz,8,HDD,4.1
HP,i5,3260,Intel(R) Core(TM) i5-6300U CPU @ 2.40GHz,8,SSD,2.6
HP,i5,3413,Intel(R) Core(TM) i5-7200U CPU @ 2.50GHz,16,HDD,4.4
HP,i5,3025,Intel(R) Core(TM) i5-6200U CPU @ 2.30GHz,8,HDD,3.2
HP,i7,6551,Intel(R) Core(TM) i7-6700HQ CPU @ 2.60GHz,8,HDD,2.2
HP,i5,3260,Intel(R) Core(TM) i5-6300U CPU @ 2.40GHz,16,HDD,3.9
Dell,i5,6343,Intel(R) Core(TM) i5-8350U CPU @ 1.70GHz,8,SSD,4.3
HP,i5,3413,Intel(R) Core(TM) i5-7200U CPU @ 2.50GHz,16,HDD,3.1
HP,i5,3260,Intel(R) Core(TM) i5-6300U CPU @ 2.40GHz,8,HDD,3.2
HP,i5,3260,Intel(R) Core(TM) i5-6300U CPU @ 2.40GHz,8,HDD,3.7
HP,i5,3260,Intel(R) Core(TM) i5-6300U CPU @ 2.40GHz,8,HDD,0.5
HP,i5,3413,Intel(R) Core(TM) i5-7200U CPU @ 2.50GHz,15,HDD,1.8
HP,i5,3260,Intel(R) Core(TM) i5-6300U CPU @ 2.40GHz,8,HDD,3.2
HP,i5,3260,Intel(R) Core(TM) i5-6300U CPU @ 2.40GHz,8,HDD,3.1
HP,i5,3260,Intel(R) Core(TM) i5-6300U CPU @ 2.40GHz,8,HDD,1.7
HP,i5,3260,Intel(R) Core(TM) i5-6300U CPU @ 2.40GHz,8,HDD,1.3
HP,i5,7533,Intel(R) Core(TM) i5-8300H CPU @ 2.30GHz,32,SSD,4.2
HP,i5,3260,Intel(R) Core(TM) i5-6300U CPU @ 2.40GHz,8,HDD,2.1
HP,i5,3413,Intel(R) Core(TM) i5-7200U CPU @ 2.50GHz,8,HDD,2.7
HP,i5,3260,Intel(R) Core(TM) i5-6300U CPU @ 2.40GHz,8,HDD,3.8
HP,i5,3260,Intel(R) Core(TM) i5-6300U CPU @ 2.40GHz,8,HDD,3.8
HP,i5,3260,Intel(R) Core(TM) i5-6300U CPU @ 2.40GHz,8,HDD,4.1
Dell,i7,7149,Intel(R) Core(TM) i7-7820HQ CPU @ 2.90GHz,16,HDD,2.2
Dell,i7,3633,Intel(R) Core(TM) i7-7600U CPU @ 2.80GHz,16,SSD,4.7
Dell,i7,3633,Intel(R) Core(TM) i7-7600U CPU @ 2.80GHz,16,SSD,3
HP,i5,3413,Intel(R) Core(TM) i5-7200U CPU @ 2.50GHz,32,SSD,2
HP,i5,5949,Intel(R) Core(TM) i5-8250U CPU @ 1.60GHz,32,SSD,2.9
Dell,i7,15512,Intel(R) Core(TM) i7-10875H CPU @ 2.30GHz,32,SSD,2.9
HP,i5,3413,Intel(R) Core(TM) i5-7200U CPU @ 2.50GHz,8,HDD,2.6
HP,i5,3413,Intel(R) Core(TM) i5-7200U CPU @ 2.50GHz,8,HDD,4
HP,i5,3260,Intel(R) Core(TM) i5-6300U CPU @ 2.40GHz,16,SSD,2.6
HP,i5,3260,Intel(R) Core(TM) i5-6300U CPU @ 2.40GHz,8,HDD,2
HP,i5,3413,Intel(R) Core(TM) i5-7200U CPU @ 2.50GHz,16,SSD,4.1
HP,i5,3260,Intel(R) Core(TM) i5-6300U CPU @ 2.40GHz,8,HDD,0.9
HP,i5,3413,Intel(R) Core(TM) i5-7200U CPU @ 2.50GHz,16,HDD,2.5
Dell,i7,15512,Intel(R) Core(TM) i7-10875H CPU @ 2.30GHz,32,SSD,3.9
Dell,i7,7149,Intel(R) Core(TM) i7-7820HQ CPU @ 2.90GHz,16,SSD,4.4
Dell,i7,15512,Intel(R) Core(TM) i7-10875H CPU @ 2.30GHz,32,SSD,3
Dell,i5,6447,Intel(R) Core(TM) i5-10210U CPU @ 1.60GHz,8,SSD,4.9
Dell,i5,6670,Intel(R) Core(TM) i5-10310U CPU @ 1.70GHz,16,SSD,2.7
HP,i5,1817,Intel(R) Core(TM) i5-4302Y CPU @ 1.60GHz,4,SSD,3.5
HP,i5,1475,Intel(R) Core(TM) i5-7Y54 CPU @ 1.20GHz,8,SSD,0.5
FUJITSU,i5,6371,Intel(R) Core(TM) i5-8365U CPU @ 1.60GHz,16,SSD,3.8
Other,i5,4836,Intel(R) Core(TM) i5-10210Y CPU @ 1.00GHz,16,SSD,3
Dell,i5,9022,Intel(R) Core(TM) i5-10400H CPU @ 2.60GHz,32,SSD,4.7
Dell,i5,9022,Intel(R) Core(TM) i5-10400H CPU @ 2.60GHz,32,SSD,4.9
Dell,i5,8360,Intel(R) Core(TM) i5-9400H CPU @ 2.50GHz,32,SSD,4.5
HP,i7,6551,Intel(R) Core(TM) i7-6700HQ CPU @ 2.60GHz,16,HDD,1.2
Dell,i7,15512,Intel(R) Core(TM) i7-10875H CPU @ 2.30GHz,64,SSD,3.9
HP,i5,3413,Intel(R) Core(TM) i5-7200U CPU @ 2.50GHz,16,HDD,1.2
HP,i5,3260,Intel(R) Core(TM) i5-6300U CPU @ 2.40GHz,8,HDD,3.2
Dell,i5,9022,Intel(R) Core(TM) i5-10400H CPU @ 2.60GHz,32,SSD,4.3
HP,i5,3413,Intel(R) Core(TM) i5-7200U CPU @ 2.50GHz,16,SSD,2.1
LENOVO,i7,6551,Intel(R) Core(TM) i7-6700HQ CPU @ 2.60GHz,16,SSD,4.9
LENOVO,i7,6551,Intel(R) Core(TM) i7-6700HQ CPU @ 2.60GHz,16,SSD,4.3
HP,i7,6551,Intel(R) Core(TM) i7-6700HQ CPU @ 2.60GHz,16,HDD,4.1
HP,i7,6551,Intel(R) Core(TM) i7-6700HQ CPU @ 2.60GHz,16,HDD,3.1
HP,i7,6551,Intel(R) Core(TM) i7-6700HQ CPU @ 2.60GHz,16,HDD,4.1
HP,i7,6551,Intel(R) Core(TM) i7-6700HQ CPU @ 2.60GHz,16,HDD,4.2
FUJITSU,i5,6371,Intel(R) Core(TM) i5-8365U CPU @ 1.60GHz,16,SSD,3.6
HP,i5,3260,Intel(R) Core(TM) i5-6300U CPU @ 2.40GHz,8,HDD,4.8
HP,i5,3260,Intel(R) Core(TM) i5-6300U CPU @ 2.40GHz,8,HDD,3.9
HP,i5,3260,Intel(R) Core(TM) i5-6300U CPU @ 2.40GHz,8,HDD,2.4
HP,i5,3260,Intel(R) Core(TM) i5-6300U CPU @ 2.40GHz,8,HDD,2.7
Dell,i7,15512,Intel(R) Core(TM) i7-10875H CPU @ 2.30GHz,32,SSD,3.2
Dell,i7,15512,Intel(R) Core(TM) i7-10875H CPU @ 2.30GHz,64,SSD,3.8
HP,i5,3260,Intel(R) Core(TM) i5-6300U CPU @ 2.40GHz,8,HDD,3
HP,i5,3260,Intel(R) Core(TM) i5-6300U CPU @ 2.40GHz,16,HDD,3.4
HP,i5,3413,Intel(R) Core(TM) i5-7200U CPU @ 2.50GHz,8,HDD,2.5
HP,i5,3260,Intel(R) Core(TM) i5-6300U CPU @ 2.40GHz,8,HDD,2.1
HP,i7,10423,Intel(R) Core(TM) i7-8850H CPU @ 2.60GHz,64,SSD,4.5
HP,i5,3413,Intel(R) Core(TM) i5-7200U CPU @ 2.50GHz,16,HDD,4
HP,i5,3260,Intel(R) Core(TM) i5-6300U CPU @ 2.40GHz,8,HDD,4.1
HP,i5,3260,Intel(R) Core(TM) i5-6300U CPU @ 2.40GHz,8,SSD,2.2
HP,i5,3260,Intel(R) Core(TM) i5-6300U CPU @ 2.40GHz,8,SSD,4.4
HP,i5,3260,Intel(R) Core(TM) i5-6300U CPU @ 2.40GHz,8,SSD,2.7
HP,i5,3260,Intel(R) Core(TM) i5-6300U CPU @ 2.40GHz,16,SSD,4.3
LENOVO,i7,6551,Intel(R) Core(TM) i7-6700HQ CPU @ 2.60GHz,16,SSD,2.7
LENOVO,i7,6551,Intel(R) Core(TM) i7-6700HQ CPU @ 2.60GHz,16,SSD,3.8
LENOVO,i7,6551,Intel(R) Core(TM) i7-6700HQ CPU @ 2.60GHz,16,SSD,4.6
HP,i5,1817,Intel(R) Core(TM) i5-4302Y CPU @ 1.60GHz,8,SSD,2.3
Dell,i5,3260,Intel(R) Core(TM) i5-6300U CPU @ 2.40GHz,16,SSD,2.1
LENOVO,i7,6551,Intel(R) Core(TM) i7-6700HQ CPU @ 2.60GHz,16,SSD,4.6
LENOVO,i7,6551,Intel(R) Core(TM) i7-6700HQ CPU @ 2.60GHz,16,SSD,3.5
LENOVO,i7,6551,Intel(R) Core(TM) i7-6700HQ CPU @ 2.60GHz,32,SSD,2.4
LENOVO,i7,6551,Intel(R) Core(TM) i7-6700HQ CPU @ 2.60GHz,16,SSD,2.7
HP,i7,6551,Intel(R) Core(TM) i7-6700HQ CPU @ 2.60GHz,16,HDD,3.6
HP,i7,6551,Intel(R) Core(TM) i7-6700HQ CPU @ 2.60GHz,16,HDD,2.5
Dell,i5,9022,Intel(R) Core(TM) i5-10400H CPU @ 2.60GHz,32,SSD,4.7
Dell,i5,9022,Intel(R) Core(TM) i5-10400H CPU @ 2.60GHz,32,SSD,3.9
LENOVO,i7,6551,Intel(R) Core(TM) i7-6700HQ CPU @ 2.60GHz,16,SSD,4.4
LENOVO,i7,6551,Intel(R) Core(TM) i7-6700HQ CPU @ 2.60GHz,16,SSD,3.8
Dell,i5,9022,Intel(R) Core(TM) i5-10400H CPU @ 2.60GHz,32,SSD,4.1
HP,i7,6551,Intel(R) Core(TM) i7-6700HQ CPU @ 2.60GHz,16,HDD,4.1
HP,i7,6551,Intel(R) Core(TM) i7-6700HQ CPU @ 2.60GHz,16,HDD,3.2
Dell,i5,9022,Intel(R) Core(TM) i5-10400H CPU @ 2.60GHz,32,SSD,4.3
Dell,i5,9022,Intel(R) Core(TM) i5-10400H CPU @ 2.60GHz,32,SSD,4.9
Dell,i5,9022,Intel(R) Core(TM) i5-10400H CPU @ 2.60GHz,32,SSD,4.3
HP,i5,1817,Intel(R) Core(TM) i5-4302Y CPU @ 1.60GHz,8,SSD,1.9
HP,i5,3260,Intel(R) Core(TM) i5-6300U CPU @ 2.40GHz,8,HDD,1.3
HP,i5,3413,Intel(R) Core(TM) i5-7200U CPU @ 2.50GHz,8,HDD,2.2
HP,i7,6551,Intel(R) Core(TM) i7-6700HQ CPU @ 2.60GHz,32,HDD,4
HP,i7,6551,Intel(R) Core(TM) i7-6700HQ CPU @ 2.60GHz,32,HDD,2.7
HP,i7,6551,Intel(R) Core(TM) i7-6700HQ CPU @ 2.60GHz,32,HDD,3.9
HP,i7,6551,Intel(R) Core(TM) i7-6700HQ CPU @ 2.60GHz,32,HDD,4.1
HP,i5,3260,Intel(R) Core(TM) i5-6300U CPU @ 2.40GHz,8,HDD,3.1
HP,i5,3260,Intel(R) Core(TM) i5-6300U CPU @ 2.40GHz,8,HDD,3.9
HP,i5,3413,Intel(R) Core(TM) i5-7200U CPU @ 2.50GHz,8,SSD,2.2
Dell,i7,7149,Intel(R) Core(TM) i7-7820HQ CPU @ 2.90GHz,32,SSD,3.5
HP,i7,6475,Intel(R) Core(TM) i7-8665U CPU @ 1.90GHz,32,SSD,5
HP,i5,1475,Intel(R) Core(TM) i5-7Y54 CPU @ 1.20GHz,8,SSD,3.5
Dell,i7,15512,Intel(R) Core(TM) i7-10875H CPU @ 2.30GHz,64,SSD,4.2
Dell,i7,15512,Intel(R) Core(TM) i7-10875H CPU @ 2.30GHz,64,SSD,4.3
HP,i5,3260,Intel(R) Core(TM) i5-6300U CPU @ 2.40GHz,8,HDD,3.7
HP,i5,3260,Intel(R) Core(TM) i5-6300U CPU @ 2.40GHz,8,HDD,2.3
HP,i5,3260,Intel(R) Core(TM) i5-6300U CPU @ 2.40GHz,8,HDD,0.3
HP,i5,3260,Intel(R) Core(TM) i5-6300U CPU @ 2.40GHz,8,HDD,4
HP,i5,3260,Intel(R) Core(TM) i5-6300U CPU @ 2.40GHz,8,HDD,2.7
HP,i5,3260,Intel(R) Core(TM) i5-6300U CPU @ 2.40GHz,16,HDD,1.7
HP,i5,3260,Intel(R) Core(TM) i5-6300U CPU @ 2.40GHz,8,HDD,3.3
HP,i5,3260,Intel(R) Core(TM) i5-6300U CPU @ 2.40GHz,8,HDD,1.9
HP,i5,3260,Intel(R) Core(TM) i5-6300U CPU @ 2.40GHz,8,HDD,3.1
Dell,i7,7149,Intel(R) Core(TM) i7-7820HQ CPU @ 2.90GHz,16,HDD,2.6
LENOVO,i5,8360,Intel(R) Core(TM) i5-9400H CPU @ 2.50GHz,16,HDD,3.2
HP,i5,3260,Intel(R) Core(TM) i5-6300U CPU @ 2.40GHz,8,HDD,2.4
HP,i5,3260,Intel(R) Core(TM) i5-6300U CPU @ 2.40GHz,8,HDD,1.3
HP,i5,3260,Intel(R) Core(TM) i5-6300U CPU @ 2.40GHz,8,HDD,4
HP,i5,3260,Intel(R) Core(TM) i5-6300U CPU @ 2.40GHz,8,HDD,1.9
HP,i5,3413,Intel(R) Core(TM) i5-7200U CPU @ 2.50GHz,8,HDD,3.9
HP,i5,3260,Intel(R) Core(TM) i5-6300U CPU @ 2.40GHz,8,HDD,2
HP,i5,3413,Intel(R) Core(TM) i5-7200U CPU @ 2.50GHz,8,HDD,1.8
HP,i5,3413,Intel(R) Core(TM) i5-7200U CPU @ 2.50GHz,8,HDD,2.7
HP,i5,3413,Intel(R) Core(TM) i5-7200U CPU @ 2.50GHz,7,HDD,1.8
HP,i5,3413,Intel(R) Core(TM) i5-7200U CPU @ 2.50GHz,8,HDD,3.9
Dell,i7,7149,Intel(R) Core(TM) i7-7820HQ CPU @ 2.90GHz,8,HDD,3.7
HP,i5,3025,Intel(R) Core(TM) i5-6200U CPU @ 2.30GHz,8,HDD,4.2
HP,i5,3260,Intel(R) Core(TM) i5-6300U CPU @ 2.40GHz,8,HDD,3.8
HP,Xeon E3,7004,Intel(R) Xeon(R) CPU E3-1505M v6 @ 3.00GHz,31,SSD,4.2
HP,i5,5949,Intel(R) Core(TM) i5-8250U CPU @ 1.60GHz,16,SSD,4.5
GETAC,i5,3413,Intel(R) Core(TM) i5-7200U CPU @ 2.50GHz,8,SSD,2.9
HP,i5,3413,Intel(R) Core(TM) i5-7200U CPU @ 2.50GHz,8,HDD,2.9
Dell,i7,15512,Intel(R) Core(TM) i7-10875H CPU @ 2.30GHz,64,SSD,4.6
Dell,i5,9022,Intel(R) Core(TM) i5-10400H CPU @ 2.60GHz,16,SSD,4.6
Dell,i5,9022,Intel(R) Core(TM) i5-10400H CPU @ 2.60GHz,16,SSD,4.7
Dell,i5,9022,Intel(R) Core(TM) i5-10400H CPU @ 2.60GHz,16,SSD,1.5
Dell,i5,9022,Intel(R) Core(TM) i5-10400H CPU @ 2.60GHz,16,SSD,4.6
Dell,i5,9022,Intel(R) Core(TM) i5-10400H CPU @ 2.60GHz,16,SSD,0.6
Dell,i7,15512,Intel(R) Core(TM) i7-10875H CPU @ 2.30GHz,32,SSD,4.4
Dell,i5,9022,Intel(R) Core(TM) i5-10400H CPU @ 2.60GHz,32,SSD,4.5
Dell,i5,9022,Intel(R) Core(TM) i5-10400H CPU @ 2.60GHz,32,SSD,4.8
Dell,i5,9022,Intel(R) Core(TM) i5-10400H CPU @ 2.60GHz,32,SSD,4
Dell,i7,15512,Intel(R) Core(TM) i7-10875H CPU @ 2.30GHz,64,SSD,3.6
HP,i5,3260,Intel(R) Core(TM) i5-6300U CPU @ 2.40GHz,8,HDD,0.5
HP,i5,3260,Intel(R) Core(TM) i5-6300U CPU @ 2.40GHz,16,HDD,4.5
Dell,i7,3261,Intel(R) Core(TM) i7-10810U CPU @ 1.10GHz,16,SSD,4.2
Dell,i7,6416,Intel(R) Core(TM) i7-8650U CPU @ 1.90GHz,16,SSD,4.2
HP,i5,3260,Intel(R) Core(TM) i5-6300U CPU @ 2.40GHz,8,HDD,4.9
HP,i5,3260,Intel(R) Core(TM) i5-6300U CPU @ 2.40GHz,16,HDD,4
HP,i5,3413,Intel(R) Core(TM) i5-7200U CPU @ 2.50GHz,16,SSD,4.6
HP,i5,3413,Intel(R) Core(TM) i5-7200U CPU @ 2.50GHz,16,SSD,3.1
HP,i5,3413,Intel(R) Core(TM) i5-7200U CPU @ 2.50GHz,16,SSD,3.6
HP,i5,3413,Intel(R) Core(TM) i5-7200U CPU @ 2.50GHz,16,SSD,1.2
HP,i5,3413,Intel(R) Core(TM) i5-7200U CPU @ 2.50GHz,16,HDD,4.8
HP,i5,5949,Intel(R) Core(TM) i5-8250U CPU @ 1.60GHz,16,SSD,3.4
HP,i5,5949,Intel(R) Core(TM) i5-8250U CPU @ 1.60GHz,16,SSD,4.6
HP,i5,5949,Intel(R) Core(TM) i5-8250U CPU @ 1.60GHz,16,SSD,4.3
HP,i5,5949,Intel(R) Core(TM) i5-8250U CPU @ 1.60GHz,16,SSD,4.9
HP,i5,5988,Intel(R) Core(TM) i5-8265U CPU @ 1.60GHz,16,SSD,4.6
HP,i5,5949,Intel(R) Core(TM) i5-8250U CPU @ 1.60GHz,16,SSD,4.3
HP,i5,5949,Intel(R) Core(TM) i5-8250U CPU @ 1.60GHz,16,SSD,4.4
HP,i5,5949,Intel(R) Core(TM) i5-8250U CPU @ 1.60GHz,16,SSD,4.3
HP,i5,3413,Intel(R) Core(TM) i5-7200U CPU @ 2.50GHz,16,SSD,4.5
Dell,i7,15512,Intel(R) Core(TM) i7-10875H CPU @ 2.30GHz,32,SSD,4.2
HP,i5,3260,Intel(R) Core(TM) i5-6300U CPU @ 2.40GHz,8,HDD,3.2
HP,i5,3260,Intel(R) Core(TM) i5-6300U CPU @ 2.40GHz,8,HDD,1.6
HP,i5,3260,Intel(R) Core(TM) i5-6300U CPU @ 2.40GHz,8,HDD,2.9
HP,i5,3260,Intel(R) Core(TM) i5-6300U CPU @ 2.40GHz,8,HDD,2
HP,i5,3260,Intel(R) Core(TM) i5-6300U CPU @ 2.40GHz,8,HDD,4.4
HP,i5,3260,Intel(R) Core(TM) i5-6300U CPU @ 2.40GHz,16,HDD,3.9
Dell,i5,9022,Intel(R) Core(TM) i5-10400H CPU @ 2.60GHz,16,SSD,4.6
HP,i5,3413,Intel(R) Core(TM) i5-7200U CPU @ 2.50GHz,8,SSD,3.9
Dell,i5,9022,Intel(R) Core(TM) i5-10400H CPU @ 2.60GHz,32,SSD,4.4
HP,i5,3260,Intel(R) Core(TM) i5-6300U CPU @ 2.40GHz,8,HDD,1.7
Dell,i7,7149,Intel(R) Core(TM) i7-7820HQ CPU @ 2.90GHz,16,HDD,3.9
HP,i5,3260,Intel(R) Core(TM) i5-6300U CPU @ 2.40GHz,8,HDD,4.1
HP,i5,3260,Intel(R) Core(TM) i5-6300U CPU @ 2.40GHz,8,HDD,3.7
Dell,i5,8360,Intel(R) Core(TM) i5-9400H CPU @ 2.50GHz,32,SSD,4.3
Dell,i7,11533,Intel(R) Core(TM) i7-9850H CPU @ 2.60GHz,32,SSD,4
HP,i5,5949,Intel(R) Core(TM) i5-8250U CPU @ 1.60GHz,16,SSD,3.5
Dell,i5,8360,Intel(R) Core(TM) i5-9400H CPU @ 2.50GHz,32,SSD,4.4
HP,i5,5949,Intel(R) Core(TM) i5-8250U CPU @ 1.60GHz,16,SSD,4.2
Dell,i7,11533,Intel(R) Core(TM) i7-9850H CPU @ 2.60GHz,32,SSD,2.8
HP,i5,3260,Intel(R) Core(TM) i5-6300U CPU @ 2.40GHz,16,HDD,4
Dell,i7,7149,Intel(R) Core(TM) i7-7820HQ CPU @ 2.90GHz,16,HDD,3.8
HP,i5,5949,Intel(R) Core(TM) i5-8250U CPU @ 1.60GHz,31,SSD,4.5
HP,i7,10423,Intel(R) Core(TM) i7-8850H CPU @ 2.60GHz,31,SSD,2.7
HP,i5,3413,Intel(R) Core(TM) i5-7200U CPU @ 2.50GHz,16,SSD,4.2
HP,i5,7533,Intel(R) Core(TM) i5-8300H CPU @ 2.30GHz,32,HDD,4.5
Dell,i5,8360,Intel(R) Core(TM) i5-9400H CPU @ 2.50GHz,32,SSD,3.5
HP,i5,3260,Intel(R) Core(TM) i5-6300U CPU @ 2.40GHz,8,HDD,1.4
HP,i5,3260,Intel(R) Core(TM) i5-6300U CPU @ 2.40GHz,8,HDD,4.7
HP,i5,3260,Intel(R) Core(TM) i5-6300U CPU @ 2.40GHz,8,HDD,3.7
HP,i5,3260,Intel(R) Core(TM) i5-6300U CPU @ 2.40GHz,8,HDD,4
HP,i5,3260,Intel(R) Core(TM) i5-6300U CPU @ 2.40GHz,8,HDD,3.3
HP,i5,3413,Intel(R) Core(TM) i5-7200U CPU @ 2.50GHz,16,HDD,4.2
HP,i5,3413,Intel(R) Core(TM) i5-7200U CPU @ 2.50GHz,16,HDD,4.7
HP,i5,5949,Intel(R) Core(TM) i5-8250U CPU @ 1.60GHz,32,SSD,3.6
HP,i5,5949,Intel(R) Core(TM) i5-8250U CPU @ 1.60GHz,32,SSD,4.9
Dell,i5,8360,Intel(R) Core(TM) i5-9400H CPU @ 2.50GHz,32,SSD,4.1
HP,i5,3413,Intel(R) Core(TM) i5-7200U CPU @ 2.50GHz,16,HDD,3.8
HP,i5,2895,Intel(R) Core(TM) i5-4210M CPU @ 2.60GHz,8,HDD,1.2
HP,i5,3260,Intel(R) Core(TM) i5-6300U CPU @ 2.40GHz,16,SSD,3.6
HP,i5,3260,Intel(R) Core(TM) i5-6300U CPU @ 2.40GHz,8,HDD,3.2
HP,i7,5817,Intel(R) Core(TM) i7-4710MQ CPU @ 2.50GHz,16,SSD,3.9
HP,i7,10423,Intel(R) Core(TM) i7-8850H CPU @ 2.60GHz,32,SSD,1.7
HP,i5,7533,Intel(R) Core(TM) i5-8300H CPU @ 2.30GHz,16,HDD,4.4
HP,i5,3413,Intel(R) Core(TM) i5-7200U CPU @ 2.50GHz,16,SSD,3.7
Ace Computers,i5,10800,Intel(R) Core(TM) i5-9600K CPU @ 3.70GHz,32,HDD,4.6
HP,i5,3260,Intel(R) Core(TM) i5-6300U CPU @ 2.40GHz,8,HDD,3.6
HP,i5,3413,Intel(R) Core(TM) i5-7200U CPU @ 2.50GHz,16,HDD,4.3
HP,i5,3413,Intel(R) Core(TM) i5-7200U CPU @ 2.50GHz,16,HDD,4.9
HP,i7,6551,Intel(R) Core(TM) i7-6700HQ CPU @ 2.60GHz,16,HDD,2.7
HP,i7,6551,Intel(R) Core(TM) i7-6700HQ CPU @ 2.60GHz,16,HDD,4.7
HP,i7,6551,Intel(R) Core(TM) i7-6700HQ CPU @ 2.60GHz,16,HDD,4.1
HP,i7,6551,Intel(R) Core(TM) i7-6700HQ CPU @ 2.60GHz,16,HDD,3
HP,i5,3413,Intel(R) Core(TM) i5-7200U CPU @ 2.50GHz,8,HDD,2.1
HP,i7,6551,Intel(R) Core(TM) i7-6700HQ CPU @ 2.60GHz,16,HDD,4.4
HP,i7,6551,Intel(R) Core(TM) i7-6700HQ CPU @ 2.60GHz,16,HDD,2.6
HP,i5,3413,Intel(R) Core(TM) i5-7200U CPU @ 2.50GHz,8,HDD,4
HP,i7,6551,Intel(R) Core(TM) i7-6700HQ CPU @ 2.60GHz,16,HDD,2.2
HP,i7,6551,Intel(R) Core(TM) i7-6700HQ CPU @ 2.60GHz,16,HDD,4.9
HP,i7,6551,Intel(R) Core(TM) i7-6700HQ CPU @ 2.60GHz,16,HDD,3.6
Dell,i5,9022,Intel(R) Core(TM) i5-10400H CPU @ 2.60GHz,32,SSD,4.8
HP,i5,3413,Intel(R) Core(TM) i5-7200U CPU @ 2.50GHz,8,SSD,4.1
HP,i5,3413,Intel(R) Core(TM) i5-7200U CPU @ 2.50GHz,24,HDD,3.9
HP,i5,3260,Intel(R) Core(TM) i5-6300U CPU @ 2.40GHz,8,HDD,2.2
HP,i5,3260,Intel(R) Core(TM) i5-6300U CPU @ 2.40GHz,8,HDD,1
HP,i5,3260,Intel(R) Core(TM) i5-6300U CPU @ 2.40GHz,8,HDD,2.6
HP,i5,3260,Intel(R) Core(TM) i5-6300U CPU @ 2.40GHz,16,HDD,3.5
HP,i5,3260,Intel(R) Core(TM) i5-6300U CPU @ 2.40GHz,8,HDD,0.8
HP,i5,3260,Intel(R) Core(TM) i5-6300U CPU @ 2.40GHz,8,HDD,3.4
HP,i5,3413,Intel(R) Core(TM) i5-7200U CPU @ 2.50GHz,8,SSD,3.2
HP,i5,3413,Intel(R) Core(TM) i5-7200U CPU @ 2.50GHz,8,SSD,3
HP,i5,3260,Intel(R) Core(TM) i5-6300U CPU @ 2.40GHz,8,HDD,4.8
GETAC,i5,3413,Intel(R) Core(TM) i5-7200U CPU @ 2.50GHz,8,SSD,0.3
HP,i5,3260,Intel(R) Core(TM) i5-6300U CPU @ 2.40GHz,8,HDD,4
HP,i5,3260,Intel(R) Core(TM) i5-6300U CPU @ 2.40GHz,8,HDD,3.5
Dell,i7,15512,Intel(R) Core(TM) i7-10875H CPU @ 2.30GHz,32,SSD,4.8
HP,i5,3260,Intel(R) Core(TM) i5-6300U CPU @ 2.40GHz,8,HDD,2.9
Dell,i7,7032,Intel(R) Core(TM) i7-10610U CPU @ 1.80GHz,16,SSD,1.6
Dell,i7,7032,Intel(R) Core(TM) i7-10610U CPU @ 1.80GHz,16,SSD,3.7
Dell,i7,6945,Intel(R) Core(TM) i7-6820HQ CPU @ 2.70GHz,16,HDD,4.7
LENOVO,i7,6551,Intel(R) Core(TM) i7-6700HQ CPU @ 2.60GHz,16,SSD,1.3
LENOVO,i7,6551,Intel(R) Core(TM) i7-6700HQ CPU @ 2.60GHz,16,SSD,3.6
LENOVO,i7,6551,Intel(R) Core(TM) i7-6700HQ CPU @ 2.60GHz,16,SSD,4.8
LENOVO,i7,6551,Intel(R) Core(TM) i7-6700HQ CPU @ 2.60GHz,16,SSD,3.4
LENOVO,i7,6551,Intel(R) Core(TM) i7-6700HQ CPU @ 2.60GHz,16,SSD,4.5
LENOVO,i7,6551,Intel(R) Core(TM) i7-6700HQ CPU @ 2.60GHz,16,SSD,3.5
LENOVO,i7,6551,Intel(R) Core(TM) i7-6700HQ CPU @ 2.60GHz,16,SSD,3.1
LENOVO,i7,6551,Intel(R) Core(TM) i7-6700HQ CPU @ 2.60GHz,16,SSD,4
LENOVO,i7,6551,Intel(R) Core(TM) i7-6700HQ CPU @ 2.60GHz,16,SSD,4.5
HP,i7,6551,Intel(R) Core(TM) i7-6700HQ CPU @ 2.60GHz,16,HDD,2
HP,i7,6551,Intel(R) Core(TM) i7-6700HQ CPU @ 2.60GHz,16,HDD,2.9
HP,i7,6551,Intel(R) Core(TM) i7-6700HQ CPU @ 2.60GHz,16,HDD,4
Dell,i5,9022,Intel(R) Core(TM) i5-10400H CPU @ 2.60GHz,32,SSD,5
HP,i5,3260,Intel(R) Core(TM) i5-6300U CPU @ 2.40GHz,8,HDD,3.5
HP,i5,3260,Intel(R) Core(TM) i5-6300U CPU @ 2.40GHz,8,HDD,4.8
HP,i5,3260,Intel(R) Core(TM) i5-6300U CPU @ 2.40GHz,16,HDD,3.9
HP,i5,3413,Intel(R) Core(TM) i5-7200U CPU @ 2.50GHz,16,SSD,3.9
HP,i5,3413,Intel(R) Core(TM) i5-7200U CPU @ 2.50GHz,24,SSD,4.2
HP,i5,3413,Intel(R) Core(TM) i5-7200U CPU @ 2.50GHz,8,HDD,3.5
HP,i5,3413,Intel(R) Core(TM) i5-7200U CPU @ 2.50GHz,16,SSD,3.9
HP,i5,3413,Intel(R) Core(TM) i5-7200U CPU @ 2.50GHz,8,HDD,4.1
HP,i5,3413,Intel(R) Core(TM) i5-7200U CPU @ 2.50GHz,16,HDD,4.7
HP,i5,3413,Intel(R) Core(TM) i5-7200U CPU @ 2.50GHz,16,HDD,4.1
HP,i5,3413,Intel(R) Core(TM) i5-7200U CPU @ 2.50GHz,16,SSD,3.6
HP,i5,3413,Intel(R) Core(TM) i5-7200U CPU @ 2.50GHz,16,HDD,2.9
HP,i5,3413,Intel(R) Core(TM) i5-7200U CPU @ 2.50GHz,16,SSD,4
HP,i5,3413,Intel(R) Core(TM) i5-7200U CPU @ 2.50GHz,16,SSD,3.7
HP,i5,3260,Intel(R) Core(TM) i5-6300U CPU @ 2.40GHz,8,HDD,3.8
HP,i5,7533,Intel(R) Core(TM) i5-8300H CPU @ 2.30GHz,32,HDD,3.4
HP,i5,3413,Intel(R) Core(TM) i5-7200U CPU @ 2.50GHz,8,HDD,4.2
HP,i5,3413,Intel(R) Core(TM) i5-7200U CPU @ 2.50GHz,8,HDD,0.9
Dell,i7,15512,Intel(R) Core(TM) i7-10875H CPU @ 2.30GHz,64,SSD,4.7
Dell,i5,9022,Intel(R) Core(TM) i5-10400H CPU @ 2.60GHz,32,SSD,3.7
HP,i5,3260,Intel(R) Core(TM) i5-6300U CPU @ 2.40GHz,8,HDD,1.8
HP,i7,6551,Intel(R) Core(TM) i7-6700HQ CPU @ 2.60GHz,16,HDD,2.9
HP,i5,3260,Intel(R) Core(TM) i5-6300U CPU @ 2.40GHz,16,HDD,3.3
Microsoft,i5,6343,Intel(R) Core(TM) i5-8350U CPU @ 1.70GHz,8,SSD,0.2
HP,i5,3260,Intel(R) Core(TM) i5-6300U CPU @ 2.40GHz,8,HDD,2.1
HP,i5,3260,Intel(R) Core(TM) i5-6300U CPU @ 2.40GHz,8,HDD,4.2
HP,i5,3260,Intel(R) Core(TM) i5-6300U CPU @ 2.40GHz,16,HDD,4.5
HP,i5,3260,Intel(R) Core(TM) i5-6300U CPU @ 2.40GHz,8,HDD,3.3
HP,i7,5230,Intel(R) Core(TM) i7-4712MQ CPU @ 2.30GHz,8,SSD,4.4
Dell,i5,3732,Intel(R) Core(TM) i5-7300U CPU @ 2.60GHz,16,SSD,2.9
Dell,i7,15512,Intel(R) Core(TM) i7-10875H CPU @ 2.30GHz,64,SSD,2.9
HP,i7,6551,Intel(R) Core(TM) i7-6700HQ CPU @ 2.60GHz,16,HDD,3.7
HP,i5,3413,Intel(R) Core(TM) i5-7200U CPU @ 2.50GHz,16,SSD,4.4
Dell,i7,15512,Intel(R) Core(TM) i7-10875H CPU @ 2.30GHz,64,SSD,4.3
HP,i5,3413,Intel(R) Core(TM) i5-7200U CPU @ 2.50GHz,8,HDD,1.5
HP,i5,3413,Intel(R) Core(TM) i5-7200U CPU @ 2.50GHz,16,HDD,3.4
HP,i5,3413,Intel(R) Core(TM) i5-7200U CPU @ 2.50GHz,8,HDD,2.3
HP,i5,3260,Intel(R) Core(TM) i5-6300U CPU @ 2.40GHz,8,HDD,2.2
HP,i5,3260,Intel(R) Core(TM) i5-6300U CPU @ 2.40GHz,16,SSD,3
HP,i5,3413,Intel(R) Core(TM) i5-7200U CPU @ 2.50GHz,16,HDD,4.4
HP,i5,3413,Intel(R) Core(TM) i5-7200U CPU @ 2.50GHz,16,HDD,4
HP,i5,3413,Intel(R) Core(TM) i5-7200U CPU @ 2.50GHz,16,HDD,4.4
Dell,i5,6343,Intel(R) Core(TM) i5-8350U CPU @ 1.70GHz,8,SSD,3.4
HP,i5,3413,Intel(R) Core(TM) i5-7200U CPU @ 2.50GHz,16,HDD,4.1
HP,i5,3413,Intel(R) Core(TM) i5-7200U CPU @ 2.50GHz,16,HDD,1.5
Dell,i5,3260,Intel(R) Core(TM) i5-6300U CPU @ 2.40GHz,8,SSD,3.3
HP,i5,3413,Intel(R) Core(TM) i5-7200U CPU @ 2.50GHz,16,SSD,1.6
HP,i5,3413,Intel(R) Core(TM) i5-7200U CPU @ 2.50GHz,8,HDD,2.3
HP,i5,3413,Intel(R) Core(TM) i5-7200U CPU @ 2.50GHz,16,SSD,3.8
HP,i5,3413,Intel(R) Core(TM) i5-7200U CPU @ 2.50GHz,16,HDD,4
HP,i5,3413,Intel(R) Core(TM) i5-7200U CPU @ 2.50GHz,16,HDD,3.3
HP,i7,5855,Intel(R) Core(TM) i7-4800MQ CPU @ 2.70GHz,31,HDD,2.1
HP,i5,3260,Intel(R) Core(TM) i5-6300U CPU @ 2.40GHz,32,HDD,2.6
HP,i5,3413,Intel(R) Core(TM) i5-7200U CPU @ 2.50GHz,32,HDD,4.3
HP,i5,7533,Intel(R) Core(TM) i5-8300H CPU @ 2.30GHz,16,HDD,3.9
HP,i7,6551,Intel(R) Core(TM) i7-6700HQ CPU @ 2.60GHz,32,HDD,1.1
HP,i5,3260,Intel(R) Core(TM) i5-6300U CPU @ 2.40GHz,8,HDD,3.5
HP,i5,3260,Intel(R) Core(TM) i5-6300U CPU @ 2.40GHz,8,HDD,1.5
HP,i5,3260,Intel(R) Core(TM) i5-6300U CPU @ 2.40GHz,8,HDD,4.1
HP,i5,3260,Intel(R) Core(TM) i5-6300U CPU @ 2.40GHz,8,HDD,2.9
HP,i5,3260,Intel(R) Core(TM) i5-6300U CPU @ 2.40GHz,8,HDD,1.4
HP,i5,3260,Intel(R) Core(TM) i5-6300U CPU @ 2.40GHz,8,HDD,2.6
HP,i5,3260,Intel(R) Core(TM) i5-6300U CPU @ 2.40GHz,8,HDD,1.6
HP,i5,3260,Intel(R) Core(TM) i5-6300U CPU @ 2.40GHz,8,HDD,2
HP,i5,3260,Intel(R) Core(TM) i5-6300U CPU @ 2.40GHz,8,HDD,3.2
HP,i5,3260,Intel(R) Core(TM) i5-6300U CPU @ 2.40GHz,8,HDD,1.5
HP,i5,3260,Intel(R) Core(TM) i5-6300U CPU @ 2.40GHz,8,HDD,3.9
HP,i5,3260,Intel(R) Core(TM) i5-6300U CPU @ 2.40GHz,8,HDD,1.7
HP,i5,3260,Intel(R) Core(TM) i5-6300U CPU @ 2.40GHz,8,HDD,2.1
HP,i5,3260,Intel(R) Core(TM) i5-6300U CPU @ 2.40GHz,8,HDD,2.8
HP,i5,3413,Intel(R) Core(TM) i5-7200U CPU @ 2.50GHz,16,HDD,4.6
HP,i5,3413,Intel(R) Core(TM) i5-7200U CPU @ 2.50GHz,8,HDD,3.4
HP,i5,3413,Intel(R) Core(TM) i5-7200U CPU @ 2.50GHz,8,HDD,3.6
HP,i5,3413,Intel(R) Core(TM) i5-7200U CPU @ 2.50GHz,8,HDD,3.5
HP,i5,3413,Intel(R) Core(TM) i5-7200U CPU @ 2.50GHz,8,HDD,2.9
HP,i5,3413,Intel(R) Core(TM) i5-7200U CPU @ 2.50GHz,16,HDD,3.5
HP,i5,3413,Intel(R) Core(TM) i5-7200U CPU @ 2.50GHz,8,HDD,2.7
HP,i5,3260,Intel(R) Core(TM) i5-6300U CPU @ 2.40GHz,8,HDD,4.4
HP,i5,3413,Intel(R) Core(TM) i5-7200U CPU @ 2.50GHz,8,HDD,3.7
HP,i5,3260,Intel(R) Core(TM) i5-6300U CPU @ 2.40GHz,8,HDD,2.9
HP,i5,3413,Intel(R) Core(TM) i5-7200U CPU @ 2.50GHz,8,HDD,4
HP,i5,3260,Intel(R) Core(TM) i5-6300U CPU @ 2.40GHz,8,HDD,3.4
HP,i5,3260,Intel(R) Core(TM) i5-6300U CPU @ 2.40GHz,8,HDD,3.2
HP,i5,3260,Intel(R) Core(TM) i5-6300U CPU @ 2.40GHz,8,HDD,2.7
HP,i5,3260,Intel(R) Core(TM) i5-6300U CPU @ 2.40GHz,8,HDD,3.5
HP,i5,3260,Intel(R) Core(TM) i5-6300U CPU @ 2.40GHz,8,HDD,0.6
HP,i5,3413,Intel(R) Core(TM) i5-7200U CPU @ 2.50GHz,8,HDD,1.9
HP,i5,3260,Intel(R) Core(TM) i5-6300U CPU @ 2.40GHz,8,HDD,1.8
HP,i5,3413,Intel(R) Core(TM) i5-7200U CPU @ 2.50GHz,8,HDD,3.3
HP,i5,3413,Intel(R) Core(TM) i5-7200U CPU @ 2.50GHz,8,HDD,2.6
HP,i5,3260,Intel(R) Core(TM) i5-6300U CPU @ 2.40GHz,8,HDD,3.4
HP,i5,3260,Intel(R) Core(TM) i5-6300U CPU @ 2.40GHz,8,HDD,1.8
HP,i5,3260,Intel(R) Core(TM) i5-6300U CPU @ 2.40GHz,8,HDD,3.1
HP,i5,3413,Intel(R) Core(TM) i5-7200U CPU @ 2.50GHz,8,HDD,2.4
HP,i5,3413,Intel(R) Core(TM) i5-7200U CPU @ 2.50GHz,8,HDD,1.8
Dell,i7,6945,Intel(R) Core(TM) i7-6820HQ CPU @ 2.70GHz,32,HDD,4
GETAC,i5,3413,Intel(R) Core(TM) i5-7200U CPU @ 2.50GHz,8,SSD,3.8
GETAC,i5,3413,Intel(R) Core(TM) i5-7200U CPU @ 2.50GHz,8,SSD,4.3
GETAC,i5,3413,Intel(R) Core(TM) i5-7200U CPU @ 2.50GHz,8,SSD,0
HP,AMD PRO A8,2148,"AMD PRO A8-8600B R6, 10 Compute Cores 4C+6G",7,HDD,2.7
HP,AMD PRO A12,3848,"AMD PRO A12-8870 R7, 12 COMPUTE CORES 4C+8G",7,SSD,3.5
Dell,Xeon E,13468,Intel(R) Xeon(R) E-2146G CPU @ 3.50GHz,16,SSD,3.9
HP,AMD PRO A8,3204,"AMD PRO A8-8650B R7, 10 Compute Cores 4C+6G",7,HDD,2.8
HP,i5,6109,Intel(R) Core(TM) i5-6600 CPU @ 3.30GHz,8,HDD,3.3
HP,i5,6109,Intel(R) Core(TM) i5-6600 CPU @ 3.30GHz,8,HDD,1.5
HP,AMD PRO A8,3347,"AMD PRO A8-9600 R7, 10 COMPUTE CORES 4C+6G",7,HDD,1.6
HP,AMD PRO A8,3347,"AMD PRO A8-9600 R7, 10 COMPUTE CORES 4C+6G",15,HDD,2.5
HP,AMD PRO A8,3347,"AMD PRO A8-9600 R7, 10 COMPUTE CORES 4C+6G",15,HDD,2.4
HP,AMD PRO A8,3347,"AMD PRO A8-9600 R7, 10 COMPUTE CORES 4C+6G",7,HDD,3.5
HP,AMD PRO A12,3848,"AMD PRO A12-8870 R7, 12 COMPUTE CORES 4C+8G",7,SSD,2.5
HP,AMD PRO A12,3848,"AMD PRO A12-8870 R7, 12 COMPUTE CORES 4C+8G",7,SSD,3
HP,AMD PRO A10,3184,"AMD A10 PRO-7800B R7, 12 Compute Cores 4C+8G",7,HDD,3.3
HP,AMD PRO A10,3184,"AMD A10 PRO-7800B R7, 12 Compute Cores 4C+8G",7,HDD,2.8
HP,AMD PRO A10,3181,"AMD PRO A10-8770E R7, 10 COMPUTE CORES 4C+6G",7,HDD,3.6
HP,AMD PRO A10,3181,"AMD PRO A10-8770E R7, 10 COMPUTE CORES 4C+6G",7,HDD,1.9
HP,AMD PRO A10,3181,"AMD PRO A10-8770E R7, 10 COMPUTE CORES 4C+6G",7,HDD,1.6
Transource,i5,6634,Intel(R) Core(TM) i5-7600 CPU @ 3.50GHz,8,HDD,3.8
Ace Computers,i5,9223,Intel(R) Core(TM) i5-8400 CPU @ 2.80GHz,32,SSD,3.6
HP,AMD PRO A10,3181,"AMD PRO A10-8770E R7, 10 COMPUTE CORES 4C+6G",7,HDD,3.1
Ace Computers,i5,9223,Intel(R) Core(TM) i5-8400 CPU @ 2.80GHz,32,HDD,4.5
HP,AMD PRO A8,3347,"AMD PRO A8-9600 R7, 10 COMPUTE CORES 4C+6G",7,HDD,2.4
LENOVO,i7,6551,Intel(R) Core(TM) i7-6700HQ CPU @ 2.60GHz,16,SSD,4.2
GETAC,i5,5949,Intel(R) Core(TM) i5-8250U CPU @ 1.60GHz,16,SSD,4.2
GETAC,i5,5949,Intel(R) Core(TM) i5-8250U CPU @ 1.60GHz,8,SSD,0
GETAC,i5,3025,Intel(R) Core(TM) i5-6200U CPU @ 2.30GHz,8,SSD,1.1
HP,i7,6551,Intel(R) Core(TM) i7-6700HQ CPU @ 2.60GHz,16,HDD,4.5
Dell,i5,9022,Intel(R) Core(TM) i5-10400H CPU @ 2.60GHz,32,SSD,4.6
HP,i7,6551,Intel(R) Core(TM) i7-6700HQ CPU @ 2.60GHz,16,HDD,3.8
HP,i7,6551,Intel(R) Core(TM) i7-6700HQ CPU @ 2.60GHz,16,HDD,3.1
HP,i7,6551,Intel(R) Core(TM) i7-6700HQ CPU @ 2.60GHz,16,HDD,2.3
GETAC,i5,3413,Intel(R) Core(TM) i5-7200U CPU @ 2.50GHz,8,SSD,2.7
GETAC,i5,3413,Intel(R) Core(TM) i5-7200U CPU @ 2.50GHz,8,SSD,2.2
GETAC,i5,3413,Intel(R) Core(TM) i5-7200U CPU @ 2.50GHz,8,SSD,1.4
HP,AMD PRO A8,3204,"AMD PRO A8-8650B R7, 10 Compute Cores 4C+6G",7,HDD,3.5
HP,i5,6109,Intel(R) Core(TM) i5-6600 CPU @ 3.30GHz,16,HDD,3
HP,i5,6109,Intel(R) Core(TM) i5-6600 CPU @ 3.30GHz,16,HDD,3.8
HP,i5,6109,Intel(R) Core(TM) i5-6600 CPU @ 3.30GHz,16,HDD,3.2
HP,AMD PRO A8,3204,"AMD PRO A8-8650B R7, 10 Compute Cores 4C+6G",19,HDD,2.8
HP,AMD PRO A8,3204,"AMD PRO A8-8650B R7, 10 Compute Cores 4C+6G",15,HDD,4.2
HP,AMD PRO A8,3204,"AMD PRO A8-8650B R7, 10 Compute Cores 4C+6G",15,HDD,3.6
HP,AMD PRO A8,3204,"AMD PRO A8-8650B R7, 10 Compute Cores 4C+6G",15,HDD,1.4
HP,AMD PRO A8,3204,"AMD PRO A8-8650B R7, 10 Compute Cores 4C+6G",15,HDD,1.8
HP,AMD PRO A8,3204,"AMD PRO A8-8650B R7, 10 Compute Cores 4C+6G",15,HDD,3.3
HP,AMD PRO A8,3204,"AMD PRO A8-8650B R7, 10 Compute Cores 4C+6G",15,HDD,3.8
HP,AMD PRO A8,3204,"AMD PRO A8-8650B R7, 10 Compute Cores 4C+6G",15,HDD,2.2
HP,AMD PRO A8,3204,"AMD PRO A8-8650B R7, 10 Compute Cores 4C+6G",15,HDD,4.2
HP,AMD PRO A8,3204,"AMD PRO A8-8650B R7, 10 Compute Cores 4C+6G",15,HDD,3.7
HP,i5,6109,Intel(R) Core(TM) i5-6600 CPU @ 3.30GHz,16,HDD,3.1
HP,i5,6109,Intel(R) Core(TM) i5-6600 CPU @ 3.30GHz,16,HDD,3.6
HP,AMD PRO A8,3204,"AMD PRO A8-8650B R7, 10 Compute Cores 4C+6G",7,HDD,0.6
HP,i5,6109,Intel(R) Core(TM) i5-6600 CPU @ 3.30GHz,16,HDD,3
HP,i5,6109,Intel(R) Core(TM) i5-6600 CPU @ 3.30GHz,16,HDD,3.4
HP,AMD PRO A8,3204,"AMD PRO A8-8650B R7, 10 Compute Cores 4C+6G",31,HDD,3.1
HP,AMD PRO A8,3204,"AMD PRO A8-8650B R7, 10 Compute Cores 4C+6G",15,HDD,3.4
HP,AMD PRO A8,3204,"AMD PRO A8-8650B R7, 10 Compute Cores 4C+6G",15,HDD,2.8
HP,AMD PRO A8,3204,"AMD PRO A8-8650B R7, 10 Compute Cores 4C+6G",15,HDD,3.1
HP,AMD PRO A8,3204,"AMD PRO A8-8650B R7, 10 Compute Cores 4C+6G",15,HDD,3.1
HP,AMD PRO A8,3204,"AMD PRO A8-8650B R7, 10 Compute Cores 4C+6G",15,HDD,2.2
HP,i5,6109,Intel(R) Core(TM) i5-6600 CPU @ 3.30GHz,16,HDD,4.2
HP,i5,6109,Intel(R) Core(TM) i5-6600 CPU @ 3.30GHz,16,HDD,2.8
HP,i5,6109,Intel(R) Core(TM) i5-6600 CPU @ 3.30GHz,24,HDD,2.9
HP,i5,6109,Intel(R) Core(TM) i5-6600 CPU @ 3.30GHz,16,HDD,4.5
Transource,Pentium,3513,Intel(R) Pentium(R) CPU G4560 @ 3.50GHz,16,HDD,3.5
Transource,Pentium,3513,Intel(R) Pentium(R) CPU G4560 @ 3.50GHz,16,HDD,4.2
Transource,Pentium,3513,Intel(R) Pentium(R) CPU G4560 @ 3.50GHz,16,HDD,2.8
Transource,Pentium,3513,Intel(R) Pentium(R) CPU G4560 @ 3.50GHz,16,HDD,1.6
Transource,Pentium,3513,Intel(R) Pentium(R) CPU G4560 @ 3.50GHz,16,HDD,1.7
HP,i5,6109,Intel(R) Core(TM) i5-6600 CPU @ 3.30GHz,16,HDD,4.3
HP,i5,6109,Intel(R) Core(TM) i5-6600 CPU @ 3.30GHz,16,HDD,2.8
HP,i5,6109,Intel(R) Core(TM) i5-6600 CPU @ 3.30GHz,16,HDD,4.2
HP,i5,6109,Intel(R) Core(TM) i5-6600 CPU @ 3.30GHz,16,HDD,3.1
HP,i5,6109,Intel(R) Core(TM) i5-6600 CPU @ 3.30GHz,16,HDD,2.6
Transource,i7,8624,Intel(R) Core(TM) i7-7700 CPU @ 3.60GHz,16,SSD,3.9
HP,AMD PRO A8,2148,"AMD PRO A8-8600B R6, 10 Compute Cores 4C+6G",7,HDD,1.9
HP,AMD PRO A12,3848,"AMD PRO A12-8870 R7, 12 COMPUTE CORES 4C+8G",7,SSD,1.6
Transource,i7,8624,Intel(R) Core(TM) i7-7700 CPU @ 3.60GHz,16,SSD,3.7
Transource,i7,8624,Intel(R) Core(TM) i7-7700 CPU @ 3.60GHz,16,SSD,4
HP,i5,6109,Intel(R) Core(TM) i5-6600 CPU @ 3.30GHz,16,HDD,3.5
HP,i5,6109,Intel(R) Core(TM) i5-6600 CPU @ 3.30GHz,16,HDD,3.5
HP,i5,6109,Intel(R) Core(TM) i5-6600 CPU @ 3.30GHz,16,HDD,3.9
HP,i5,6109,Intel(R) Core(TM) i5-6600 CPU @ 3.30GHz,16,HDD,3.5
HP,i5,6109,Intel(R) Core(TM) i5-6600 CPU @ 3.30GHz,16,HDD,4.5
HP,i5,6109,Intel(R) Core(TM) i5-6600 CPU @ 3.30GHz,16,HDD,3.8
HP,i5,6109,Intel(R) Core(TM) i5-6600 CPU @ 3.30GHz,16,HDD,3.2
HP,i5,6109,Intel(R) Core(TM) i5-6600 CPU @ 3.30GHz,16,HDD,2.8
HP,i5,6109,Intel(R) Core(TM) i5-6600 CPU @ 3.30GHz,16,HDD,2.8
HP,i5,3260,Intel(R) Core(TM) i5-6300U CPU @ 2.40GHz,8,HDD,2.8
HP,i5,3260,Intel(R) Core(TM) i5-6300U CPU @ 2.40GHz,8,HDD,1.3
HP,i5,3260,Intel(R) Core(TM) i5-6300U CPU @ 2.40GHz,8,HDD,1.2
HP,i5,3260,Intel(R) Core(TM) i5-6300U CPU @ 2.40GHz,8,HDD,2.3
HP,i5,3260,Intel(R) Core(TM) i5-6300U CPU @ 2.40GHz,8,HDD,0.7
HP,i5,3413,Intel(R) Core(TM) i5-7200U CPU @ 2.50GHz,8,HDD,2.3
HP,i5,3413,Intel(R) Core(TM) i5-7200U CPU @ 2.50GHz,8,HDD,2.2
HP,i5,3413,Intel(R) Core(TM) i5-7200U CPU @ 2.50GHz,8,HDD,3.1
GETAC,i5,3025,Intel(R) Core(TM) i5-6200U CPU @ 2.30GHz,8,SSD,3.8
GETAC,i5,3025,Intel(R) Core(TM) i5-6200U CPU @ 2.30GHz,8,SSD,3.6
HP,i5,3260,Intel(R) Core(TM) i5-6300U CPU @ 2.40GHz,8,HDD,1.6
HP,i7,6551,Intel(R) Core(TM) i7-6700HQ CPU @ 2.60GHz,16,HDD,4.5
HP,i5,3260,Intel(R) Core(TM) i5-6300U CPU @ 2.40GHz,16,SSD,2.1
HP,i5,3413,Intel(R) Core(TM) i5-7200U CPU @ 2.50GHz,16,SSD,3.5
HP,i5,3413,Intel(R) Core(TM) i5-7200U CPU @ 2.50GHz,16,SSD,3.3
HP,i5,3260,Intel(R) Core(TM) i5-6300U CPU @ 2.40GHz,8,HDD,2.8
HP,i5,3260,Intel(R) Core(TM) i5-6300U CPU @ 2.40GHz,8,HDD,2.3
HP,i5,3260,Intel(R) Core(TM) i5-6300U CPU @ 2.40GHz,8,HDD,2.2
HP,i5,3413,Intel(R) Core(TM) i5-7200U CPU @ 2.50GHz,16,SSD,3.2
HP,i5,3260,Intel(R) Core(TM) i5-6300U CPU @ 2.40GHz,8,HDD,2.7
LENOVO,i7,11533,Intel(R) Core(TM) i7-9850H CPU @ 2.60GHz,64,SSD,3.8
HP,i5,3413,Intel(R) Core(TM) i5-7200U CPU @ 2.50GHz,8,HDD,2.7
HP,i5,3260,Intel(R) Core(TM) i5-6300U CPU @ 2.40GHz,16,SSD,3.7
HP,i5,3260,Intel(R) Core(TM) i5-6300U CPU @ 2.40GHz,8,HDD,2.2
HP,i5,3260,Intel(R) Core(TM) i5-6300U CPU @ 2.40GHz,8,SSD,4.3
HP,i5,3260,Intel(R) Core(TM) i5-6300U CPU @ 2.40GHz,8,HDD,2.2
HP,i5,3260,Intel(R) Core(TM) i5-6300U CPU @ 2.40GHz,16,SSD,3.5
HP,i5,3260,Intel(R) Core(TM) i5-6300U CPU @ 2.40GHz,16,SSD,4
HP,i5,3260,Intel(R) Core(TM) i5-6300U CPU @ 2.40GHz,16,SSD,3.1
HP,i5,3260,Intel(R) Core(TM) i5-6300U CPU @ 2.40GHz,8,HDD,2.7
HP,i5,3260,Intel(R) Core(TM) i5-6300U CPU @ 2.40GHz,16,SSD,2.8
HP,i5,3260,Intel(R) Core(TM) i5-6300U CPU @ 2.40GHz,16,HDD,4.5
HP,i5,3260,Intel(R) Core(TM) i5-6300U CPU @ 2.40GHz,16,SSD,1.7
HP,i5,3260,Intel(R) Core(TM) i5-6300U CPU @ 2.40GHz,8,HDD,3.6
HP,i5,3260,Intel(R) Core(TM) i5-6300U CPU @ 2.40GHz,8,HDD,2.9
HP,i5,6109,Intel(R) Core(TM) i5-6600 CPU @ 3.30GHz,8,HDD,3.3
HP,i5,6109,Intel(R) Core(TM) i5-6600 CPU @ 3.30GHz,8,HDD,3.2
HP,i5,6109,Intel(R) Core(TM) i5-6600 CPU @ 3.30GHz,8,HDD,1.8
HP,i5,6109,Intel(R) Core(TM) i5-6600 CPU @ 3.30GHz,16,HDD,3.5
HP,i5,6109,Intel(R) Core(TM) i5-6600 CPU @ 3.30GHz,16,HDD,3.5
HP,i5,6109,Intel(R) Core(TM) i5-6600 CPU @ 3.30GHz,16,HDD,2.8
HP,i5,6109,Intel(R) Core(TM) i5-6600 CPU @ 3.30GHz,16,HDD,4.2
HP,i5,6109,Intel(R) Core(TM) i5-6600 CPU @ 3.30GHz,16,HDD,3.6
HP,AMD PRO A8,3204,"AMD PRO A8-8650B R7, 10 Compute Cores 4C+6G",7,HDD,1.6
Transource,i7,8624,Intel(R) Core(TM) i7-7700 CPU @ 3.60GHz,16,SSD,4.4
Transource,i7,8624,Intel(R) Core(TM) i7-7700 CPU @ 3.60GHz,16,SSD,4.2
Transource,i7,8624,Intel(R) Core(TM) i7-7700 CPU @ 3.60GHz,16,SSD,3.5
Transource,i7,8624,Intel(R) Core(TM) i7-7700 CPU @ 3.60GHz,16,SSD,3.2
HP,i5,6109,Intel(R) Core(TM) i5-6600 CPU @ 3.30GHz,16,HDD,3.6
HP,i5,6109,Intel(R) Core(TM) i5-6600 CPU @ 3.30GHz,16,HDD,3.8
HP,i5,6109,Intel(R) Core(TM) i5-6600 CPU @ 3.30GHz,16,HDD,4.6
HP,i5,6109,Intel(R) Core(TM) i5-6600 CPU @ 3.30GHz,16,HDD,4.3
HP,i5,6109,Intel(R) Core(TM) i5-6600 CPU @ 3.30GHz,16,HDD,3.6
HP,i5,6109,Intel(R) Core(TM) i5-6600 CPU @ 3.30GHz,16,HDD,4
HP,i5,6109,Intel(R) Core(TM) i5-6600 CPU @ 3.30GHz,16,HDD,4.3
Dell,Xeon E3,5477,Intel(R) Xeon(R) CPU E3-1226 v3 @ 3.30GHz,8,HDD,4.2
HP,i5,6109,Intel(R) Core(TM) i5-6600 CPU @ 3.30GHz,16,HDD,4.3
HP,i5,6109,Intel(R) Core(TM) i5-6600 CPU @ 3.30GHz,16,HDD,3.8
HP,i5,6109,Intel(R) Core(TM) i5-6600 CPU @ 3.30GHz,16,HDD,3.3
HP,AMD PRO A8,3204,"AMD PRO A8-8650B R7, 10 Compute Cores 4C+6G",7,HDD,1.6
HP,i5,6109,Intel(R) Core(TM) i5-6600 CPU @ 3.30GHz,16,HDD,4.1
Transource,i7,8624,Intel(R) Core(TM) i7-7700 CPU @ 3.60GHz,16,SSD,4
Transource,i7,8624,Intel(R) Core(TM) i7-7700 CPU @ 3.60GHz,16,SSD,4
Transource,i7,8624,Intel(R) Core(TM) i7-7700 CPU @ 3.60GHz,16,SSD,3.5
Gigabyte ,Xeon E3,3835,Intel(R) Xeon(R) CPU E3-1220 v5 @ 3.00GHz,16,SSD,3.2
Gigabyte ,Xeon E3,6185,Intel(R) Xeon(R) CPU E3-1230 V2 @ 3.30GHz,8,SSD,2.3
Gigabyte ,Xeon E3,6185,Intel(R) Xeon(R) CPU E3-1230 V2 @ 3.30GHz,8,SSD,4.1
Ace Computers,AMD PRO Ryzen 5,17831,AMD Ryzen 5 3600 6-Core Processor,32,SSD,3
HP,i5,3260,Intel(R) Core(TM) i5-6300U CPU @ 2.40GHz,16,HDD,3.5
HP,i5,3260,Intel(R) Core(TM) i5-6300U CPU @ 2.40GHz,8,HDD,3.9
HP,i5,3260,Intel(R) Core(TM) i5-6300U CPU @ 2.40GHz,8,HDD,2.8
HP,i5,3260,Intel(R) Core(TM) i5-6300U CPU @ 2.40GHz,8,SSD,1.9
Dell,i5,9022,Intel(R) Core(TM) i5-10400H CPU @ 2.60GHz,32,SSD,4.8
HP,i5,3413,Intel(R) Core(TM) i5-7200U CPU @ 2.50GHz,8,HDD,2.8
Dell,i7,15512,Intel(R) Core(TM) i7-10875H CPU @ 2.30GHz,64,SSD,4.4
HP,i5,3413,Intel(R) Core(TM) i5-7200U CPU @ 2.50GHz,16,SSD,4.7
HP,i5,3413,Intel(R) Core(TM) i5-7200U CPU @ 2.50GHz,8,HDD,0.8
HP,i5,3413,Intel(R) Core(TM) i5-7200U CPU @ 2.50GHz,16,SSD,2.6
HP,i5,3413,Intel(R) Core(TM) i5-7200U CPU @ 2.50GHz,16,SSD,1.7
Dell,i5,6670,Intel(R) Core(TM) i5-10310U CPU @ 1.70GHz,16,SSD,4.8
FUJITSU,i5,6343,Intel(R) Core(TM) i5-8350U CPU @ 1.70GHz,16,SSD,3
HP,AMD PRO A8,3347,"AMD PRO A8-9600 R7, 10 COMPUTE CORES 4C+6G",7,SSD,2.2
HP,AMD PRO A8,3347,"AMD PRO A8-9600 R7, 10 COMPUTE CORES 4C+6G",7,HDD,3.1
HP,AMD PRO A8,3204,"AMD PRO A8-8650B R7, 10 Compute Cores 4C+6G",7,HDD,3.8
HP,AMD PRO A8,3204,"AMD PRO A8-8650B R7, 10 Compute Cores 4C+6G",7,HDD,2.7
HP,AMD PRO A8,3204,"AMD PRO A8-8650B R7, 10 Compute Cores 4C+6G",7,HDD,1.6
HP,AMD PRO A8,3347,"AMD PRO A8-9600 R7, 10 COMPUTE CORES 4C+6G",7,HDD,1.3
HP,AMD PRO A8,3347,"AMD PRO A8-9600 R7, 10 COMPUTE CORES 4C+6G",7,HDD,0.7
HP,AMD PRO A8,3347,"AMD PRO A8-9600 R7, 10 COMPUTE CORES 4C+6G",7,SSD,1.7
HP,AMD PRO A8,3347,"AMD PRO A8-9600 R7, 10 COMPUTE CORES 4C+6G",7,HDD,1.9
HP,AMD PRO A8,3347,"AMD PRO A8-9600 R7, 10 COMPUTE CORES 4C+6G",7,HDD,1.6
HP,AMD PRO A8,3347,"AMD PRO A8-9600 R7, 10 COMPUTE CORES 4C+6G",7,SSD,3.2
HP,AMD PRO A8,3347,"AMD PRO A8-9600 R7, 10 COMPUTE CORES 4C+6G",7,SSD,2
HP,AMD PRO A8,3347,"AMD PRO A8-9600 R7, 10 COMPUTE CORES 4C+6G",7,HDD,1.1
HP,AMD PRO A10,3181,"AMD PRO A10-8770E R7, 10 COMPUTE CORES 4C+6G",15,HDD,2.7
HP,AMD PRO A10,3181,"AMD PRO A10-8770E R7, 10 COMPUTE CORES 4C+6G",15,HDD,3.6
HP,AMD PRO A10,3181,"AMD PRO A10-8770E R7, 10 COMPUTE CORES 4C+6G",15,HDD,3.7
HP,AMD PRO A10,3181,"AMD PRO A10-8770E R7, 10 COMPUTE CORES 4C+6G",15,HDD,2.7
HP,AMD PRO A10,3181,"AMD PRO A10-8770E R7, 10 COMPUTE CORES 4C+6G",15,HDD,4.1
HP,AMD PRO A10,3181,"AMD PRO A10-8770E R7, 10 COMPUTE CORES 4C+6G",15,HDD,3.6
HP,AMD PRO A10,3181,"AMD PRO A10-8770E R7, 10 COMPUTE CORES 4C+6G",15,HDD,3.3
HP,AMD PRO A10,3181,"AMD PRO A10-8770E R7, 10 COMPUTE CORES 4C+6G",15,HDD,2.6
HP,AMD PRO A10,3181,"AMD PRO A10-8770E R7, 10 COMPUTE CORES 4C+6G",15,HDD,3.8
HP,i5,6109,Intel(R) Core(TM) i5-6600 CPU @ 3.30GHz,8,HDD,4.2
HP,Xeon E3,5262,Intel(R) Xeon(R) CPU E3-1225 v3 @ 3.20GHz,8,HDD,3.4
HP,AMD PRO A8,3347,"AMD PRO A8-9600 R7, 10 COMPUTE CORES 4C+6G",7,HDD,2.6
Dell,i5,6343,Intel(R) Core(TM) i5-8350U CPU @ 1.70GHz,8,SSD,4.2
Dell,i3,3681,Intel(R) Core(TM) i3-8130U CPU @ 2.20GHz,8,SSD,3.6
HP,i5,3413,Intel(R) Core(TM) i5-7200U CPU @ 2.50GHz,16,HDD,2.7
HP,i7,6551,Intel(R) Core(TM) i7-6700HQ CPU @ 2.60GHz,16,HDD,4.5
Dell,i5,8360,Intel(R) Core(TM) i5-9400H CPU @ 2.50GHz,32,SSD,4.8
HP,i5,3260,Intel(R) Core(TM) i5-6300U CPU @ 2.40GHz,8,HDD,3.3
HP,i5,3413,Intel(R) Core(TM) i5-7200U CPU @ 2.50GHz,16,HDD,4.4
HP,i5,3413,Intel(R) Core(TM) i5-7200U CPU @ 2.50GHz,16,HDD,2
HP,i5,3413,Intel(R) Core(TM) i5-7200U CPU @ 2.50GHz,8,HDD,2.1
HP,i5,3413,Intel(R) Core(TM) i5-7200U CPU @ 2.50GHz,7,HDD,2.4
HP,i5,3413,Intel(R) Core(TM) i5-7200U CPU @ 2.50GHz,16,HDD,3.8
HP,i5,3413,Intel(R) Core(TM) i5-7200U CPU @ 2.50GHz,8,HDD,0.9
HP,i5,3413,Intel(R) Core(TM) i5-7200U CPU @ 2.50GHz,16,HDD,2.1
HP,i5,3413,Intel(R) Core(TM) i5-7200U CPU @ 2.50GHz,8,HDD,2.9
HP,i5,3413,Intel(R) Core(TM) i5-7200U CPU @ 2.50GHz,7,HDD,2.3
HP,i5,3413,Intel(R) Core(TM) i5-7200U CPU @ 2.50GHz,8,HDD,1.7
HP,i5,3413,Intel(R) Core(TM) i5-7200U CPU @ 2.50GHz,8,HDD,1.6
HP,i5,3413,Intel(R) Core(TM) i5-7200U CPU @ 2.50GHz,8,HDD,2.8
HP,i5,3413,Intel(R) Core(TM) i5-7200U CPU @ 2.50GHz,7,HDD,1.8
HP,i5,3413,Intel(R) Core(TM) i5-7200U CPU @ 2.50GHz,8,HDD,1.9
HP,i5,3260,Intel(R) Core(TM) i5-6300U CPU @ 2.40GHz,8,HDD,2.7
HP,i5,3260,Intel(R) Core(TM) i5-6300U CPU @ 2.40GHz,16,HDD,2.1
HP,i5,3260,Intel(R) Core(TM) i5-6300U CPU @ 2.40GHz,8,HDD,2.2
HP,i5,5949,Intel(R) Core(TM) i5-8250U CPU @ 1.60GHz,15,SSD,4.2
HP,i5,3260,Intel(R) Core(TM) i5-6300U CPU @ 2.40GHz,16,HDD,3.7
HP,i5,3260,Intel(R) Core(TM) i5-6300U CPU @ 2.40GHz,8,HDD,2.5
HP,i5,3260,Intel(R) Core(TM) i5-6300U CPU @ 2.40GHz,8,HDD,3.6
HP,i5,3260,Intel(R) Core(TM) i5-6300U CPU @ 2.40GHz,8,HDD,2.4
HP,i5,3260,Intel(R) Core(TM) i5-6300U CPU @ 2.40GHz,16,HDD,1.7
HP,i5,3260,Intel(R) Core(TM) i5-6300U CPU @ 2.40GHz,7,HDD,2.9
HP,i5,3260,Intel(R) Core(TM) i5-6300U CPU @ 2.40GHz,8,HDD,2.9
HP,i5,3260,Intel(R) Core(TM) i5-6300U CPU @ 2.40GHz,7,HDD,2.4
HP,i5,3260,Intel(R) Core(TM) i5-6300U CPU @ 2.40GHz,8,HDD,3.5
Dell,i5,3260,Intel(R) Core(TM) i5-6300U CPU @ 2.40GHz,8,SSD,2.4
GETAC,i5,5949,Intel(R) Core(TM) i5-8250U CPU @ 1.60GHz,8,SSD,3.8
GETAC,i5,5949,Intel(R) Core(TM) i5-8250U CPU @ 1.60GHz,16,SSD,3.1
GETAC,i5,5949,Intel(R) Core(TM) i5-8250U CPU @ 1.60GHz,16,SSD,0.1
GETAC,i5,5949,Intel(R) Core(TM) i5-8250U CPU @ 1.60GHz,16,SSD,5
GETAC,i5,5949,Intel(R) Core(TM) i5-8250U CPU @ 1.60GHz,32,SSD,0
GETAC,i5,5949,Intel(R) Core(TM) i5-8250U CPU @ 1.60GHz,32,SSD,2
GETAC,i5,5949,Intel(R) Core(TM) i5-8250U CPU @ 1.60GHz,32,SSD,1.9
GETAC,i5,5949,Intel(R) Core(TM) i5-8250U CPU @ 1.60GHz,32,SSD,4.3
GETAC,i5,5949,Intel(R) Core(TM) i5-8250U CPU @ 1.60GHz,32,SSD,3.3
Panasonic,i5,6371,Intel(R) Core(TM) i5-8365U CPU @ 1.60GHz,16,SSD,3.9
HP,i5,1817,Intel(R) Core(TM) i5-4302Y CPU @ 1.60GHz,8,SSD,2.5
HP,i5,1817,Intel(R) Core(TM) i5-4302Y CPU @ 1.60GHz,7,SSD,2.4
HP,i5,1817,Intel(R) Core(TM) i5-4302Y CPU @ 1.60GHz,8,SSD,4.1
HP,i5,1817,Intel(R) Core(TM) i5-4302Y CPU @ 1.60GHz,8,SSD,4.1
NCSTECH,i5,2496,Intel(R) Core(TM) i5-5200U CPU @ 2.20GHz,8,SSD,2
HP,AMD PRO A10,3184,"AMD A10 PRO-7800B R7, 12 Compute Cores 4C+8G",7,HDD,2.2
HP,AMD PRO A10,3184,"AMD A10 PRO-7800B R7, 12 Compute Cores 4C+8G",15,SSD,3.6
HP,AMD PRO A12,3848,"AMD PRO A12-8870 R7, 12 COMPUTE CORES 4C+8G",15,HDD,1.8
HP,AMD PRO A10,3184,"AMD A10 PRO-7800B R7, 12 Compute Cores 4C+8G",7,HDD,1.8
Dell,Xeon E3,5477,Intel(R) Xeon(R) CPU E3-1226 v3 @ 3.30GHz,8,HDD,2.1
Dell,Xeon E3,5477,Intel(R) Xeon(R) CPU E3-1226 v3 @ 3.30GHz,8,HDD,1.4
Dell,i7,7227,Intel(R) Core(TM) i7-4790 CPU @ 3.60GHz,8,HDD,2.4
Dell,Xeon E3,5477,Intel(R) Xeon(R) CPU E3-1226 v3 @ 3.30GHz,8,HDD,1.9
HP,AMD PRO A10,3594,"AMD PRO A10-8770 R7, 10 COMPUTE CORES 4C+6G",15,SSD,2.2
HP,AMD PRO A10,3594,"AMD PRO A10-8770 R7, 10 COMPUTE CORES 4C+6G",15,SSD,2.1
HP,AMD PRO A12,3848,"AMD PRO A12-8870 R7, 12 COMPUTE CORES 4C+8G",7,SSD,2.2
HP,AMD PRO A12,3848,"AMD PRO A12-8870 R7, 12 COMPUTE CORES 4C+8G",7,SSD,3.7
HP,AMD PRO A10,3594,"AMD PRO A10-8770 R7, 10 COMPUTE CORES 4C+6G",15,SSD,2.1
LENOVO,AMD PRO A8,3347,"AMD PRO A8-9600 R7, 10 COMPUTE CORES 4C+6G",7,HDD,1.6
LENOVO,AMD PRO A8,3347,"AMD PRO A8-9600 R7, 10 COMPUTE CORES 4C+6G",7,HDD,3.8
LENOVO,AMD PRO A8,3347,"AMD PRO A8-9600 R7, 10 COMPUTE CORES 4C+6G",7,HDD,1.9
LENOVO,AMD PRO A8,3347,"AMD PRO A8-9600 R7, 10 COMPUTE CORES 4C+6G",7,SSD,3.7
LENOVO,AMD PRO A8,3347,"AMD PRO A8-9600 R7, 10 COMPUTE CORES 4C+6G",7,HDD,3.4
LENOVO,AMD PRO A8,3347,"AMD PRO A8-9600 R7, 10 COMPUTE CORES 4C+6G",7,HDD,1.9
LENOVO,AMD PRO A8,3347,"AMD PRO A8-9600 R7, 10 COMPUTE CORES 4C+6G",7,HDD,3.1
LENOVO,AMD PRO A8,3347,"AMD PRO A8-9600 R7, 10 COMPUTE CORES 4C+6G",7,HDD,4.6
LENOVO,AMD PRO A8,3347,"AMD PRO A8-9600 R7, 10 COMPUTE CORES 4C+6G",7,HDD,2.2
LENOVO,AMD PRO A8,3347,"AMD PRO A8-9600 R7, 10 COMPUTE CORES 4C+6G",7,HDD,0.7
LENOVO,AMD PRO A8,3347,"AMD PRO A8-9600 R7, 10 COMPUTE CORES 4C+6G",7,HDD,1.8
LENOVO,AMD PRO A8,3347,"AMD PRO A8-9600 R7, 10 COMPUTE CORES 4C+6G",7,HDD,4.4
LENOVO,AMD PRO A8,3347,"AMD PRO A8-9600 R7, 10 COMPUTE CORES 4C+6G",7,HDD,2
LENOVO,AMD PRO A8,3347,"AMD PRO A8-9600 R7, 10 COMPUTE CORES 4C+6G",7,HDD,2.1
LENOVO,AMD PRO A8,3347,"AMD PRO A8-9600 R7, 10 COMPUTE CORES 4C+6G",7,HDD,1.1
LENOVO,AMD PRO A8,3347,"AMD PRO A8-9600 R7, 10 COMPUTE CORES 4C+6G",7,HDD,1.2
LENOVO,AMD PRO A8,3347,"AMD PRO A8-9600 R7, 10 COMPUTE CORES 4C+6G",7,HDD,0.9
LENOVO,AMD PRO A8,3347,"AMD PRO A8-9600 R7, 10 COMPUTE CORES 4C+6G",7,HDD,4
LENOVO,AMD PRO A8,3347,"AMD PRO A8-9600 R7, 10 COMPUTE CORES 4C+6G",7,HDD,2.1
LENOVO,AMD PRO A8,3347,"AMD PRO A8-9600 R7, 10 COMPUTE CORES 4C+6G",7,HDD,1.5
HP,i5,3413,Intel(R) Core(TM) i5-7200U CPU @ 2.50GHz,16,SSD,3.5
Dell,i7,15512,Intel(R) Core(TM) i7-10875H CPU @ 2.30GHz,32,SSD,4.8
HP,i5,3413,Intel(R) Core(TM) i5-7200U CPU @ 2.50GHz,8,SSD,2.1
HP,i5,5949,Intel(R) Core(TM) i5-8250U CPU @ 1.60GHz,16,SSD,3.1
HP,i5,3413,Intel(R) Core(TM) i5-7200U CPU @ 2.50GHz,16,SSD,4.6
HP,i5,7533,Intel(R) Core(TM) i5-8300H CPU @ 2.30GHz,16,HDD,4.3
Gammatech,i5,3413,Intel(R) Core(TM) i5-7200U CPU @ 2.50GHz,8,HDD,0.3
HP,i5,5949,Intel(R) Core(TM) i5-8250U CPU @ 1.60GHz,16,SSD,4.4
HP,i7,3216,Intel(R) Core(TM) i7-4600M CPU @ 2.90GHz,16,SSD,4.5
Dell,Xeon E3,7552,Intel(R) Xeon(R) CPU E3-1575M v5 @ 3.00GHz,64,SSD,4.8
HP,i5,3260,Intel(R) Core(TM) i5-6300U CPU @ 2.40GHz,8,HDD,0
Dell,i7,15512,Intel(R) Core(TM) i7-10875H CPU @ 2.30GHz,64,SSD,4
HP,i5,5949,Intel(R) Core(TM) i5-8250U CPU @ 1.60GHz,16,SSD,3.6
HP,AMD PRO A8,3204,"AMD PRO A8-8650B R7, 10 Compute Cores 4C+6G",23,HDD,2.1
HP,i3,4172,Intel(R) Core(TM) i3-6100 CPU @ 3.70GHz,8,HDD,1.3
HP,i3,4172,Intel(R) Core(TM) i3-6100 CPU @ 3.70GHz,8,HDD,2.2
HP,i3,4172,Intel(R) Core(TM) i3-6100 CPU @ 3.70GHz,24,HDD,1.2
HP,AMD PRO A8,3347,"AMD PRO A8-9600 R7, 10 COMPUTE CORES 4C+6G",15,HDD,1.5
HP,AMD PRO A8,3347,"AMD PRO A8-9600 R7, 10 COMPUTE CORES 4C+6G",15,HDD,1.6
HP,AMD PRO A8,3347,"AMD PRO A8-9600 R7, 10 COMPUTE CORES 4C+6G",15,HDD,2.4
HP,AMD PRO A8,3347,"AMD PRO A8-9600 R7, 10 COMPUTE CORES 4C+6G",15,HDD,3.4
HP,AMD PRO A8,3347,"AMD PRO A8-9600 R7, 10 COMPUTE CORES 4C+6G",15,HDD,1
HP,AMD PRO A8,3347,"AMD PRO A8-9600 R7, 10 COMPUTE CORES 4C+6G",15,HDD,2
HP,AMD PRO A8,3347,"AMD PRO A8-9600 R7, 10 COMPUTE CORES 4C+6G",7,HDD,0.1
HP,AMD PRO A8,3347,"AMD PRO A8-9600 R7, 10 COMPUTE CORES 4C+6G",7,HDD,2.1
HP,AMD PRO A8,3347,"AMD PRO A8-9600 R7, 10 COMPUTE CORES 4C+6G",15,HDD,0.3
HP,AMD PRO A8,3347,"AMD PRO A8-9600 R7, 10 COMPUTE CORES 4C+6G",15,HDD,1.5
HP,i5,6109,Intel(R) Core(TM) i5-6600 CPU @ 3.30GHz,8,HDD,2.7
HP,i3,4172,Intel(R) Core(TM) i3-6100 CPU @ 3.70GHz,16,HDD,3.4
HP,i3,4172,Intel(R) Core(TM) i3-6100 CPU @ 3.70GHz,16,HDD,2.1
HP,i3,4172,Intel(R) Core(TM) i3-6100 CPU @ 3.70GHz,16,HDD,3.6
HP,i3,4172,Intel(R) Core(TM) i3-6100 CPU @ 3.70GHz,8,HDD,1.9
HP,i3,4172,Intel(R) Core(TM) i3-6100 CPU @ 3.70GHz,8,HDD,2.2
HP,i3,4172,Intel(R) Core(TM) i3-6100 CPU @ 3.70GHz,8,HDD,1.8
HP,i3,4172,Intel(R) Core(TM) i3-6100 CPU @ 3.70GHz,8,HDD,3.8
HP,i3,4172,Intel(R) Core(TM) i3-6100 CPU @ 3.70GHz,8,HDD,0
HP,i3,4172,Intel(R) Core(TM) i3-6100 CPU @ 3.70GHz,8,HDD,0.9
HP,i3,4172,Intel(R) Core(TM) i3-6100 CPU @ 3.70GHz,8,HDD,2.3
HP,i3,4172,Intel(R) Core(TM) i3-6100 CPU @ 3.70GHz,8,HDD,2.9
HP,i3,4172,Intel(R) Core(TM) i3-6100 CPU @ 3.70GHz,8,HDD,4.9
HP,i3,4172,Intel(R) Core(TM) i3-6100 CPU @ 3.70GHz,8,HDD,2.7
HP,i3,4172,Intel(R) Core(TM) i3-6100 CPU @ 3.70GHz,16,HDD,1.6
HP,i3,4172,Intel(R) Core(TM) i3-6100 CPU @ 3.70GHz,8,HDD,2.8
HP,i3,4172,Intel(R) Core(TM) i3-6100 CPU @ 3.70GHz,8,HDD,3.5
HP,i3,4172,Intel(R) Core(TM) i3-6100 CPU @ 3.70GHz,8,HDD,3.8
HP,AMD PRO A8,3347,"AMD PRO A8-9600 R7, 10 COMPUTE CORES 4C+6G",15,HDD,2.7
HP,i3,4172,Intel(R) Core(TM) i3-6100 CPU @ 3.70GHz,8,HDD,2.1
HP,i3,4172,Intel(R) Core(TM) i3-6100 CPU @ 3.70GHz,8,HDD,2
HP,i3,4172,Intel(R) Core(TM) i3-6100 CPU @ 3.70GHz,8,HDD,2.8
HP,AMD PRO A8,3347,"AMD PRO A8-9600 R7, 10 COMPUTE CORES 4C+6G",7,HDD,2.6
HP,i3,4172,Intel(R) Core(TM) i3-6100 CPU @ 3.70GHz,8,HDD,1.7
HP,i3,4172,Intel(R) Core(TM) i3-6100 CPU @ 3.70GHz,8,HDD,0.5
HP,i3,4172,Intel(R) Core(TM) i3-6100 CPU @ 3.70GHz,8,HDD,1.9
HP,AMD PRO A8,3347,"AMD PRO A8-9600 R7, 10 COMPUTE CORES 4C+6G",15,HDD,2.3
HP,i3,4172,Intel(R) Core(TM) i3-6100 CPU @ 3.70GHz,8,HDD,4.2
HP,i3,4172,Intel(R) Core(TM) i3-6100 CPU @ 3.70GHz,8,HDD,4
HP,AMD PRO A8,3204,"AMD PRO A8-8650B R7, 10 Compute Cores 4C+6G",7,HDD,2.2
HP,i3,4172,Intel(R) Core(TM) i3-6100 CPU @ 3.70GHz,16,HDD,3.7
HP,i3,4172,Intel(R) Core(TM) i3-6100 CPU @ 3.70GHz,24,HDD,4.1
HP,i3,4172,Intel(R) Core(TM) i3-6100 CPU @ 3.70GHz,8,HDD,1.5
HP,i5,3413,Intel(R) Core(TM) i5-7200U CPU @ 2.50GHz,16,HDD,4.4
HP,i7,6551,Intel(R) Core(TM) i7-6700HQ CPU @ 2.60GHz,16,HDD,4.5
HP,i7,6551,Intel(R) Core(TM) i7-6700HQ CPU @ 2.60GHz,32,HDD,4.1
HP,i7,6551,Intel(R) Core(TM) i7-6700HQ CPU @ 2.60GHz,32,HDD,3.8
HP,i7,6551,Intel(R) Core(TM) i7-6700HQ CPU @ 2.60GHz,32,HDD,4
HP,i7,6551,Intel(R) Core(TM) i7-6700HQ CPU @ 2.60GHz,32,HDD,4.8
HP,i7,6551,Intel(R) Core(TM) i7-6700HQ CPU @ 2.60GHz,32,HDD,4.4
Dell,i7,15512,Intel(R) Core(TM) i7-10875H CPU @ 2.30GHz,32,SSD,4.3
GETAC,i5,3413,Intel(R) Core(TM) i5-7200U CPU @ 2.50GHz,8,SSD,0.7
GETAC,i5,3413,Intel(R) Core(TM) i5-7200U CPU @ 2.50GHz,8,SSD,2.2
GETAC,i5,3413,Intel(R) Core(TM) i5-7200U CPU @ 2.50GHz,8,SSD,4.2
Dell,i5,9798,Intel(R) Core(TM) i5-9500 CPU @ 3.00GHz,16,SSD,4.1
Dell,i5,9798,Intel(R) Core(TM) i5-9500 CPU @ 3.00GHz,16,SSD,4.6
Dell,i5,9798,Intel(R) Core(TM) i5-9500 CPU @ 3.00GHz,16,SSD,4.7
Dell,i5,9798,Intel(R) Core(TM) i5-9500 CPU @ 3.00GHz,16,SSD,4.1
Dell,i5,9798,Intel(R) Core(TM) i5-9500 CPU @ 3.00GHz,16,SSD,3.9
Dell,i5,9798,Intel(R) Core(TM) i5-9500 CPU @ 3.00GHz,16,SSD,4.4
Dell,i5,9798,Intel(R) Core(TM) i5-9500 CPU @ 3.00GHz,16,SSD,2.6
Dell,i5,9798,Intel(R) Core(TM) i5-9500 CPU @ 3.00GHz,16,SSD,1
Dell,i5,9798,Intel(R) Core(TM) i5-9500 CPU @ 3.00GHz,16,SSD,3.8
Dell,i5,9798,Intel(R) Core(TM) i5-9500 CPU @ 3.00GHz,16,SSD,4.2
Dell,i5,9798,Intel(R) Core(TM) i5-9500 CPU @ 3.00GHz,16,SSD,4.5
Dell,i5,9798,Intel(R) Core(TM) i5-9500 CPU @ 3.00GHz,16,SSD,3.5
HP,Xeon E3,5262,Intel(R) Xeon(R) CPU E3-1225 v3 @ 3.20GHz,8,HDD,2.2
HP,AMD PRO A10,3181,"AMD PRO A10-8770E R7, 10 COMPUTE CORES 4C+6G",15,HDD,1.8
HP,AMD PRO A12,3848,"AMD PRO A12-8870 R7, 12 COMPUTE CORES 4C+8G",15,SSD,1.5
HP,AMD PRO A10,3181,"AMD PRO A10-8770E R7, 10 COMPUTE CORES 4C+6G",15,HDD,0.7
HP,AMD PRO A10,3181,"AMD PRO A10-8770E R7, 10 COMPUTE CORES 4C+6G",15,HDD,3.4
HP,Xeon E3,5262,Intel(R) Xeon(R) CPU E3-1225 v3 @ 3.20GHz,8,HDD,2.3
HP,AMD PRO A10,3181,"AMD PRO A10-8770E R7, 10 COMPUTE CORES 4C+6G",15,HDD,2.4
HP,AMD PRO A10,3181,"AMD PRO A10-8770E R7, 10 COMPUTE CORES 4C+6G",15,HDD,3.7
HP,AMD PRO A10,3181,"AMD PRO A10-8770E R7, 10 COMPUTE CORES 4C+6G",15,HDD,2.8
HP,AMD PRO A10,3181,"AMD PRO A10-8770E R7, 10 COMPUTE CORES 4C+6G",15,HDD,1.6
HP,AMD PRO A10,3181,"AMD PRO A10-8770E R7, 10 COMPUTE CORES 4C+6G",15,HDD,1.7
HP,AMD PRO A10,3181,"AMD PRO A10-8770E R7, 10 COMPUTE CORES 4C+6G",15,HDD,3.1
HP,AMD PRO A10,3181,"AMD PRO A10-8770E R7, 10 COMPUTE CORES 4C+6G",15,HDD,2.4
HP,AMD PRO A10,3181,"AMD PRO A10-8770E R7, 10 COMPUTE CORES 4C+6G",15,HDD,3.8
HP,AMD PRO A10,3181,"AMD PRO A10-8770E R7, 10 COMPUTE CORES 4C+6G",15,HDD,2.1
HP,AMD PRO A10,3181,"AMD PRO A10-8770E R7, 10 COMPUTE CORES 4C+6G",15,HDD,2.4
HP,AMD PRO A10,3181,"AMD PRO A10-8770E R7, 10 COMPUTE CORES 4C+6G",15,HDD,2
HP,AMD PRO A10,3181,"AMD PRO A10-8770E R7, 10 COMPUTE CORES 4C+6G",15,HDD,3.2
Ace Computers,Pentium,3729,Intel(R) Pentium(R) Gold G5400 CPU @ 3.70GHz,16,SSD,1.5
Ace Computers,i3,6629,Intel(R) Core(TM) i3-9100 CPU @ 3.60GHz,16,HDD,4.1
Ace Computers,i3,6629,Intel(R) Core(TM) i3-9100 CPU @ 3.60GHz,16,HDD,3.6
Ace Computers,i3,6629,Intel(R) Core(TM) i3-9100 CPU @ 3.60GHz,16,HDD,3.5
HP,Xeon E3,5262,Intel(R) Xeon(R) CPU E3-1225 v3 @ 3.20GHz,8,HDD,0.5
HP,AMD PRO A10,3181,"AMD PRO A10-8770E R7, 10 COMPUTE CORES 4C+6G",15,HDD,0.2
HP,AMD PRO A10,3181,"AMD PRO A10-8770E R7, 10 COMPUTE CORES 4C+6G",15,HDD,1.5
Ace Computers,i5,9223,Intel(R) Core(TM) i5-8400 CPU @ 2.80GHz,32,HDD,4.2
Ace Computers,i5,9223,Intel(R) Core(TM) i5-8400 CPU @ 2.80GHz,32,HDD,4.1
Ace Computers,i5,9223,Intel(R) Core(TM) i5-8400 CPU @ 2.80GHz,32,HDD,4.6
Ace Computers,i5,9223,Intel(R) Core(TM) i5-8400 CPU @ 2.80GHz,32,HDD,3.6
Ace Computers,i5,9223,Intel(R) Core(TM) i5-8400 CPU @ 2.80GHz,32,HDD,3.8
Ace Computers,i5,9223,Intel(R) Core(TM) i5-8400 CPU @ 2.80GHz,32,HDD,3.8
Ace Computers,i5,9223,Intel(R) Core(TM) i5-8400 CPU @ 2.80GHz,32,HDD,4.8
Ace Computers,i5,9616,Intel(R) Core(TM) i5-8500 CPU @ 3.00GHz,16,HDD,4.4
Ace Computers,i3,6629,Intel(R) Core(TM) i3-9100 CPU @ 3.60GHz,16,HDD,4.2
Dell,i5,9798,Intel(R) Core(TM) i5-9500 CPU @ 3.00GHz,16,SSD,4.4
Dell,i5,9798,Intel(R) Core(TM) i5-9500 CPU @ 3.00GHz,16,SSD,4
Dell,i5,9798,Intel(R) Core(TM) i5-9500 CPU @ 3.00GHz,16,SSD,3.3
Dell,i5,9798,Intel(R) Core(TM) i5-9500 CPU @ 3.00GHz,16,SSD,3.6
Dell,i5,9798,Intel(R) Core(TM) i5-9500 CPU @ 3.00GHz,16,SSD,4.5
Dell,i5,9798,Intel(R) Core(TM) i5-9500 CPU @ 3.00GHz,16,SSD,4.5
Dell,i5,8242,Intel(R) Core(TM) i5-9500T CPU @ 2.20GHz,16,SSD,4.6
Dell,i5,8242,Intel(R) Core(TM) i5-9500T CPU @ 2.20GHz,16,SSD,4.1
Dell,i5,8242,Intel(R) Core(TM) i5-9500T CPU @ 2.20GHz,16,SSD,3.3
Dell,i5,8242,Intel(R) Core(TM) i5-9500T CPU @ 2.20GHz,16,SSD,4
Dell,i5,8242,Intel(R) Core(TM) i5-9500T CPU @ 2.20GHz,16,SSD,3.7
Dell,i5,8242,Intel(R) Core(TM) i5-9500T CPU @ 2.20GHz,16,SSD,4.3
Dell,i5,8242,Intel(R) Core(TM) i5-9500T CPU @ 2.20GHz,16,SSD,4.1
Dell,i5,8242,Intel(R) Core(TM) i5-9500T CPU @ 2.20GHz,16,SSD,2.6
Dell,i5,8242,Intel(R) Core(TM) i5-9500T CPU @ 2.20GHz,16,SSD,4.7
Dell,i5,8242,Intel(R) Core(TM) i5-9500T CPU @ 2.20GHz,16,SSD,4.3
Dell,i5,8242,Intel(R) Core(TM) i5-9500T CPU @ 2.20GHz,16,SSD,4.3
Dell,i5,8242,Intel(R) Core(TM) i5-9500T CPU @ 2.20GHz,16,SSD,3.7
Dell,i5,8242,Intel(R) Core(TM) i5-9500T CPU @ 2.20GHz,16,SSD,4.3
Dell,i5,8242,Intel(R) Core(TM) i5-9500T CPU @ 2.20GHz,16,SSD,4.3
Dell,i5,8242,Intel(R) Core(TM) i5-9500T CPU @ 2.20GHz,16,SSD,4.2
Dell,i5,8242,Intel(R) Core(TM) i5-9500T CPU @ 2.20GHz,16,SSD,4.2
Dell,i5,8242,Intel(R) Core(TM) i5-9500T CPU @ 2.20GHz,16,SSD,4.2
Dell,i5,8242,Intel(R) Core(TM) i5-9500T CPU @ 2.20GHz,16,SSD,4.3
Dell,i5,8242,Intel(R) Core(TM) i5-9500T CPU @ 2.20GHz,16,SSD,4.7
Dell,i5,8242,Intel(R) Core(TM) i5-9500T CPU @ 2.20GHz,16,SSD,4.6
Dell,i5,8242,Intel(R) Core(TM) i5-9500T CPU @ 2.20GHz,16,SSD,4.6
Dell,i5,8242,Intel(R) Core(TM) i5-9500T CPU @ 2.20GHz,16,SSD,4.4
HP,i5,3260,Intel(R) Core(TM) i5-6300U CPU @ 2.40GHz,8,HDD,2.3
HP,i5,3260,Intel(R) Core(TM) i5-6300U CPU @ 2.40GHz,8,HDD,2.7
HP,i5,3260,Intel(R) Core(TM) i5-6300U CPU @ 2.40GHz,8,HDD,3.3
HP,i5,3260,Intel(R) Core(TM) i5-6300U CPU @ 2.40GHz,8,HDD,2.2
HP,i5,3260,Intel(R) Core(TM) i5-6300U CPU @ 2.40GHz,8,HDD,3.3
HP,i5,3260,Intel(R) Core(TM) i5-6300U CPU @ 2.40GHz,8,HDD,3
HP,i5,3260,Intel(R) Core(TM) i5-6300U CPU @ 2.40GHz,8,HDD,1.9
HP,i5,3260,Intel(R) Core(TM) i5-6300U CPU @ 2.40GHz,8,HDD,2.2
HP,i5,3260,Intel(R) Core(TM) i5-6300U CPU @ 2.40GHz,8,HDD,3.2
HP,i5,3260,Intel(R) Core(TM) i5-6300U CPU @ 2.40GHz,8,HDD,2.5
HP,i5,3260,Intel(R) Core(TM) i5-6300U CPU @ 2.40GHz,8,HDD,2.2
HP,i5,3260,Intel(R) Core(TM) i5-6300U CPU @ 2.40GHz,8,HDD,4.5
HP,i5,3260,Intel(R) Core(TM) i5-6300U CPU @ 2.40GHz,8,HDD,3.1
HP,i5,3260,Intel(R) Core(TM) i5-6300U CPU @ 2.40GHz,8,HDD,3.2
HP,i5,3260,Intel(R) Core(TM) i5-6300U CPU @ 2.40GHz,8,HDD,2.1
HP,i5,3260,Intel(R) Core(TM) i5-6300U CPU @ 2.40GHz,8,HDD,2.2
HP,i5,3260,Intel(R) Core(TM) i5-6300U CPU @ 2.40GHz,8,HDD,2.2
HP,i5,3260,Intel(R) Core(TM) i5-6300U CPU @ 2.40GHz,8,HDD,3.4
HP,i5,3260,Intel(R) Core(TM) i5-6300U CPU @ 2.40GHz,8,HDD,3.3
HP,i5,3260,Intel(R) Core(TM) i5-6300U CPU @ 2.40GHz,8,HDD,2.4
HP,i5,3260,Intel(R) Core(TM) i5-6300U CPU @ 2.40GHz,8,HDD,1.9
HP,i5,3260,Intel(R) Core(TM) i5-6300U CPU @ 2.40GHz,8,HDD,2.2
HP,i5,3260,Intel(R) Core(TM) i5-6300U CPU @ 2.40GHz,8,HDD,1.8
HP,i5,3260,Intel(R) Core(TM) i5-6300U CPU @ 2.40GHz,8,HDD,2.8
HP,i5,3260,Intel(R) Core(TM) i5-6300U CPU @ 2.40GHz,8,HDD,4
HP,i5,3260,Intel(R) Core(TM) i5-6300U CPU @ 2.40GHz,8,HDD,0.9
HP,i5,3260,Intel(R) Core(TM) i5-6300U CPU @ 2.40GHz,16,HDD,2.2
HP,i5,3260,Intel(R) Core(TM) i5-6300U CPU @ 2.40GHz,8,HDD,1.1
HP,i5,3260,Intel(R) Core(TM) i5-6300U CPU @ 2.40GHz,8,HDD,2.6
HP,i5,3260,Intel(R) Core(TM) i5-6300U CPU @ 2.40GHz,8,HDD,4.9
HP,i5,3260,Intel(R) Core(TM) i5-6300U CPU @ 2.40GHz,8,HDD,2.5
HP,i5,3260,Intel(R) Core(TM) i5-6300U CPU @ 2.40GHz,8,HDD,3.8
HP,i5,3260,Intel(R) Core(TM) i5-6300U CPU @ 2.40GHz,8,HDD,2.5
HP,i5,3260,Intel(R) Core(TM) i5-6300U CPU @ 2.40GHz,8,HDD,2.8
HP,i5,3260,Intel(R) Core(TM) i5-6300U CPU @ 2.40GHz,8,SSD,3.7
HP,i5,3260,Intel(R) Core(TM) i5-6300U CPU @ 2.40GHz,8,HDD,2.2
HP,i5,5949,Intel(R) Core(TM) i5-8250U CPU @ 1.60GHz,16,SSD,4.1
HP,i5,5949,Intel(R) Core(TM) i5-8250U CPU @ 1.60GHz,16,SSD,4.3
HP,i5,5949,Intel(R) Core(TM) i5-8250U CPU @ 1.60GHz,16,SSD,3.4
HP,i5,5949,Intel(R) Core(TM) i5-8250U CPU @ 1.60GHz,16,SSD,3.6
HP,i5,5949,Intel(R) Core(TM) i5-8250U CPU @ 1.60GHz,16,SSD,1.4
HP,i5,5949,Intel(R) Core(TM) i5-8250U CPU @ 1.60GHz,16,SSD,4.2
HP,i5,5949,Intel(R) Core(TM) i5-8250U CPU @ 1.60GHz,16,SSD,3.8
HP,i5,5949,Intel(R) Core(TM) i5-8250U CPU @ 1.60GHz,16,SSD,4.7
HP,i5,5949,Intel(R) Core(TM) i5-8250U CPU @ 1.60GHz,16,SSD,3.8
HP,i5,3260,Intel(R) Core(TM) i5-6300U CPU @ 2.40GHz,8,HDD,2.5
HP,i5,3260,Intel(R) Core(TM) i5-6300U CPU @ 2.40GHz,8,HDD,1.4
HP,i5,3260,Intel(R) Core(TM) i5-6300U CPU @ 2.40GHz,8,HDD,3.2
HP,i5,3260,Intel(R) Core(TM) i5-6300U CPU @ 2.40GHz,8,HDD,2.7
HP,i5,3260,Intel(R) Core(TM) i5-6300U CPU @ 2.40GHz,8,HDD,2.5
HP,i5,3260,Intel(R) Core(TM) i5-6300U CPU @ 2.40GHz,16,HDD,3.7
HP,i5,3260,Intel(R) Core(TM) i5-6300U CPU @ 2.40GHz,8,HDD,3.8
HP,i5,3260,Intel(R) Core(TM) i5-6300U CPU @ 2.40GHz,8,HDD,2.6
HP,i5,3260,Intel(R) Core(TM) i5-6300U CPU @ 2.40GHz,16,HDD,2.7
HP,i5,3260,Intel(R) Core(TM) i5-6300U CPU @ 2.40GHz,8,HDD,3.1
HP,i5,3260,Intel(R) Core(TM) i5-6300U CPU @ 2.40GHz,16,HDD,2.2
HP,i5,3260,Intel(R) Core(TM) i5-6300U CPU @ 2.40GHz,8,HDD,3.6
HP,i5,3260,Intel(R) Core(TM) i5-6300U CPU @ 2.40GHz,8,HDD,2.6
HP,i5,3260,Intel(R) Core(TM) i5-6300U CPU @ 2.40GHz,16,HDD,2.5
HP,i5,3260,Intel(R) Core(TM) i5-6300U CPU @ 2.40GHz,8,HDD,2.7
HP,i5,3260,Intel(R) Core(TM) i5-6300U CPU @ 2.40GHz,8,HDD,3.1
HP,i5,3260,Intel(R) Core(TM) i5-6300U CPU @ 2.40GHz,8,HDD,3.4
HP,i5,3260,Intel(R) Core(TM) i5-6300U CPU @ 2.40GHz,8,HDD,2.9
HP,i5,3260,Intel(R) Core(TM) i5-6300U CPU @ 2.40GHz,8,HDD,3
HP,i5,3260,Intel(R) Core(TM) i5-6300U CPU @ 2.40GHz,8,HDD,3.2
HP,i5,3260,Intel(R) Core(TM) i5-6300U CPU @ 2.40GHz,8,HDD,2.2
HP,i5,6109,Intel(R) Core(TM) i5-6600 CPU @ 3.30GHz,8,HDD,3.6
HP,AMD PRO A8,3204,"AMD PRO A8-8650B R7, 10 Compute Cores 4C+6G",7,HDD,1.8
HP,AMD PRO A8,3204,"AMD PRO A8-8650B R7, 10 Compute Cores 4C+6G",7,HDD,3.2
HP,AMD PRO A8,3204,"AMD PRO A8-8650B R7, 10 Compute Cores 4C+6G",31,HDD,2.6
HP,AMD PRO A10,3184,"AMD A10 PRO-7800B R7, 12 Compute Cores 4C+8G",11,HDD,3.2
HP,AMD PRO A8,3204,"AMD PRO A8-8650B R7, 10 Compute Cores 4C+6G",7,HDD,2.3
HP,AMD PRO A8,3204,"AMD PRO A8-8650B R7, 10 Compute Cores 4C+6G",7,HDD,2.4
HP,AMD PRO A8,3204,"AMD PRO A8-8650B R7, 10 Compute Cores 4C+6G",7,HDD,0.7
HP,AMD PRO A8,3204,"AMD PRO A8-8650B R7, 10 Compute Cores 4C+6G",7,HDD,2.6
HP,AMD PRO A8,3204,"AMD PRO A8-8650B R7, 10 Compute Cores 4C+6G",7,HDD,0.7
Gigabyte ,i3,6161,Intel(R) Core(TM) i3-8100 CPU @ 3.60GHz,16,HDD,4
Ace Computers,i3,6161,Intel(R) Core(TM) i3-8100 CPU @ 3.60GHz,16,HDD,4
Gigabyte ,i3,6161,Intel(R) Core(TM) i3-8100 CPU @ 3.60GHz,16,HDD,3.5
Ace Computers,i3,6161,Intel(R) Core(TM) i3-8100 CPU @ 3.60GHz,16,HDD,0.6
Ace Computers,i3,6161,Intel(R) Core(TM) i3-8100 CPU @ 3.60GHz,16,HDD,4
Gigabyte ,i3,6161,Intel(R) Core(TM) i3-8100 CPU @ 3.60GHz,16,HDD,1.8
Ace Computers,i3,6161,Intel(R) Core(TM) i3-8100 CPU @ 3.60GHz,16,HDD,3.7
Gigabyte ,i3,6161,Intel(R) Core(TM) i3-8100 CPU @ 3.60GHz,16,HDD,3.9
Dell,i5,4646,Intel(R) Core(TM) i5-3470 CPU @ 3.20GHz,8,HDD,2.8
HP,AMD PRO A8,3204,"AMD PRO A8-8650B R7, 10 Compute Cores 4C+6G",7,HDD,1.6
HP,i5,3260,Intel(R) Core(TM) i5-6300U CPU @ 2.40GHz,8,HDD,3.3
HP,i7,6551,Intel(R) Core(TM) i7-6700HQ CPU @ 2.60GHz,32,HDD,4
HP,i7,6551,Intel(R) Core(TM) i7-6700HQ CPU @ 2.60GHz,32,HDD,2.5
HP,i7,6551,Intel(R) Core(TM) i7-6700HQ CPU @ 2.60GHz,32,HDD,2.4
HP,i5,3413,Intel(R) Core(TM) i5-7200U CPU @ 2.50GHz,16,HDD,3.9
Dell,i5,6371,Intel(R) Core(TM) i5-8365U CPU @ 1.60GHz,16,HDD,4.2
Dell,i5,6343,Intel(R) Core(TM) i5-8350U CPU @ 1.70GHz,16,SSD,0.7
GETAC,i5,5988,Intel(R) Core(TM) i5-8265U CPU @ 1.60GHz,8,SSD,1.9
HP,i5,1475,Intel(R) Core(TM) i5-7Y54 CPU @ 1.20GHz,8,SSD,4.1
HP,i5,1475,Intel(R) Core(TM) i5-7Y54 CPU @ 1.20GHz,8,SSD,3.7
HP,i5,1475,Intel(R) Core(TM) i5-7Y54 CPU @ 1.20GHz,8,SSD,2
HP,AMD PRO A10,3181,"AMD PRO A10-8770E R7, 10 COMPUTE CORES 4C+6G",7,HDD,2.5
HP,AMD PRO A10,3181,"AMD PRO A10-8770E R7, 10 COMPUTE CORES 4C+6G",15,HDD,3.1
HP,AMD PRO A10,3181,"AMD PRO A10-8770E R7, 10 COMPUTE CORES 4C+6G",15,HDD,2.8
HP,AMD PRO A10,3181,"AMD PRO A10-8770E R7, 10 COMPUTE CORES 4C+6G",15,HDD,1.8
HP,AMD PRO A10,3181,"AMD PRO A10-8770E R7, 10 COMPUTE CORES 4C+6G",15,HDD,2.1
HP,AMD PRO A10,3181,"AMD PRO A10-8770E R7, 10 COMPUTE CORES 4C+6G",15,HDD,1.7
HP,AMD PRO A10,3181,"AMD PRO A10-8770E R7, 10 COMPUTE CORES 4C+6G",15,HDD,1.1
HP,AMD PRO A10,3181,"AMD PRO A10-8770E R7, 10 COMPUTE CORES 4C+6G",15,HDD,1.7
HP,AMD PRO A10,3181,"AMD PRO A10-8770E R7, 10 COMPUTE CORES 4C+6G",15,HDD,4.2
HP,AMD PRO A10,3181,"AMD PRO A10-8770E R7, 10 COMPUTE CORES 4C+6G",15,HDD,2.2
HP,AMD PRO A10,3181,"AMD PRO A10-8770E R7, 10 COMPUTE CORES 4C+6G",15,HDD,2.3
HP,AMD PRO A10,3181,"AMD PRO A10-8770E R7, 10 COMPUTE CORES 4C+6G",15,HDD,2.1
HP,AMD PRO A10,3181,"AMD PRO A10-8770E R7, 10 COMPUTE CORES 4C+6G",15,HDD,2.1
Dell,i3,6161,Intel(R) Core(TM) i3-8100 CPU @ 3.60GHz,16,HDD,3.5
Transource,i5,6634,Intel(R) Core(TM) i5-7600 CPU @ 3.50GHz,8,HDD,1.4
HP,i5,6109,Intel(R) Core(TM) i5-6600 CPU @ 3.30GHz,8,HDD,1
Ace Computers,i3,6629,Intel(R) Core(TM) i3-9100 CPU @ 3.60GHz,16,HDD,4.3
HP,AMD PRO A10,3181,"AMD PRO A10-8770E R7, 10 COMPUTE CORES 4C+6G",15,HDD,2
HP,AMD PRO A10,3181,"AMD PRO A10-8770E R7, 10 COMPUTE CORES 4C+6G",15,HDD,1.4
HP,AMD PRO A10,3181,"AMD PRO A10-8770E R7, 10 COMPUTE CORES 4C+6G",15,HDD,3
HP,AMD PRO A10,3181,"AMD PRO A10-8770E R7, 10 COMPUTE CORES 4C+6G",15,HDD,2.4
HP,AMD PRO A10,3181,"AMD PRO A10-8770E R7, 10 COMPUTE CORES 4C+6G",15,HDD,1.6
HP,i5,6109,Intel(R) Core(TM) i5-6600 CPU @ 3.30GHz,8,HDD,1.3
HP,i5,6109,Intel(R) Core(TM) i5-6600 CPU @ 3.30GHz,8,HDD,1.6
HP,i5,6109,Intel(R) Core(TM) i5-6600 CPU @ 3.30GHz,16,HDD,3.9
HP,i5,6109,Intel(R) Core(TM) i5-6600 CPU @ 3.30GHz,8,HDD,3.5
HP,i5,6109,Intel(R) Core(TM) i5-6600 CPU @ 3.30GHz,8,HDD,3.5
HP,i5,6109,Intel(R) Core(TM) i5-6600 CPU @ 3.30GHz,8,HDD,3.8
Dell,i5,5082,Intel(R) Core(TM) i5-4590S CPU @ 3.00GHz,16,HDD,3.7
Dell,i5,5082,Intel(R) Core(TM) i5-4590S CPU @ 3.00GHz,16,HDD,3.2
Dell,i7,15512,Intel(R) Core(TM) i7-10875H CPU @ 2.30GHz,32,SSD,4.1
Dell,i7,15512,Intel(R) Core(TM) i7-10875H CPU @ 2.30GHz,32,SSD,0.2
Dell,i5,3732,Intel(R) Core(TM) i5-7300U CPU @ 2.60GHz,8,SSD,0
Dell,i7,15512,Intel(R) Core(TM) i7-10875H CPU @ 2.30GHz,32,SSD,4.7
HP,i5,3260,Intel(R) Core(TM) i5-6300U CPU @ 2.40GHz,8,HDD,1.6
HP,i5,3260,Intel(R) Core(TM) i5-6300U CPU @ 2.40GHz,8,HDD,1.4
Dell,i7,6475,Intel(R) Core(TM) i7-8665U CPU @ 1.90GHz,16,SSD,2.7
Dell,i7,6416,Intel(R) Core(TM) i7-8650U CPU @ 1.90GHz,16,SSD,3.9
HP,i5,1817,Intel(R) Core(TM) i5-4302Y CPU @ 1.60GHz,8,SSD,1.7
HP,i5,1817,Intel(R) Core(TM) i5-4302Y CPU @ 1.60GHz,8,SSD,3.1
HP,i5,6109,Intel(R) Core(TM) i5-6600 CPU @ 3.30GHz,32,HDD,4
HP,i5,6109,Intel(R) Core(TM) i5-6600 CPU @ 3.30GHz,8,HDD,2.9
HP,i5,6109,Intel(R) Core(TM) i5-6600 CPU @ 3.30GHz,8,HDD,1.9
HP,i5,6109,Intel(R) Core(TM) i5-6600 CPU @ 3.30GHz,12,HDD,2.6
HP,AMD PRO A12,3848,"AMD PRO A12-8870 R7, 12 COMPUTE CORES 4C+8G",15,SSD,1
HP,i5,6109,Intel(R) Core(TM) i5-6600 CPU @ 3.30GHz,8,HDD,2.9
HP,AMD PRO A8,3204,"AMD PRO A8-8650B R7, 10 Compute Cores 4C+6G",11,SSD,4
HP,AMD PRO A12,3848,"AMD PRO A12-8870 R7, 12 COMPUTE CORES 4C+8G",15,SSD,2.8
HP,AMD PRO A8,3204,"AMD PRO A8-8650B R7, 10 Compute Cores 4C+6G",7,HDD,1.2
HP,AMD PRO A8,3204,"AMD PRO A8-8650B R7, 10 Compute Cores 4C+6G",7,HDD,1.1
HP,AMD PRO A8,3204,"AMD PRO A8-8650B R7, 10 Compute Cores 4C+6G",7,HDD,2.2
HP,AMD PRO A8,3204,"AMD PRO A8-8650B R7, 10 Compute Cores 4C+6G",7,HDD,2.7
HP,AMD PRO A12,3848,"AMD PRO A12-8870 R7, 12 COMPUTE CORES 4C+8G",15,SSD,3.6
HP,i5,6109,Intel(R) Core(TM) i5-6600 CPU @ 3.30GHz,8,HDD,2.1
HP,AMD PRO A4,1481,AMD A4 PRO-7300B APU with Radeon HD Graphics,7,HDD,2.6
HP,AMD PRO A8,3204,"AMD PRO A8-8650B R7, 10 Compute Cores 4C+6G",7,HDD,2.3
HP,AMD PRO A8,3204,"AMD PRO A8-8650B R7, 10 Compute Cores 4C+6G",31,HDD,4
Transource,i7,8624,Intel(R) Core(TM) i7-7700 CPU @ 3.60GHz,8,HDD,2.4
Transource,i5,6634,Intel(R) Core(TM) i5-7600 CPU @ 3.50GHz,8,HDD,2.3
Transource,i5,6634,Intel(R) Core(TM) i5-7600 CPU @ 3.50GHz,8,HDD,2.4
Transource,i5,6634,Intel(R) Core(TM) i5-7600 CPU @ 3.50GHz,8,HDD,2.2
Transource,i5,6634,Intel(R) Core(TM) i5-7600 CPU @ 3.50GHz,16,HDD,3
Transource,i5,6634,Intel(R) Core(TM) i5-7600 CPU @ 3.50GHz,8,HDD,2.1
Transource,i7,8624,Intel(R) Core(TM) i7-7700 CPU @ 3.60GHz,8,HDD,1.9
Transource,i7,8624,Intel(R) Core(TM) i7-7700 CPU @ 3.60GHz,8,HDD,3
Transource,i7,8624,Intel(R) Core(TM) i7-7700 CPU @ 3.60GHz,8,HDD,2.5
HP,i5,3260,Intel(R) Core(TM) i5-6300U CPU @ 2.40GHz,7,HDD,1.9
Dell,i7,12428,Intel(R) Core(TM) i7-10750H CPU @ 2.60GHz,64,SSD,4.6
HP,i5,3260,Intel(R) Core(TM) i5-6300U CPU @ 2.40GHz,7,HDD,1.6
HP,i5,3260,Intel(R) Core(TM) i5-6300U CPU @ 2.40GHz,7,HDD,2.7
HP,i5,3260,Intel(R) Core(TM) i5-6300U CPU @ 2.40GHz,7,HDD,3.4
Dell,i5,9022,Intel(R) Core(TM) i5-10400H CPU @ 2.60GHz,32,SSD,4.7
Dell,i5,9022,Intel(R) Core(TM) i5-10400H CPU @ 2.60GHz,32,SSD,4.1
Dell,i5,9022,Intel(R) Core(TM) i5-10400H CPU @ 2.60GHz,32,SSD,4.8
Dell,i5,9022,Intel(R) Core(TM) i5-10400H CPU @ 2.60GHz,32,SSD,3.8
Dell,i5,9022,Intel(R) Core(TM) i5-10400H CPU @ 2.60GHz,32,SSD,2.6
Dell,i5,9022,Intel(R) Core(TM) i5-10400H CPU @ 2.60GHz,32,SSD,3.8
Dell,i5,9022,Intel(R) Core(TM) i5-10400H CPU @ 2.60GHz,32,SSD,0.2
HP,i7,5230,Intel(R) Core(TM) i7-4712MQ CPU @ 2.30GHz,16,HDD,3.8
HP,i5,3413,Intel(R) Core(TM) i5-7200U CPU @ 2.50GHz,8,HDD,3.4
HP,i7,6551,Intel(R) Core(TM) i7-6700HQ CPU @ 2.60GHz,16,HDD,3.5
HP,i5,6109,Intel(R) Core(TM) i5-6600 CPU @ 3.30GHz,16,HDD,4
HP,i5,6109,Intel(R) Core(TM) i5-6600 CPU @ 3.30GHz,16,HDD,2.4
HP,i5,6109,Intel(R) Core(TM) i5-6600 CPU @ 3.30GHz,16,HDD,1.4
HP,AMD PRO A10,3184,"AMD A10 PRO-7800B R7, 12 Compute Cores 4C+8G",7,HDD,1.2
HP,AMD PRO A10,3184,"AMD A10 PRO-7800B R7, 12 Compute Cores 4C+8G",7,HDD,2.7
HP,AMD PRO A10,3184,"AMD A10 PRO-7800B R7, 12 Compute Cores 4C+8G",7,HDD,3.5
HP,AMD PRO A10,3184,"AMD A10 PRO-7800B R7, 12 Compute Cores 4C+8G",15,HDD,3.3
HP,i5,6109,Intel(R) Core(TM) i5-6600 CPU @ 3.30GHz,16,HDD,3.9
HP,i5,6109,Intel(R) Core(TM) i5-6600 CPU @ 3.30GHz,16,HDD,3.1
HP,i5,6109,Intel(R) Core(TM) i5-6600 CPU @ 3.30GHz,16,HDD,3.2
HP,i5,6109,Intel(R) Core(TM) i5-6600 CPU @ 3.30GHz,16,HDD,3.2
HP,i5,6109,Intel(R) Core(TM) i5-6600 CPU @ 3.30GHz,16,HDD,2.2
HP,i5,6109,Intel(R) Core(TM) i5-6600 CPU @ 3.30GHz,16,HDD,2.8
HP,i5,6109,Intel(R) Core(TM) i5-6600 CPU @ 3.30GHz,16,HDD,3.4
HP,i5,6109,Intel(R) Core(TM) i5-6600 CPU @ 3.30GHz,16,HDD,3
HP,i5,6109,Intel(R) Core(TM) i5-6600 CPU @ 3.30GHz,16,HDD,3.6
HP,i5,6109,Intel(R) Core(TM) i5-6600 CPU @ 3.30GHz,16,HDD,1.8
HP,i5,6109,Intel(R) Core(TM) i5-6600 CPU @ 3.30GHz,16,HDD,3.9
HP,i5,6109,Intel(R) Core(TM) i5-6600 CPU @ 3.30GHz,16,HDD,3.2
HP,i5,6109,Intel(R) Core(TM) i5-6600 CPU @ 3.30GHz,16,HDD,4.1
HP,i5,6109,Intel(R) Core(TM) i5-6600 CPU @ 3.30GHz,16,HDD,1.6
HP,i5,6109,Intel(R) Core(TM) i5-6600 CPU @ 3.30GHz,16,HDD,4.3
HP,i5,6109,Intel(R) Core(TM) i5-6600 CPU @ 3.30GHz,16,HDD,2.7
HP,i5,6109,Intel(R) Core(TM) i5-6600 CPU @ 3.30GHz,16,HDD,3.7
HP,i5,6109,Intel(R) Core(TM) i5-6600 CPU @ 3.30GHz,16,HDD,2.9
HP,i5,6109,Intel(R) Core(TM) i5-6600 CPU @ 3.30GHz,16,HDD,3.3
HP,i5,6109,Intel(R) Core(TM) i5-6600 CPU @ 3.30GHz,16,HDD,1.4
HP,i5,6109,Intel(R) Core(TM) i5-6600 CPU @ 3.30GHz,16,HDD,4.5
HP,i5,6109,Intel(R) Core(TM) i5-6600 CPU @ 3.30GHz,16,HDD,3.8
HP,i5,6109,Intel(R) Core(TM) i5-6600 CPU @ 3.30GHz,24,HDD,3.6
HP,i5,6109,Intel(R) Core(TM) i5-6600 CPU @ 3.30GHz,16,HDD,3.6
HP,i5,6109,Intel(R) Core(TM) i5-6600 CPU @ 3.30GHz,16,HDD,0.4
HP,i5,6109,Intel(R) Core(TM) i5-6600 CPU @ 3.30GHz,16,HDD,3.9
HP,i5,6109,Intel(R) Core(TM) i5-6600 CPU @ 3.30GHz,16,HDD,3.4
HP,i5,6109,Intel(R) Core(TM) i5-6600 CPU @ 3.30GHz,16,HDD,2.9
HP,i5,6109,Intel(R) Core(TM) i5-6600 CPU @ 3.30GHz,16,HDD,2.3
HP,i5,6109,Intel(R) Core(TM) i5-6600 CPU @ 3.30GHz,16,HDD,3.1
HP,i5,6109,Intel(R) Core(TM) i5-6600 CPU @ 3.30GHz,16,HDD,4.8
HP,i5,6109,Intel(R) Core(TM) i5-6600 CPU @ 3.30GHz,16,HDD,2.6
HP,i5,6109,Intel(R) Core(TM) i5-6600 CPU @ 3.30GHz,16,HDD,2.4
HP,i5,6109,Intel(R) Core(TM) i5-6600 CPU @ 3.30GHz,16,HDD,2.9
HP,i5,6109,Intel(R) Core(TM) i5-6600 CPU @ 3.30GHz,16,HDD,2.9
HP,i5,6109,Intel(R) Core(TM) i5-6600 CPU @ 3.30GHz,16,HDD,4.4
HP,i5,6109,Intel(R) Core(TM) i5-6600 CPU @ 3.30GHz,16,HDD,3.9
HP,i5,6109,Intel(R) Core(TM) i5-6600 CPU @ 3.30GHz,16,HDD,3.7
HP,i5,6109,Intel(R) Core(TM) i5-6600 CPU @ 3.30GHz,16,HDD,3.6
HP,i5,6109,Intel(R) Core(TM) i5-6600 CPU @ 3.30GHz,16,HDD,4.4
HP,i5,6109,Intel(R) Core(TM) i5-6600 CPU @ 3.30GHz,16,HDD,2.6
HP,i5,6109,Intel(R) Core(TM) i5-6600 CPU @ 3.30GHz,16,HDD,3.3
HP,i5,6109,Intel(R) Core(TM) i5-6600 CPU @ 3.30GHz,16,HDD,3.1
HP,AMD PRO A10,3181,"AMD PRO A10-8770E R7, 10 COMPUTE CORES 4C+6G",7,HDD,0.3
HP,i5,6109,Intel(R) Core(TM) i5-6600 CPU @ 3.30GHz,16,HDD,3.8
HP,i5,6109,Intel(R) Core(TM) i5-6600 CPU @ 3.30GHz,16,HDD,4.1
HP,i5,6109,Intel(R) Core(TM) i5-6600 CPU @ 3.30GHz,16,HDD,4.5
HP,i5,6109,Intel(R) Core(TM) i5-6600 CPU @ 3.30GHz,16,HDD,4
HP,i5,6109,Intel(R) Core(TM) i5-6600 CPU @ 3.30GHz,16,HDD,3.9
HP,i5,6109,Intel(R) Core(TM) i5-6600 CPU @ 3.30GHz,16,HDD,3.9
HP,i5,6109,Intel(R) Core(TM) i5-6600 CPU @ 3.30GHz,16,HDD,3.3
HP,i5,6109,Intel(R) Core(TM) i5-6600 CPU @ 3.30GHz,16,HDD,3.4
HP,i5,6109,Intel(R) Core(TM) i5-6600 CPU @ 3.30GHz,16,HDD,2.3
HP,i5,6109,Intel(R) Core(TM) i5-6600 CPU @ 3.30GHz,16,HDD,3.7
Ace Computers,AMD PRO Ryzen 5,13195,AMD Ryzen 5 2600 Six-Core Processor,16,HDD,1.9
HP,i5,6109,Intel(R) Core(TM) i5-6600 CPU @ 3.30GHz,16,HDD,3.4
HP,i5,6109,Intel(R) Core(TM) i5-6600 CPU @ 3.30GHz,16,HDD,2.5
HP,i5,6109,Intel(R) Core(TM) i5-6600 CPU @ 3.30GHz,16,HDD,4
HP,i5,6109,Intel(R) Core(TM) i5-6600 CPU @ 3.30GHz,16,HDD,3.8
HP,i7,6551,Intel(R) Core(TM) i7-6700HQ CPU @ 2.60GHz,16,HDD,2.1
HP,i5,3260,Intel(R) Core(TM) i5-6300U CPU @ 2.40GHz,8,HDD,1.9
HP,i5,3260,Intel(R) Core(TM) i5-6300U CPU @ 2.40GHz,8,HDD,2.4
HP,i5,3260,Intel(R) Core(TM) i5-6300U CPU @ 2.40GHz,8,HDD,2.6
HP,i5,3260,Intel(R) Core(TM) i5-6300U CPU @ 2.40GHz,8,HDD,1.3
HP,i5,3260,Intel(R) Core(TM) i5-6300U CPU @ 2.40GHz,8,HDD,3.7
HP,i5,3260,Intel(R) Core(TM) i5-6300U CPU @ 2.40GHz,8,HDD,1.2
HP,i5,3260,Intel(R) Core(TM) i5-6300U CPU @ 2.40GHz,8,HDD,3.5
HP,i5,3260,Intel(R) Core(TM) i5-6300U CPU @ 2.40GHz,8,HDD,2.3
HP,i5,3260,Intel(R) Core(TM) i5-6300U CPU @ 2.40GHz,8,HDD,2.8
HP,i5,3260,Intel(R) Core(TM) i5-6300U CPU @ 2.40GHz,16,HDD,3.3
HP,i5,3260,Intel(R) Core(TM) i5-6300U CPU @ 2.40GHz,16,HDD,3.4
HP,i5,3260,Intel(R) Core(TM) i5-6300U CPU @ 2.40GHz,8,HDD,4.6
HP,i5,3260,Intel(R) Core(TM) i5-6300U CPU @ 2.40GHz,8,HDD,0.3
HP,i5,3260,Intel(R) Core(TM) i5-6300U CPU @ 2.40GHz,8,HDD,3.4
HP,i5,3260,Intel(R) Core(TM) i5-6300U CPU @ 2.40GHz,8,HDD,3.4
HP,i5,3413,Intel(R) Core(TM) i5-7200U CPU @ 2.50GHz,16,HDD,3.5
Dell,i7,7149,Intel(R) Core(TM) i7-7820HQ CPU @ 2.90GHz,32,SSD,3.8
HP,i5,3413,Intel(R) Core(TM) i5-7200U CPU @ 2.50GHz,8,HDD,0.6
HP,i5,3260,Intel(R) Core(TM) i5-6300U CPU @ 2.40GHz,16,HDD,3.4
HP,i5,3260,Intel(R) Core(TM) i5-6300U CPU @ 2.40GHz,8,HDD,2.7
HP,i5,3260,Intel(R) Core(TM) i5-6300U CPU @ 2.40GHz,8,HDD,3.5
HP,i5,3260,Intel(R) Core(TM) i5-6300U CPU @ 2.40GHz,8,HDD,1.1
HP,i5,3260,Intel(R) Core(TM) i5-6300U CPU @ 2.40GHz,8,HDD,4.4
HP,i5,3260,Intel(R) Core(TM) i5-6300U CPU @ 2.40GHz,8,HDD,1.4
HP,i5,3260,Intel(R) Core(TM) i5-6300U CPU @ 2.40GHz,8,HDD,4
HP,i5,3260,Intel(R) Core(TM) i5-6300U CPU @ 2.40GHz,8,HDD,2.1
Dell,i5,9022,Intel(R) Core(TM) i5-10400H CPU @ 2.60GHz,32,SSD,2.2
HP,i5,3260,Intel(R) Core(TM) i5-6300U CPU @ 2.40GHz,8,HDD,2.2
HP,i5,3260,Intel(R) Core(TM) i5-6300U CPU @ 2.40GHz,8,HDD,2.7
HP,i5,3260,Intel(R) Core(TM) i5-6300U CPU @ 2.40GHz,8,HDD,0.9
HP,i5,3260,Intel(R) Core(TM) i5-6300U CPU @ 2.40GHz,8,HDD,1.9
HP,i5,3260,Intel(R) Core(TM) i5-6300U CPU @ 2.40GHz,8,HDD,1.4
HP,i5,3260,Intel(R) Core(TM) i5-6300U CPU @ 2.40GHz,16,HDD,1.8
HP,i5,3260,Intel(R) Core(TM) i5-6300U CPU @ 2.40GHz,8,HDD,1.7
HP,i5,3260,Intel(R) Core(TM) i5-6300U CPU @ 2.40GHz,16,HDD,3.9
HP,i5,3260,Intel(R) Core(TM) i5-6300U CPU @ 2.40GHz,8,HDD,2.1
HP,i5,3260,Intel(R) Core(TM) i5-6300U CPU @ 2.40GHz,8,HDD,2.6
HP,i5,3260,Intel(R) Core(TM) i5-6300U CPU @ 2.40GHz,8,HDD,1.8
HP,i5,3260,Intel(R) Core(TM) i5-6300U CPU @ 2.40GHz,8,HDD,1.8
HP,i5,3260,Intel(R) Core(TM) i5-6300U CPU @ 2.40GHz,8,HDD,3.7
HP,i5,3260,Intel(R) Core(TM) i5-6300U CPU @ 2.40GHz,8,HDD,3.7
HP,i5,3260,Intel(R) Core(TM) i5-6300U CPU @ 2.40GHz,8,HDD,3.1
HP,i5,3260,Intel(R) Core(TM) i5-6300U CPU @ 2.40GHz,8,HDD,1.7
GETAC,i5,3413,Intel(R) Core(TM) i5-7200U CPU @ 2.50GHz,8,SSD,4.3
GETAC,i5,3413,Intel(R) Core(TM) i5-7200U CPU @ 2.50GHz,8,SSD,3.7
HP,AMD PRO A8,3347,"AMD PRO A8-9600 R7, 10 COMPUTE CORES 4C+6G",31,HDD,3.1
HP,AMD PRO A8,3347,"AMD PRO A8-9600 R7, 10 COMPUTE CORES 4C+6G",7,HDD,2.1
HP,Xeon E5,11884,Intel(R) Xeon(R) CPU E5-2650 v3 @ 2.30GHz,128,HDD,4.3
HP,Xeon E5,7335,Intel(R) Xeon(R) CPU E5-2650 0 @ 2.00GHz,64,HDD,4
HP,Xeon E5,7335,Intel(R) Xeon(R) CPU E5-2650 0 @ 2.00GHz,64,HDD,3.9
Ace Computers,i3,6629,Intel(R) Core(TM) i3-9100 CPU @ 3.60GHz,16,HDD,4.1
HP,Xeon E3,7073,Intel(R) Xeon(R) CPU E3-1245 v3 @ 3.40GHz,32,HDD,4.3
HP,i5,3260,Intel(R) Core(TM) i5-6300U CPU @ 2.40GHz,8,HDD,1.7
HP,i5,3260,Intel(R) Core(TM) i5-6300U CPU @ 2.40GHz,8,HDD,3.1
HP,i5,3260,Intel(R) Core(TM) i5-6300U CPU @ 2.40GHz,8,HDD,4.6
HP,i5,3413,Intel(R) Core(TM) i5-7200U CPU @ 2.50GHz,8,SSD,4.1
HP,i5,3260,Intel(R) Core(TM) i5-6300U CPU @ 2.40GHz,8,HDD,2
HP,i5,3260,Intel(R) Core(TM) i5-6300U CPU @ 2.40GHz,8,HDD,2.4
Dell,i5,9022,Intel(R) Core(TM) i5-10400H CPU @ 2.60GHz,16,SSD,4.9
HP,i5,3260,Intel(R) Core(TM) i5-6300U CPU @ 2.40GHz,8,HDD,1.6
HP,i5,3260,Intel(R) Core(TM) i5-6300U CPU @ 2.40GHz,8,HDD,3.3
HP,i5,3260,Intel(R) Core(TM) i5-6300U CPU @ 2.40GHz,16,HDD,2.6
HP,i5,3260,Intel(R) Core(TM) i5-6300U CPU @ 2.40GHz,8,HDD,3.2
HP,i5,3260,Intel(R) Core(TM) i5-6300U CPU @ 2.40GHz,16,HDD,2.4
HP,i5,3260,Intel(R) Core(TM) i5-6300U CPU @ 2.40GHz,16,HDD,1.9
HP,i5,3260,Intel(R) Core(TM) i5-6300U CPU @ 2.40GHz,8,HDD,2.2
HP,i5,3413,Intel(R) Core(TM) i5-7200U CPU @ 2.50GHz,8,HDD,2.4
HP,i5,3260,Intel(R) Core(TM) i5-6300U CPU @ 2.40GHz,8,HDD,1.9
HP,i5,3413,Intel(R) Core(TM) i5-7200U CPU @ 2.50GHz,8,HDD,2.1
HP,i5,3413,Intel(R) Core(TM) i5-7200U CPU @ 2.50GHz,8,HDD,1.9
HP,i5,3413,Intel(R) Core(TM) i5-7200U CPU @ 2.50GHz,8,HDD,2.5
HP,i5,3413,Intel(R) Core(TM) i5-7200U CPU @ 2.50GHz,8,HDD,2.5
HP,i5,3413,Intel(R) Core(TM) i5-7200U CPU @ 2.50GHz,8,HDD,1.2
HP,i5,3260,Intel(R) Core(TM) i5-6300U CPU @ 2.40GHz,8,HDD,3.3
HP,i5,3260,Intel(R) Core(TM) i5-6300U CPU @ 2.40GHz,16,HDD,3.3
HP,i5,3260,Intel(R) Core(TM) i5-6300U CPU @ 2.40GHz,8,HDD,2.4
HP,i5,3260,Intel(R) Core(TM) i5-6300U CPU @ 2.40GHz,8,HDD,1.1
HP,i5,3260,Intel(R) Core(TM) i5-6300U CPU @ 2.40GHz,8,HDD,2.3
HP,i5,3260,Intel(R) Core(TM) i5-6300U CPU @ 2.40GHz,8,HDD,3
HP,i5,3260,Intel(R) Core(TM) i5-6300U CPU @ 2.40GHz,8,HDD,3.6
HP,i5,3260,Intel(R) Core(TM) i5-6300U CPU @ 2.40GHz,8,HDD,0.3
HP,i5,3260,Intel(R) Core(TM) i5-6300U CPU @ 2.40GHz,8,HDD,2.1
HP,i5,3260,Intel(R) Core(TM) i5-6300U CPU @ 2.40GHz,8,HDD,3.6
HP,i5,3260,Intel(R) Core(TM) i5-6300U CPU @ 2.40GHz,8,HDD,0.8
HP,i5,3413,Intel(R) Core(TM) i5-7200U CPU @ 2.50GHz,8,HDD,2.1
HP,i5,3260,Intel(R) Core(TM) i5-6300U CPU @ 2.40GHz,8,HDD,3.9
HP,i3,1733,Intel(R) Core(TM) i3-4000M CPU @ 2.40GHz,8,HDD,3.4
GETAC,i5,3413,Intel(R) Core(TM) i5-7200U CPU @ 2.50GHz,8,SSD,1.9
Dell,Xeon E3,5477,Intel(R) Xeon(R) CPU E3-1226 v3 @ 3.30GHz,16,HDD,3
HP,AMD PRO A10,3594,"AMD PRO A10-8770 R7, 10 COMPUTE CORES 4C+6G",7,SSD,2.7
HP,AMD PRO A10,3184,"AMD A10 PRO-7800B R7, 12 Compute Cores 4C+8G",7,HDD,1.9
HP,AMD PRO A10,3594,"AMD PRO A10-8770 R7, 10 COMPUTE CORES 4C+6G",7,SSD,1
HP,AMD PRO A8,3204,"AMD PRO A8-8650B R7, 10 Compute Cores 4C+6G",7,HDD,2.3
HP,AMD PRO A10,3184,"AMD A10 PRO-7800B R7, 12 Compute Cores 4C+8G",13,HDD,4
HP,AMD PRO A8,3204,"AMD PRO A8-8650B R7, 10 Compute Cores 4C+6G",7,HDD,3.4
HP,AMD PRO A8,3204,"AMD PRO A8-8650B R7, 10 Compute Cores 4C+6G",23,HDD,3
HP,AMD PRO A8,3204,"AMD PRO A8-8650B R7, 10 Compute Cores 4C+6G",7,HDD,3.3
HP,AMD PRO A8,3347,"AMD PRO A8-9600 R7, 10 COMPUTE CORES 4C+6G",7,HDD,0.3
HP,AMD PRO A8,3347,"AMD PRO A8-9600 R7, 10 COMPUTE CORES 4C+6G",7,HDD,1.1
HP,AMD PRO A8,3347,"AMD PRO A8-9600 R7, 10 COMPUTE CORES 4C+6G",7,HDD,1.4
Dell,i5,6086,Intel(R) Core(TM) i5-7500 CPU @ 3.40GHz,8,SSD,5
HP,AMD PRO A8,3347,"AMD PRO A8-9600 R7, 10 COMPUTE CORES 4C+6G",7,HDD,1.8
HP,AMD PRO A8,3347,"AMD PRO A8-9600 R7, 10 COMPUTE CORES 4C+6G",7,HDD,2.6
HP,Xeon E3,5262,Intel(R) Xeon(R) CPU E3-1225 v3 @ 3.20GHz,8,HDD,3.3
HP,AMD PRO A8,3347,"AMD PRO A8-9600 R7, 10 COMPUTE CORES 4C+6G",7,HDD,1.2
Transource,i7,9685,Intel(R) Core(TM) i7-7700K CPU @ 4.20GHz,32,HDD,3.9
HP,AMD PRO A8,3204,"AMD PRO A8-8650B R7, 10 Compute Cores 4C+6G",7,HDD,1.5
HP,AMD PRO A8,2148,"AMD PRO A8-8600B R6, 10 Compute Cores 4C+6G",7,HDD,0.8
HP,AMD PRO A8,3204,"AMD PRO A8-8650B R7, 10 Compute Cores 4C+6G",7,HDD,1.1
HP,AMD PRO A8,3204,"AMD PRO A8-8650B R7, 10 Compute Cores 4C+6G",7,HDD,3.2
HP,i5,3260,Intel(R) Core(TM) i5-6300U CPU @ 2.40GHz,8,HDD,4.1
HP,i5,3413,Intel(R) Core(TM) i5-7200U CPU @ 2.50GHz,16,HDD,4.7
HP,i5,3413,Intel(R) Core(TM) i5-7200U CPU @ 2.50GHz,16,HDD,3.3
Dell,i7,6945,Intel(R) Core(TM) i7-6820HQ CPU @ 2.70GHz,8,HDD,3.6
Dell,i7,6945,Intel(R) Core(TM) i7-6820HQ CPU @ 2.70GHz,8,HDD,3.6
HP,i5,3260,Intel(R) Core(TM) i5-6300U CPU @ 2.40GHz,8,HDD,3.7
HP,i5,3260,Intel(R) Core(TM) i5-6300U CPU @ 2.40GHz,8,HDD,2.3
Dell,i7,6945,Intel(R) Core(TM) i7-6820HQ CPU @ 2.70GHz,8,HDD,2.8
Dell,i7,6945,Intel(R) Core(TM) i7-6820HQ CPU @ 2.70GHz,8,HDD,3
Dell,i7,6945,Intel(R) Core(TM) i7-6820HQ CPU @ 2.70GHz,8,HDD,3.1
Dell,i7,6945,Intel(R) Core(TM) i7-6820HQ CPU @ 2.70GHz,16,HDD,4.5
HP,i5,3413,Intel(R) Core(TM) i5-7200U CPU @ 2.50GHz,16,HDD,4.3
HP,i5,3413,Intel(R) Core(TM) i5-7200U CPU @ 2.50GHz,16,HDD,4.2
HP,i5,3413,Intel(R) Core(TM) i5-7200U CPU @ 2.50GHz,16,HDD,3.9
HP,i5,3413,Intel(R) Core(TM) i5-7200U CPU @ 2.50GHz,16,HDD,3.6
Dell,i7,8624,Intel(R) Core(TM) i7-7700 CPU @ 3.60GHz,8,HDD,2.9
HP,AMD PRO A8,3204,"AMD PRO A8-8650B R7, 10 Compute Cores 4C+6G",7,HDD,2.9
HP,AMD PRO A8,3204,"AMD PRO A8-8650B R7, 10 Compute Cores 4C+6G",7,HDD,3.3
HP,AMD PRO A8,3204,"AMD PRO A8-8650B R7, 10 Compute Cores 4C+6G",7,HDD,2.5
HP,AMD PRO A8,3204,"AMD PRO A8-8650B R7, 10 Compute Cores 4C+6G",15,HDD,3.7
HP,AMD PRO A8,3204,"AMD PRO A8-8650B R7, 10 Compute Cores 4C+6G",31,HDD,4.1
HP,AMD PRO A8,3204,"AMD PRO A8-8650B R7, 10 Compute Cores 4C+6G",7,HDD,3.2
HP,AMD PRO A8,3204,"AMD PRO A8-8650B R7, 10 Compute Cores 4C+6G",7,HDD,1.7
HP,AMD PRO A8,3204,"AMD PRO A8-8650B R7, 10 Compute Cores 4C+6G",7,HDD,2.3
HP,i7,8624,Intel(R) Core(TM) i7-7700 CPU @ 3.60GHz,32,HDD,4.3
HP,AMD PRO A12,3848,"AMD PRO A12-8870 R7, 12 COMPUTE CORES 4C+8G",15,SSD,2.5
HP,AMD PRO A8,3204,"AMD PRO A8-8650B R7, 10 Compute Cores 4C+6G",7,HDD,2.2
HP,AMD PRO A8,3204,"AMD PRO A8-8650B R7, 10 Compute Cores 4C+6G",7,HDD,0.4
HP,AMD PRO A8,3204,"AMD PRO A8-8650B R7, 10 Compute Cores 4C+6G",7,HDD,2.5
HP,AMD PRO A10,3184,"AMD A10 PRO-7800B R7, 12 Compute Cores 4C+8G",3,HDD,1.2
HP,AMD PRO A10,3184,"AMD A10 PRO-7800B R7, 12 Compute Cores 4C+8G",7,HDD,1.6
HP,AMD PRO A10,3184,"AMD A10 PRO-7800B R7, 12 Compute Cores 4C+8G",15,HDD,4.8
HP,AMD PRO A10,3184,"AMD A10 PRO-7800B R7, 12 Compute Cores 4C+8G",3,HDD,1
HP,AMD PRO A8,3204,"AMD PRO A8-8650B R7, 10 Compute Cores 4C+6G",7,HDD,2.5
HP,AMD PRO A8,3204,"AMD PRO A8-8650B R7, 10 Compute Cores 4C+6G",15,HDD,4.7
HP,AMD PRO A8,3204,"AMD PRO A8-8650B R7, 10 Compute Cores 4C+6G",7,HDD,3.2
HP,AMD PRO A8,3204,"AMD PRO A8-8650B R7, 10 Compute Cores 4C+6G",7,HDD,2.7
HP,AMD PRO A8,3204,"AMD PRO A8-8650B R7, 10 Compute Cores 4C+6G",15,HDD,4.3
HP,AMD PRO A8,3204,"AMD PRO A8-8650B R7, 10 Compute Cores 4C+6G",15,HDD,0.3
HP,AMD PRO A8,3204,"AMD PRO A8-8650B R7, 10 Compute Cores 4C+6G",7,HDD,3.9
HP,AMD PRO A8,3204,"AMD PRO A8-8650B R7, 10 Compute Cores 4C+6G",7,HDD,3.3
HP,AMD PRO A8,3204,"AMD PRO A8-8650B R7, 10 Compute Cores 4C+6G",7,HDD,3.1
HP,AMD PRO A8,3204,"AMD PRO A8-8650B R7, 10 Compute Cores 4C+6G",7,HDD,2.5
HP,AMD PRO A8,3204,"AMD PRO A8-8650B R7, 10 Compute Cores 4C+6G",7,HDD,1.3
HP,AMD PRO A8,3204,"AMD PRO A8-8650B R7, 10 Compute Cores 4C+6G",7,HDD,2.1
HP,AMD PRO A8,3204,"AMD PRO A8-8650B R7, 10 Compute Cores 4C+6G",7,HDD,2.3
HP,AMD PRO A8,3204,"AMD PRO A8-8650B R7, 10 Compute Cores 4C+6G",7,HDD,0.4
HP,AMD PRO A8,3204,"AMD PRO A8-8650B R7, 10 Compute Cores 4C+6G",7,HDD,0.5
HP,AMD PRO A8,3204,"AMD PRO A8-8650B R7, 10 Compute Cores 4C+6G",7,HDD,3.3
HP,AMD PRO A8,3204,"AMD PRO A8-8650B R7, 10 Compute Cores 4C+6G",7,HDD,2.8
HP,AMD PRO A8,3204,"AMD PRO A8-8650B R7, 10 Compute Cores 4C+6G",7,HDD,3.5
HP,Xeon E3,5262,Intel(R) Xeon(R) CPU E3-1225 v3 @ 3.20GHz,8,HDD,0.9
HP,AMD PRO A8,3204,"AMD PRO A8-8650B R7, 10 Compute Cores 4C+6G",7,HDD,4.3
HP,Pentium,3729,Intel(R) Pentium(R) Gold G5400 CPU @ 3.70GHz,16,HDD,1.4
HP,AMD PRO A8,3204,"AMD PRO A8-8650B R7, 10 Compute Cores 4C+6G",7,HDD,2.5
HP,i7,6551,Intel(R) Core(TM) i7-6700HQ CPU @ 2.60GHz,8,HDD,2.4
HP,i5,3260,Intel(R) Core(TM) i5-6300U CPU @ 2.40GHz,8,HDD,3.2
Dell,i5,9022,Intel(R) Core(TM) i5-10400H CPU @ 2.60GHz,32,SSD,4.7
HP,i7,6551,Intel(R) Core(TM) i7-6700HQ CPU @ 2.60GHz,16,HDD,2.8
HP,i5,3413,Intel(R) Core(TM) i5-7200U CPU @ 2.50GHz,16,SSD,3
HP,i7,10423,Intel(R) Core(TM) i7-8850H CPU @ 2.60GHz,64,SSD,2.8
HP,i5,3025,Intel(R) Core(TM) i5-6200U CPU @ 2.30GHz,16,SSD,2.2
HP,i5,3025,Intel(R) Core(TM) i5-6200U CPU @ 2.30GHz,16,SSD,3.2
HP,i5,3025,Intel(R) Core(TM) i5-6200U CPU @ 2.30GHz,16,SSD,4.1
Dell,i3,2630,Intel(R) Core(TM) i3-6100U CPU @ 2.30GHz,16,SSD,0.3
LENOVO,i5,5949,Intel(R) Core(TM) i5-8250U CPU @ 1.60GHz,16,SSD,1.2
HP,i5,2780,Intel(R) Core(TM) i5-4200M CPU @ 2.50GHz,8,HDD,1.5
HP,i7,6551,Intel(R) Core(TM) i7-6700HQ CPU @ 2.60GHz,8,HDD,3.2
HP,i7,6551,Intel(R) Core(TM) i7-6700HQ CPU @ 2.60GHz,32,HDD,2.4
HP,i7,6551,Intel(R) Core(TM) i7-6700HQ CPU @ 2.60GHz,32,HDD,3.4
HP,i7,6551,Intel(R) Core(TM) i7-6700HQ CPU @ 2.60GHz,32,HDD,2.1
HP,i7,6551,Intel(R) Core(TM) i7-6700HQ CPU @ 2.60GHz,32,HDD,1.5
HP,i7,6551,Intel(R) Core(TM) i7-6700HQ CPU @ 2.60GHz,32,HDD,3.1
HP,i7,6551,Intel(R) Core(TM) i7-6700HQ CPU @ 2.60GHz,32,HDD,1.2
HP,i7,6551,Intel(R) Core(TM) i7-6700HQ CPU @ 2.60GHz,32,HDD,2.4
HP,i5,3413,Intel(R) Core(TM) i5-7200U CPU @ 2.50GHz,16,HDD,4
HP,i5,3413,Intel(R) Core(TM) i5-7200U CPU @ 2.50GHz,16,HDD,2.4
Dell,i7,7149,Intel(R) Core(TM) i7-7820HQ CPU @ 2.90GHz,32,HDD,4
FUJITSU,i5,6343,Intel(R) Core(TM) i5-8350U CPU @ 1.70GHz,16,SSD,1.6
HP,Xeon E3,5262,Intel(R) Xeon(R) CPU E3-1225 v3 @ 3.20GHz,8,HDD,5
HP,i5,3260,Intel(R) Core(TM) i5-6300U CPU @ 2.40GHz,8,HDD,2
HP,i5,3413,Intel(R) Core(TM) i5-7200U CPU @ 2.50GHz,16,SSD,4.6
HP,i5,5988,Intel(R) Core(TM) i5-8265U CPU @ 1.60GHz,16,SSD,4.7
HP,i5,5988,Intel(R) Core(TM) i5-8265U CPU @ 1.60GHz,16,SSD,4.1
HP,i5,5988,Intel(R) Core(TM) i5-8265U CPU @ 1.60GHz,16,SSD,3.8
HP,i5,3413,Intel(R) Core(TM) i5-7200U CPU @ 2.50GHz,16,SSD,3.6
HP,i5,3413,Intel(R) Core(TM) i5-7200U CPU @ 2.50GHz,16,SSD,4.1
HP,i5,3413,Intel(R) Core(TM) i5-7200U CPU @ 2.50GHz,16,SSD,4.1
HP,i5,3413,Intel(R) Core(TM) i5-7200U CPU @ 2.50GHz,16,SSD,4.3
HP,i5,3413,Intel(R) Core(TM) i5-7200U CPU @ 2.50GHz,16,SSD,3.7
HP,i5,5949,Intel(R) Core(TM) i5-8250U CPU @ 1.60GHz,16,SSD,3.1
HP,i5,5949,Intel(R) Core(TM) i5-8250U CPU @ 1.60GHz,16,SSD,4.4
HP,i5,5949,Intel(R) Core(TM) i5-8250U CPU @ 1.60GHz,16,SSD,3.8
HP,i5,5949,Intel(R) Core(TM) i5-8250U CPU @ 1.60GHz,16,SSD,4.3
HP,i5,3413,Intel(R) Core(TM) i5-7200U CPU @ 2.50GHz,16,SSD,2.5
HP,i5,5988,Intel(R) Core(TM) i5-8265U CPU @ 1.60GHz,16,SSD,4.5
HP,i5,3413,Intel(R) Core(TM) i5-7200U CPU @ 2.50GHz,16,SSD,3.8
HP,i5,3413,Intel(R) Core(TM) i5-7200U CPU @ 2.50GHz,16,SSD,3.4
HP,i5,5949,Intel(R) Core(TM) i5-8250U CPU @ 1.60GHz,16,SSD,3.4
HP,i5,5949,Intel(R) Core(TM) i5-8250U CPU @ 1.60GHz,16,SSD,4.4
HP,i5,3413,Intel(R) Core(TM) i5-7200U CPU @ 2.50GHz,16,SSD,4
HP,i5,3413,Intel(R) Core(TM) i5-7200U CPU @ 2.50GHz,16,SSD,4
HP,i5,5949,Intel(R) Core(TM) i5-8250U CPU @ 1.60GHz,16,SSD,3.5
Dell,i5,3732,Intel(R) Core(TM) i5-7300U CPU @ 2.60GHz,8,HDD,3.7
Dell,i5,3732,Intel(R) Core(TM) i5-7300U CPU @ 2.60GHz,8,HDD,0.1
HP,i5,3413,Intel(R) Core(TM) i5-7200U CPU @ 2.50GHz,16,HDD,4.4
HP,i5,3413,Intel(R) Core(TM) i5-7200U CPU @ 2.50GHz,16,HDD,3.4
HP,i5,3413,Intel(R) Core(TM) i5-7200U CPU @ 2.50GHz,16,HDD,3.4
HP,i5,3413,Intel(R) Core(TM) i5-7200U CPU @ 2.50GHz,16,HDD,4.1
Dell,i7,7149,Intel(R) Core(TM) i7-7820HQ CPU @ 2.90GHz,32,SSD,4.5
Dell,i7,7149,Intel(R) Core(TM) i7-7820HQ CPU @ 2.90GHz,32,SSD,4.6
Dell,i7,7149,Intel(R) Core(TM) i7-7820HQ CPU @ 2.90GHz,16,SSD,3.6
HP,i7,10423,Intel(R) Core(TM) i7-8850H CPU @ 2.60GHz,32,SSD,4.8
Dell,i5,9022,Intel(R) Core(TM) i5-10400H CPU @ 2.60GHz,32,SSD,3.9
LENOVO,i7,6945,Intel(R) Core(TM) i7-6820HQ CPU @ 2.70GHz,32,SSD,4.5
LENOVO,i7,6945,Intel(R) Core(TM) i7-6820HQ CPU @ 2.70GHz,32,SSD,3.8
HP,i5,3413,Intel(R) Core(TM) i5-7200U CPU @ 2.50GHz,7,HDD,3.6
HP,i5,3413,Intel(R) Core(TM) i5-7200U CPU @ 2.50GHz,16,SSD,3.5
HP,i5,3413,Intel(R) Core(TM) i5-7200U CPU @ 2.50GHz,8,HDD,2.5
HP,i5,3413,Intel(R) Core(TM) i5-7200U CPU @ 2.50GHz,16,HDD,3.8
HP,i5,3413,Intel(R) Core(TM) i5-7200U CPU @ 2.50GHz,8,HDD,3.7
HP,i5,3413,Intel(R) Core(TM) i5-7200U CPU @ 2.50GHz,8,HDD,3.8
HP,i5,3413,Intel(R) Core(TM) i5-7200U CPU @ 2.50GHz,8,HDD,3.2
HP,i5,3413,Intel(R) Core(TM) i5-7200U CPU @ 2.50GHz,16,SSD,4.1
HP,i5,3413,Intel(R) Core(TM) i5-7200U CPU @ 2.50GHz,8,HDD,3.6
HP,i5,3413,Intel(R) Core(TM) i5-7200U CPU @ 2.50GHz,8,SSD,4.4
HP,i5,3413,Intel(R) Core(TM) i5-7200U CPU @ 2.50GHz,8,HDD,3.3
HP,i5,3413,Intel(R) Core(TM) i5-7200U CPU @ 2.50GHz,8,HDD,3.4
HP,i5,3413,Intel(R) Core(TM) i5-7200U CPU @ 2.50GHz,8,HDD,3.9
HP,i5,3413,Intel(R) Core(TM) i5-7200U CPU @ 2.50GHz,8,SSD,4
HP,i5,3413,Intel(R) Core(TM) i5-7200U CPU @ 2.50GHz,8,HDD,4
HP,i5,3413,Intel(R) Core(TM) i5-7200U CPU @ 2.50GHz,7,HDD,1.9
HP,i5,3413,Intel(R) Core(TM) i5-7200U CPU @ 2.50GHz,8,HDD,1.5
HP,i5,3413,Intel(R) Core(TM) i5-7200U CPU @ 2.50GHz,8,HDD,3.3
HP,i5,3260,Intel(R) Core(TM) i5-6300U CPU @ 2.40GHz,8,HDD,4
HP,i5,3260,Intel(R) Core(TM) i5-6300U CPU @ 2.40GHz,8,HDD,3
Dell,i7,15512,Intel(R) Core(TM) i7-10875H CPU @ 2.30GHz,32,SSD,2.2
HP,i5,3260,Intel(R) Core(TM) i5-6300U CPU @ 2.40GHz,8,HDD,2.5
HP,i5,3260,Intel(R) Core(TM) i5-6300U CPU @ 2.40GHz,8,HDD,1.1
HP,i5,3260,Intel(R) Core(TM) i5-6300U CPU @ 2.40GHz,16,HDD,1.4
HP,i5,3260,Intel(R) Core(TM) i5-6300U CPU @ 2.40GHz,16,HDD,4.4
HP,i5,3260,Intel(R) Core(TM) i5-6300U CPU @ 2.40GHz,8,HDD,3.9
HP,i5,3260,Intel(R) Core(TM) i5-6300U CPU @ 2.40GHz,16,HDD,4
HP,i5,3260,Intel(R) Core(TM) i5-6300U CPU @ 2.40GHz,8,HDD,1.5
HP,i5,3260,Intel(R) Core(TM) i5-6300U CPU @ 2.40GHz,8,HDD,2.8
HP,i5,3260,Intel(R) Core(TM) i5-6300U CPU @ 2.40GHz,8,HDD,3.6
HP,i5,3260,Intel(R) Core(TM) i5-6300U CPU @ 2.40GHz,8,HDD,1.1
HP,i5,3260,Intel(R) Core(TM) i5-6300U CPU @ 2.40GHz,8,HDD,3.4
HP,i5,3260,Intel(R) Core(TM) i5-6300U CPU @ 2.40GHz,8,HDD,3.1
HP,i5,3260,Intel(R) Core(TM) i5-6300U CPU @ 2.40GHz,8,HDD,3.1
HP,i5,3260,Intel(R) Core(TM) i5-6300U CPU @ 2.40GHz,8,HDD,1.3
HP,i5,3260,Intel(R) Core(TM) i5-6300U CPU @ 2.40GHz,8,HDD,3.2
HP,i5,3260,Intel(R) Core(TM) i5-6300U CPU @ 2.40GHz,8,HDD,3
HP,i5,3260,Intel(R) Core(TM) i5-6300U CPU @ 2.40GHz,8,HDD,1.9
HP,i5,3260,Intel(R) Core(TM) i5-6300U CPU @ 2.40GHz,8,HDD,2
Dell,i7,15512,Intel(R) Core(TM) i7-10875H CPU @ 2.30GHz,64,SSD,5
Dell,i7,15512,Intel(R) Core(TM) i7-10875H CPU @ 2.30GHz,64,SSD,4.7
HP,i5,3413,Intel(R) Core(TM) i5-7200U CPU @ 2.50GHz,8,HDD,4.6
HP,i5,3260,Intel(R) Core(TM) i5-6300U CPU @ 2.40GHz,8,HDD,2.4
HP,i5,3260,Intel(R) Core(TM) i5-6300U CPU @ 2.40GHz,8,HDD,2.7
HP,i5,3413,Intel(R) Core(TM) i5-7200U CPU @ 2.50GHz,16,HDD,0.7
HP,i5,3413,Intel(R) Core(TM) i5-7200U CPU @ 2.50GHz,16,HDD,4.2
HP,i5,3413,Intel(R) Core(TM) i5-7200U CPU @ 2.50GHz,8,SSD,4.2
HP,i5,3413,Intel(R) Core(TM) i5-7200U CPU @ 2.50GHz,16,SSD,2.4
HP,i5,3413,Intel(R) Core(TM) i5-7200U CPU @ 2.50GHz,8,SSD,4.4
HP,i5,3413,Intel(R) Core(TM) i5-7200U CPU @ 2.50GHz,8,SSD,4.1
HP,i5,3413,Intel(R) Core(TM) i5-7200U CPU @ 2.50GHz,8,SSD,3.6
HP,i5,3260,Intel(R) Core(TM) i5-6300U CPU @ 2.40GHz,8,HDD,1.9
HP,i5,3260,Intel(R) Core(TM) i5-6300U CPU @ 2.40GHz,8,HDD,1.3
HP,i5,3260,Intel(R) Core(TM) i5-6300U CPU @ 2.40GHz,8,SSD,2.6
HP,i5,3413,Intel(R) Core(TM) i5-7200U CPU @ 2.50GHz,8,HDD,3.6
HP,i5,3260,Intel(R) Core(TM) i5-6300U CPU @ 2.40GHz,8,HDD,2.9
Dell,i5,8360,Intel(R) Core(TM) i5-9400H CPU @ 2.50GHz,32,SSD,2.3
HP,i5,3413,Intel(R) Core(TM) i5-7200U CPU @ 2.50GHz,16,SSD,3.6
Dell,i7,15512,Intel(R) Core(TM) i7-10875H CPU @ 2.30GHz,32,SSD,4.1
HP,i5,3413,Intel(R) Core(TM) i5-7200U CPU @ 2.50GHz,7,HDD,3.6
HP,i5,3413,Intel(R) Core(TM) i5-7200U CPU @ 2.50GHz,15,SSD,4.7
HP,i5,3413,Intel(R) Core(TM) i5-7200U CPU @ 2.50GHz,15,HDD,4.1
HP,i5,3413,Intel(R) Core(TM) i5-7200U CPU @ 2.50GHz,7,HDD,2.7
HP,i5,3413,Intel(R) Core(TM) i5-7200U CPU @ 2.50GHz,7,HDD,1.2
HP,i5,5949,Intel(R) Core(TM) i5-8250U CPU @ 1.60GHz,31,SSD,3.9
HP,i5,7533,Intel(R) Core(TM) i5-8300H CPU @ 2.30GHz,15,HDD,4.1
HP,i5,5949,Intel(R) Core(TM) i5-8250U CPU @ 1.60GHz,31,SSD,4.5
HP,i5,5949,Intel(R) Core(TM) i5-8250U CPU @ 1.60GHz,31,SSD,4
HP,i5,3413,Intel(R) Core(TM) i5-7200U CPU @ 2.50GHz,15,HDD,3.8
HP,i5,2895,Intel(R) Core(TM) i5-4210M CPU @ 2.60GHz,7,HDD,3
HP,i5,5493,Intel(R) Core(TM) i5-7440HQ CPU @ 2.80GHz,15,HDD,3.2
HP,i5,5949,Intel(R) Core(TM) i5-8250U CPU @ 1.60GHz,15,SSD,3
LENOVO,i5,3413,Intel(R) Core(TM) i5-7200U CPU @ 2.50GHz,16,SSD,4
HP,i5,3413,Intel(R) Core(TM) i5-7200U CPU @ 2.50GHz,15,HDD,4.3
HP,i5,5949,Intel(R) Core(TM) i5-8250U CPU @ 1.60GHz,15,SSD,4.5
HP,i5,5949,Intel(R) Core(TM) i5-8250U CPU @ 1.60GHz,31,SSD,4.8
HP,i5,5949,Intel(R) Core(TM) i5-8250U CPU @ 1.60GHz,31,SSD,4.8
HP,i5,5949,Intel(R) Core(TM) i5-8250U CPU @ 1.60GHz,31,SSD,4.5
HP,i5,3025,Intel(R) Core(TM) i5-4300M CPU @ 2.60GHz,11,HDD,4.4
HP,i5,3413,Intel(R) Core(TM) i5-7200U CPU @ 2.50GHz,15,SSD,3.5
HP,i7,5323,Intel(R) Core(TM) i7-4700MQ CPU @ 2.40GHz,7,HDD,3.5
HP,i5,3413,Intel(R) Core(TM) i5-7200U CPU @ 2.50GHz,31,HDD,4.2
HP,i5,3413,Intel(R) Core(TM) i5-7200U CPU @ 2.50GHz,31,HDD,4.6
HP,i5,3413,Intel(R) Core(TM) i5-7200U CPU @ 2.50GHz,7,HDD,3.5
HP,i5,5949,Intel(R) Core(TM) i5-8250U CPU @ 1.60GHz,15,SSD,4.2
HP,i5,5493,Intel(R) Core(TM) i5-7440HQ CPU @ 2.80GHz,16,SSD,2.4
HP,i7,5230,Intel(R) Core(TM) i7-4712MQ CPU @ 2.30GHz,15,HDD,4.7
HP,i5,3413,Intel(R) Core(TM) i5-7200U CPU @ 2.50GHz,7,HDD,2.8
HP,i5,3413,Intel(R) Core(TM) i5-7200U CPU @ 2.50GHz,7,HDD,1.4
HP,i5,7533,Intel(R) Core(TM) i5-8300H CPU @ 2.30GHz,16,HDD,4
HP,i5,1817,Intel(R) Core(TM) i5-4302Y CPU @ 1.60GHz,8,SSD,1.9
HP,i5,5949,Intel(R) Core(TM) i5-8250U CPU @ 1.60GHz,15,SSD,4.2
HP,i5,5949,Intel(R) Core(TM) i5-8250U CPU @ 1.60GHz,15,SSD,1
HP,i5,1817,Intel(R) Core(TM) i5-4302Y CPU @ 1.60GHz,7,SSD,3
LENOVO,i7,11533,Intel(R) Core(TM) i7-9850H CPU @ 2.60GHz,16,HDD,4.3
HP,i5,3260,Intel(R) Core(TM) i5-6300U CPU @ 2.40GHz,8,HDD,3.1
HP,i5,3260,Intel(R) Core(TM) i5-6300U CPU @ 2.40GHz,8,HDD,1.8
HP,i5,3260,Intel(R) Core(TM) i5-6300U CPU @ 2.40GHz,8,HDD,2.8
HP,i5,3260,Intel(R) Core(TM) i5-6300U CPU @ 2.40GHz,8,HDD,4.4
Dell,i7,15512,Intel(R) Core(TM) i7-10875H CPU @ 2.30GHz,32,SSD,4.5
LENOVO,i7,11226,Intel(R) Core(TM) i7-9750H CPU @ 2.60GHz,16,HDD,3.9
Dell,i5,9022,Intel(R) Core(TM) i5-10400H CPU @ 2.60GHz,32,SSD,4.1
LENOVO,i7,6551,Intel(R) Core(TM) i7-6700HQ CPU @ 2.60GHz,16,SSD,4.4
LENOVO,i7,6551,Intel(R) Core(TM) i7-6700HQ CPU @ 2.60GHz,16,SSD,1.5
LENOVO,i7,6551,Intel(R) Core(TM) i7-6700HQ CPU @ 2.60GHz,16,SSD,4
LENOVO,i7,6551,Intel(R) Core(TM) i7-6700HQ CPU @ 2.60GHz,16,SSD,2.8
LENOVO,i7,6551,Intel(R) Core(TM) i7-6700HQ CPU @ 2.60GHz,16,SSD,4
HP,i5,3260,Intel(R) Core(TM) i5-6300U CPU @ 2.40GHz,8,HDD,3.1
LENOVO,i7,6551,Intel(R) Core(TM) i7-6700HQ CPU @ 2.60GHz,16,HDD,2.9
LENOVO,i7,6551,Intel(R) Core(TM) i7-6700HQ CPU @ 2.60GHz,16,HDD,4.1
LENOVO,i7,6551,Intel(R) Core(TM) i7-6700HQ CPU @ 2.60GHz,16,HDD,4.1
LENOVO,i7,6551,Intel(R) Core(TM) i7-6700HQ CPU @ 2.60GHz,16,HDD,4.7
LENOVO,i7,6551,Intel(R) Core(TM) i7-6700HQ CPU @ 2.60GHz,16,HDD,4
LENOVO,i7,6551,Intel(R) Core(TM) i7-6700HQ CPU @ 2.60GHz,16,HDD,3
LENOVO,i7,6551,Intel(R) Core(TM) i7-6700HQ CPU @ 2.60GHz,16,HDD,4.6
HP,i5,7533,Intel(R) Core(TM) i5-8300H CPU @ 2.30GHz,16,HDD,4.6
HP,i5,7533,Intel(R) Core(TM) i5-8300H CPU @ 2.30GHz,16,HDD,4
Dell,i5,9022,Intel(R) Core(TM) i5-10400H CPU @ 2.60GHz,32,SSD,4.7
LENOVO,i7,6551,Intel(R) Core(TM) i7-6700HQ CPU @ 2.60GHz,16,HDD,4
HP,i5,3260,Intel(R) Core(TM) i5-6300U CPU @ 2.40GHz,8,HDD,2.2
HP,i5,3260,Intel(R) Core(TM) i5-6300U CPU @ 2.40GHz,8,HDD,3.7
Transource,i7,9685,Intel(R) Core(TM) i7-7700K CPU @ 4.20GHz,8,HDD,4.4
HP,i5,3260,Intel(R) Core(TM) i5-6300U CPU @ 2.40GHz,8,HDD,1.9
HP,i5,3413,Intel(R) Core(TM) i5-7200U CPU @ 2.50GHz,8,HDD,1.7
HP,i5,3260,Intel(R) Core(TM) i5-6300U CPU @ 2.40GHz,8,HDD,3.2
HP,i5,3260,Intel(R) Core(TM) i5-6300U CPU @ 2.40GHz,8,HDD,2.9
HP,i5,3260,Intel(R) Core(TM) i5-6300U CPU @ 2.40GHz,8,HDD,2.5
Dell,i7,7149,Intel(R) Core(TM) i7-7820HQ CPU @ 2.90GHz,8,HDD,4
Durabook,i5,3413,Intel(R) Core(TM) i5-7200U CPU @ 2.50GHz,16,SSD,0.1
HP,i5,3413,Intel(R) Core(TM) i5-7200U CPU @ 2.50GHz,8,HDD,3.7
Dell,i5,9022,Intel(R) Core(TM) i5-10400H CPU @ 2.60GHz,32,SSD,4.6
Dell,i5,9022,Intel(R) Core(TM) i5-10400H CPU @ 2.60GHz,32,SSD,3.9
Dell,i5,9022,Intel(R) Core(TM) i5-10400H CPU @ 2.60GHz,32,SSD,4
HP,i7,6551,Intel(R) Core(TM) i7-6700HQ CPU @ 2.60GHz,16,HDD,2.3
HP,i7,6551,Intel(R) Core(TM) i7-6700HQ CPU @ 2.60GHz,16,HDD,4.6
HP,i7,6551,Intel(R) Core(TM) i7-6700HQ CPU @ 2.60GHz,16,HDD,1.7
Dell,i5,6670,Intel(R) Core(TM) i5-10310U CPU @ 1.70GHz,16,SSD,3.8
HP,i5,3260,Intel(R) Core(TM) i5-6300U CPU @ 2.40GHz,8,HDD,2
HP,i5,3413,Intel(R) Core(TM) i5-7200U CPU @ 2.50GHz,16,HDD,4.6
HP,i5,3260,Intel(R) Core(TM) i5-6300U CPU @ 2.40GHz,8,SSD,3.4
HP,i5,3413,Intel(R) Core(TM) i5-7200U CPU @ 2.50GHz,16,SSD,4
HP,i5,3413,Intel(R) Core(TM) i5-7200U CPU @ 2.50GHz,16,SSD,4.3
HP,i5,3260,Intel(R) Core(TM) i5-6300U CPU @ 2.40GHz,8,HDD,4.1
HP,i5,3260,Intel(R) Core(TM) i5-6300U CPU @ 2.40GHz,8,HDD,0.9
HP,i5,3260,Intel(R) Core(TM) i5-6300U CPU @ 2.40GHz,8,HDD,0.4
Dell,Xeon E3,8243,Intel(R) Xeon(R) CPU E3-1535M v6 @ 3.10GHz,32,SSD,4.6
Dell,i7,15512,Intel(R) Core(TM) i7-10875H CPU @ 2.30GHz,32,SSD,4.6
Dell,i7,15512,Intel(R) Core(TM) i7-10875H CPU @ 2.30GHz,32,SSD,4.1
Dell,i7,15512,Intel(R) Core(TM) i7-10875H CPU @ 2.30GHz,32,SSD,3.1
HP,i5,3260,Intel(R) Core(TM) i5-6300U CPU @ 2.40GHz,8,HDD,0
HP,i5,3260,Intel(R) Core(TM) i5-6300U CPU @ 2.40GHz,16,HDD,3.6
HP,i5,3260,Intel(R) Core(TM) i5-6300U CPU @ 2.40GHz,8,HDD,4.7
HP,i5,3260,Intel(R) Core(TM) i5-6300U CPU @ 2.40GHz,8,HDD,3.8
HP,i7,6551,Intel(R) Core(TM) i7-6700HQ CPU @ 2.60GHz,16,SSD,4
HP,i5,3260,Intel(R) Core(TM) i5-6300U CPU @ 2.40GHz,8,HDD,1.6
HP,i5,3260,Intel(R) Core(TM) i5-6300U CPU @ 2.40GHz,8,HDD,4.2
HP,i5,3260,Intel(R) Core(TM) i5-6300U CPU @ 2.40GHz,8,HDD,3.9
HP,i5,3260,Intel(R) Core(TM) i5-6300U CPU @ 2.40GHz,8,HDD,3.6
HP,i5,3413,Intel(R) Core(TM) i5-7200U CPU @ 2.50GHz,16,HDD,3.8
Dell,i5,8360,Intel(R) Core(TM) i5-9400H CPU @ 2.50GHz,32,SSD,1.9
HP,i7,10423,Intel(R) Core(TM) i7-8850H CPU @ 2.60GHz,64,SSD,4.2
HP,i5,3413,Intel(R) Core(TM) i5-7200U CPU @ 2.50GHz,16,SSD,4.6
HP,i5,5493,Intel(R) Core(TM) i5-7440HQ CPU @ 2.80GHz,32,HDD,4
HP,i5,5493,Intel(R) Core(TM) i5-7440HQ CPU @ 2.80GHz,16,HDD,4
HP,i5,5493,Intel(R) Core(TM) i5-7440HQ CPU @ 2.80GHz,32,HDD,4
HP,i5,2895,Intel(R) Core(TM) i5-4210M CPU @ 2.60GHz,8,HDD,2.6
Dell,Xeon E3,8243,Intel(R) Xeon(R) CPU E3-1535M v6 @ 3.10GHz,32,SSD,4.7
HP,i5,3413,Intel(R) Core(TM) i5-7200U CPU @ 2.50GHz,8,HDD,3.5
Dell,i5,8360,Intel(R) Core(TM) i5-9400H CPU @ 2.50GHz,32,SSD,1
Dell,i7,15512,Intel(R) Core(TM) i7-10875H CPU @ 2.30GHz,64,SSD,2.5
HP,i5,3413,Intel(R) Core(TM) i5-7200U CPU @ 2.50GHz,16,SSD,4.5
HP,i5,3413,Intel(R) Core(TM) i5-7200U CPU @ 2.50GHz,16,SSD,4.3
HP,i5,5949,Intel(R) Core(TM) i5-8250U CPU @ 1.60GHz,16,SSD,4.4
HP,i5,3413,Intel(R) Core(TM) i5-7200U CPU @ 2.50GHz,16,SSD,2.3
HP,i5,3413,Intel(R) Core(TM) i5-7200U CPU @ 2.50GHz,16,SSD,4.6
Dell,i5,6670,Intel(R) Core(TM) i5-10310U CPU @ 1.70GHz,16,SSD,4.9
HP,i5,1475,Intel(R) Core(TM) i5-7Y54 CPU @ 1.20GHz,8,SSD,4
Microsoft,i5,6343,Intel(R) Core(TM) i5-8350U CPU @ 1.70GHz,16,SSD,4
HP,AMD PRO A8,3204,"AMD PRO A8-8650B R7, 10 Compute Cores 4C+6G",7,HDD,3.6
HP,AMD PRO A8,3347,"AMD PRO A8-9600 R7, 10 COMPUTE CORES 4C+6G",7,SSD,2.5
HP,i5,3260,Intel(R) Core(TM) i5-6300U CPU @ 2.40GHz,16,HDD,4.3
HP,i5,3260,Intel(R) Core(TM) i5-6300U CPU @ 2.40GHz,16,HDD,4.3
HP,i5,3260,Intel(R) Core(TM) i5-6300U CPU @ 2.40GHz,8,HDD,3.3
HP,i5,3413,Intel(R) Core(TM) i5-7200U CPU @ 2.50GHz,16,SSD,4
HP,i5,3260,Intel(R) Core(TM) i5-6300U CPU @ 2.40GHz,8,HDD,0.6
HP,i5,3413,Intel(R) Core(TM) i5-7200U CPU @ 2.50GHz,16,HDD,3.8
Dell,i7,15512,Intel(R) Core(TM) i7-10875H CPU @ 2.30GHz,32,SSD,4.4
HP,i5,3413,Intel(R) Core(TM) i5-7200U CPU @ 2.50GHz,8,HDD,3.7
HP,i5,5949,Intel(R) Core(TM) i5-8250U CPU @ 1.60GHz,15,SSD,4.6
HP,i5,3260,Intel(R) Core(TM) i5-6300U CPU @ 2.40GHz,8,HDD,2.4
Dell,i5,6447,Intel(R) Core(TM) i5-10210U CPU @ 1.60GHz,8,SSD,2.8
HP,AMD PRO A10,3594,"AMD PRO A10-8770 R7, 10 COMPUTE CORES 4C+6G",15,SSD,4.2
HP,i5,3413,Intel(R) Core(TM) i5-7200U CPU @ 2.50GHz,16,HDD,4.2
HP,i5,3413,Intel(R) Core(TM) i5-7200U CPU @ 2.50GHz,8,SSD,3.8
HP,i5,3413,Intel(R) Core(TM) i5-7200U CPU @ 2.50GHz,16,SSD,3.7
HP,i5,5949,Intel(R) Core(TM) i5-8250U CPU @ 1.60GHz,16,SSD,3.4
HP,i5,3413,Intel(R) Core(TM) i5-7200U CPU @ 2.50GHz,32,SSD,2.8
HP,i5,3413,Intel(R) Core(TM) i5-7200U CPU @ 2.50GHz,16,SSD,4.7
HP,i5,3413,Intel(R) Core(TM) i5-7200U CPU @ 2.50GHz,16,SSD,3.8
HP,i5,3413,Intel(R) Core(TM) i5-7200U CPU @ 2.50GHz,16,SSD,1.6
HP,i5,3413,Intel(R) Core(TM) i5-7200U CPU @ 2.50GHz,16,SSD,2.7
HP,i5,3413,Intel(R) Core(TM) i5-7200U CPU @ 2.50GHz,16,SSD,3.8
HP,i7,3216,Intel(R) Core(TM) i7-4600M CPU @ 2.90GHz,16,SSD,3.8
Dell,Xeon E3,7552,Intel(R) Xeon(R) CPU E3-1575M v5 @ 3.00GHz,64,SSD,4.3
Dell,i7,15512,Intel(R) Core(TM) i7-10875H CPU @ 2.30GHz,64,SSD,4
Dell,i7,15512,Intel(R) Core(TM) i7-10875H CPU @ 2.30GHz,32,SSD,4.2
HP,i5,5949,Intel(R) Core(TM) i5-8250U CPU @ 1.60GHz,16,SSD,3.8
HP,i5,5949,Intel(R) Core(TM) i5-8250U CPU @ 1.60GHz,16,SSD,4.1
HP,i5,3260,Intel(R) Core(TM) i5-6300U CPU @ 2.40GHz,16,HDD,4.3
HP,i7,6551,Intel(R) Core(TM) i7-6700HQ CPU @ 2.60GHz,16,HDD,4.5
Dell,i7,15512,Intel(R) Core(TM) i7-10875H CPU @ 2.30GHz,32,SSD,4.8
HP,i5,3260,Intel(R) Core(TM) i5-6300U CPU @ 2.40GHz,8,HDD,2.2
HP,i5,3260,Intel(R) Core(TM) i5-6300U CPU @ 2.40GHz,8,HDD,3.9
HP,i5,3260,Intel(R) Core(TM) i5-6300U CPU @ 2.40GHz,8,HDD,3.3
HP,i5,3260,Intel(R) Core(TM) i5-6300U CPU @ 2.40GHz,8,HDD,2.2
HP,i5,3260,Intel(R) Core(TM) i5-6300U CPU @ 2.40GHz,8,HDD,4
HP,i5,3260,Intel(R) Core(TM) i5-6300U CPU @ 2.40GHz,8,HDD,4.5
HP,i5,3260,Intel(R) Core(TM) i5-6300U CPU @ 2.40GHz,8,HDD,2.9
HP,i5,3260,Intel(R) Core(TM) i5-6300U CPU @ 2.40GHz,8,HDD,3.5
HP,i5,3260,Intel(R) Core(TM) i5-6300U CPU @ 2.40GHz,8,HDD,1.3
HP,i5,1475,Intel(R) Core(TM) i5-7Y54 CPU @ 1.20GHz,8,SSD,1.2
LENOVO,i5,8360,Intel(R) Core(TM) i5-9400H CPU @ 2.50GHz,16,HDD,2
HP,i5,3260,Intel(R) Core(TM) i5-6300U CPU @ 2.40GHz,8,HDD,3.2
HP,i7,6551,Intel(R) Core(TM) i7-6700HQ CPU @ 2.60GHz,32,HDD,2.7
Dell,i5,6371,Intel(R) Core(TM) i5-8365U CPU @ 1.60GHz,16,HDD,4.3
Dell,i5,6371,Intel(R) Core(TM) i5-8365U CPU @ 1.60GHz,16,HDD,4
HP,AMD PRO A8,3204,"AMD PRO A8-8650B R7, 10 Compute Cores 4C+6G",7,HDD,3.2
HP,i5,3413,Intel(R) Core(TM) i5-7200U CPU @ 2.50GHz,15,HDD,2.7
HP,i5,3260,Intel(R) Core(TM) i5-6300U CPU @ 2.40GHz,15,HDD,2.9
Dell,i7,12428,Intel(R) Core(TM) i7-10750H CPU @ 2.60GHz,64,SSD,4.9
HP,i5,3260,Intel(R) Core(TM) i5-6300U CPU @ 2.40GHz,7,HDD,2.4
HP,i7,6954,Intel(R) Core(TM) i7-7700HQ CPU @ 2.80GHz,32,SSD,3.9
Dell,i7,15512,Intel(R) Core(TM) i7-10875H CPU @ 2.30GHz,64,SSD,2.9
Dell,i5,9022,Intel(R) Core(TM) i5-10400H CPU @ 2.60GHz,32,SSD,4.2
Dell,i5,9022,Intel(R) Core(TM) i5-10400H CPU @ 2.60GHz,32,SSD,4.4
HP,i5,3260,Intel(R) Core(TM) i5-6300U CPU @ 2.40GHz,8,HDD,2
HP,i5,3260,Intel(R) Core(TM) i5-6300U CPU @ 2.40GHz,8,HDD,3.1
HP,i5,3260,Intel(R) Core(TM) i5-6300U CPU @ 2.40GHz,8,HDD,3.2
HP,i5,3260,Intel(R) Core(TM) i5-6300U CPU @ 2.40GHz,8,HDD,2.8
Dell,i5,9022,Intel(R) Core(TM) i5-10400H CPU @ 2.60GHz,32,SSD,2.4
Dell,i5,9022,Intel(R) Core(TM) i5-10400H CPU @ 2.60GHz,32,SSD,4.1
HP,i5,3413,Intel(R) Core(TM) i5-7200U CPU @ 2.50GHz,16,SSD,4
HP,i5,3413,Intel(R) Core(TM) i5-7200U CPU @ 2.50GHz,8,SSD,4.6
HP,i5,3413,Intel(R) Core(TM) i5-7200U CPU @ 2.50GHz,16,HDD,3.5
HP,i5,3413,Intel(R) Core(TM) i5-7200U CPU @ 2.50GHz,8,HDD,1.5
HP,i5,3413,Intel(R) Core(TM) i5-7200U CPU @ 2.50GHz,8,HDD,2.6
HP,i5,3260,Intel(R) Core(TM) i5-6300U CPU @ 2.40GHz,8,HDD,4
HP,i5,3260,Intel(R) Core(TM) i5-6300U CPU @ 2.40GHz,8,HDD,2.4
HP,i5,3260,Intel(R) Core(TM) i5-6300U CPU @ 2.40GHz,8,HDD,3.2
HP,i5,3260,Intel(R) Core(TM) i5-6300U CPU @ 2.40GHz,8,HDD,3.4
HP,i5,3260,Intel(R) Core(TM) i5-6300U CPU @ 2.40GHz,16,HDD,1.8
HP,i5,3260,Intel(R) Core(TM) i5-6300U CPU @ 2.40GHz,8,HDD,3.2
FUJITSU,i5,6343,Intel(R) Core(TM) i5-8350U CPU @ 1.70GHz,16,SSD,4.4
HP,i5,3260,Intel(R) Core(TM) i5-6300U CPU @ 2.40GHz,8,HDD,2.3
HP,i5,3260,Intel(R) Core(TM) i5-6300U CPU @ 2.40GHz,8,HDD,2.9
Dell,i5,9022,Intel(R) Core(TM) i5-10400H CPU @ 2.60GHz,16,SSD,4.9
HP,i5,3260,Intel(R) Core(TM) i5-6300U CPU @ 2.40GHz,8,HDD,1.8
HP,i5,3260,Intel(R) Core(TM) i5-6300U CPU @ 2.40GHz,8,HDD,3.3
HP,i5,3260,Intel(R) Core(TM) i5-6300U CPU @ 2.40GHz,8,HDD,4.2
HP,i3,1733,Intel(R) Core(TM) i3-4000M CPU @ 2.40GHz,8,HDD,2.3
HP,i5,3260,Intel(R) Core(TM) i5-6300U CPU @ 2.40GHz,8,HDD,3.6
Dell,i7,6945,Intel(R) Core(TM) i7-6820HQ CPU @ 2.70GHz,8,HDD,3.6
Dell,i7,6945,Intel(R) Core(TM) i7-6820HQ CPU @ 2.70GHz,16,HDD,2.8
HP,i7,10423,Intel(R) Core(TM) i7-8850H CPU @ 2.60GHz,64,HDD,3.8
HP,i5,3413,Intel(R) Core(TM) i5-7200U CPU @ 2.50GHz,16,HDD,2.4
HP,i5,3413,Intel(R) Core(TM) i5-7200U CPU @ 2.50GHz,8,HDD,3.2
HP,i5,3413,Intel(R) Core(TM) i5-7200U CPU @ 2.50GHz,16,HDD,2.7
FUJITSU,i5,6343,Intel(R) Core(TM) i5-8350U CPU @ 1.70GHz,16,SSD,3.6
HP,i5,3413,Intel(R) Core(TM) i5-7200U CPU @ 2.50GHz,16,SSD,4.3
HP,i7,6551,Intel(R) Core(TM) i7-6700HQ CPU @ 2.60GHz,8,HDD,2.3
HP,i7,6551,Intel(R) Core(TM) i7-6700HQ CPU @ 2.60GHz,32,HDD,3.8
LENOVO,i5,8360,Intel(R) Core(TM) i5-9400H CPU @ 2.50GHz,16,SSD,4.8
Dell,i5,6343,Intel(R) Core(TM) i5-8350U CPU @ 1.70GHz,8,SSD,2.1
HP,i5,3025,Intel(R) Core(TM) i5-6200U CPU @ 2.30GHz,8,HDD,1.2
HP,i5,3260,Intel(R) Core(TM) i5-6300U CPU @ 2.40GHz,8,HDD,2.6
HP,i5,3413,Intel(R) Core(TM) i5-7200U CPU @ 2.50GHz,16,SSD,3.7
HP,i5,3413,Intel(R) Core(TM) i5-7200U CPU @ 2.50GHz,8,SSD,4.1
HP,i5,3413,Intel(R) Core(TM) i5-7200U CPU @ 2.50GHz,8,HDD,1.4
HP,i5,3413,Intel(R) Core(TM) i5-7200U CPU @ 2.50GHz,8,SSD,2.8
HP,Xeon E3,7004,Intel(R) Xeon(R) CPU E3-1505M v6 @ 3.00GHz,32,HDD,4.8
HP,i7,6551,Intel(R) Core(TM) i7-6700HQ CPU @ 2.60GHz,8,HDD,3.9
HP,i5,3413,Intel(R) Core(TM) i5-7200U CPU @ 2.50GHz,16,HDD,4.7
HP,i5,3413,Intel(R) Core(TM) i5-7200U CPU @ 2.50GHz,8,HDD,3.5
Dell,i7,7149,Intel(R) Core(TM) i7-7820HQ CPU @ 2.90GHz,16,HDD,4
LENOVO,i7,11533,Intel(R) Core(TM) i7-9850H CPU @ 2.60GHz,64,SSD,4.4
HP,AMD PRO A12,3848,"AMD PRO A12-8870 R7, 12 COMPUTE CORES 4C+8G",15,HDD,0.4
HP,AMD PRO A12,3848,"AMD PRO A12-8870 R7, 12 COMPUTE CORES 4C+8G",15,HDD,1.7
Ace Computers,i5,10800,Intel(R) Core(TM) i5-9600K CPU @ 3.70GHz,32,SSD,4.8
HP,i5,3413,Intel(R) Core(TM) i5-7200U CPU @ 2.50GHz,8,HDD,3.9
HP,i5,3260,Intel(R) Core(TM) i5-6300U CPU @ 2.40GHz,8,HDD,4.2
HP,i5,3260,Intel(R) Core(TM) i5-6300U CPU @ 2.40GHz,8,HDD,0.4
HP,i5,3260,Intel(R) Core(TM) i5-6300U CPU @ 2.40GHz,8,HDD,4.1
HP,i5,7533,Intel(R) Core(TM) i5-8300H CPU @ 2.30GHz,32,SSD,2.4
HP,i5,3413,Intel(R) Core(TM) i5-7200U CPU @ 2.50GHz,8,HDD,2.7
HP,i5,3413,Intel(R) Core(TM) i5-7200U CPU @ 2.50GHz,8,HDD,3.7
HP,i5,3260,Intel(R) Core(TM) i5-6300U CPU @ 2.40GHz,8,HDD,1.4
HP,i5,3260,Intel(R) Core(TM) i5-6300U CPU @ 2.40GHz,8,HDD,3.6
HP,i5,3260,Intel(R) Core(TM) i5-6300U CPU @ 2.40GHz,16,HDD,3.8
HP,i5,3260,Intel(R) Core(TM) i5-6300U CPU @ 2.40GHz,8,HDD,4
HP,i5,3260,Intel(R) Core(TM) i5-6300U CPU @ 2.40GHz,8,HDD,1.9
HP,i5,3413,Intel(R) Core(TM) i5-7200U CPU @ 2.50GHz,8,HDD,4.4
HP,i5,3260,Intel(R) Core(TM) i5-6300U CPU @ 2.40GHz,8,HDD,2.7
HP,i5,3413,Intel(R) Core(TM) i5-7200U CPU @ 2.50GHz,8,HDD,0.4
HP,i5,3413,Intel(R) Core(TM) i5-7200U CPU @ 2.50GHz,8,HDD,0.1
HP,i5,3260,Intel(R) Core(TM) i5-6300U CPU @ 2.40GHz,8,HDD,4
HP,i5,3413,Intel(R) Core(TM) i5-7200U CPU @ 2.50GHz,8,HDD,3.9
HP,i5,3260,Intel(R) Core(TM) i5-6300U CPU @ 2.40GHz,8,HDD,3.7
HP,i5,3260,Intel(R) Core(TM) i5-6300U CPU @ 2.40GHz,8,HDD,3.8
Dell,i7,6475,Intel(R) Core(TM) i7-8665U CPU @ 1.90GHz,32,SSD,2.9
HP,i3,1733,Intel(R) Core(TM) i3-4000M CPU @ 2.40GHz,8,HDD,3.9
HP,i5,3260,Intel(R) Core(TM) i5-6300U CPU @ 2.40GHz,8,HDD,3.2
HP,i5,3260,Intel(R) Core(TM) i5-6300U CPU @ 2.40GHz,16,HDD,4.8
HP,i5,3413,Intel(R) Core(TM) i5-7200U CPU @ 2.50GHz,8,HDD,3.1
HP,i5,3413,Intel(R) Core(TM) i5-7200U CPU @ 2.50GHz,8,HDD,4.1
HP,i5,3413,Intel(R) Core(TM) i5-7200U CPU @ 2.50GHz,16,SSD,3.6
HP,i5,3413,Intel(R) Core(TM) i5-7200U CPU @ 2.50GHz,16,SSD,1.4
HP,i5,3413,Intel(R) Core(TM) i5-7200U CPU @ 2.50GHz,8,HDD,3.4
HP,i5,3413,Intel(R) Core(TM) i5-7200U CPU @ 2.50GHz,16,SSD,4
HP,i5,3413,Intel(R) Core(TM) i5-7200U CPU @ 2.50GHz,8,HDD,1.5
HP,i5,3413,Intel(R) Core(TM) i5-7200U CPU @ 2.50GHz,8,HDD,2
HP,i5,3413,Intel(R) Core(TM) i5-7200U CPU @ 2.50GHz,8,HDD,2.5
HP,i5,3413,Intel(R) Core(TM) i5-7200U CPU @ 2.50GHz,8,HDD,1.8
HP,i5,3413,Intel(R) Core(TM) i5-7200U CPU @ 2.50GHz,8,HDD,4.6
HP,i5,3260,Intel(R) Core(TM) i5-6300U CPU @ 2.40GHz,8,HDD,1.1
HP,i5,3413,Intel(R) Core(TM) i5-7200U CPU @ 2.50GHz,8,HDD,2.4
HP,i5,3413,Intel(R) Core(TM) i5-7200U CPU @ 2.50GHz,8,HDD,2.4
HP,i5,3260,Intel(R) Core(TM) i5-6300U CPU @ 2.40GHz,16,HDD,3.7
HP,i5,3260,Intel(R) Core(TM) i5-6300U CPU @ 2.40GHz,8,HDD,2.8
HP,i5,3413,Intel(R) Core(TM) i5-7200U CPU @ 2.50GHz,8,HDD,3
HP,i5,3413,Intel(R) Core(TM) i5-7200U CPU @ 2.50GHz,8,HDD,4.4
HP,i5,3464,Intel(R) Core(TM) i5-4340M CPU @ 2.90GHz,16,SSD,3.7
HP,i5,3260,Intel(R) Core(TM) i5-6300U CPU @ 2.40GHz,8,HDD,1.7
Dell,i3,3681,Intel(R) Core(TM) i3-8130U CPU @ 2.20GHz,4,SSD,3.8
HP,i5,3413,Intel(R) Core(TM) i5-7200U CPU @ 2.50GHz,16,SSD,3.7
HP,i5,3413,Intel(R) Core(TM) i5-7200U CPU @ 2.50GHz,8,HDD,1.8
HP,i5,3413,Intel(R) Core(TM) i5-7200U CPU @ 2.50GHz,8,HDD,2.1
HP,i5,3413,Intel(R) Core(TM) i5-7200U CPU @ 2.50GHz,8,HDD,4.1
HP,i5,3260,Intel(R) Core(TM) i5-6300U CPU @ 2.40GHz,8,HDD,2.4
HP,i5,3260,Intel(R) Core(TM) i5-6300U CPU @ 2.40GHz,8,HDD,3.2
Dell,i5,3732,Intel(R) Core(TM) i5-7300U CPU @ 2.60GHz,8,HDD,4.1
HP,i5,3413,Intel(R) Core(TM) i5-7200U CPU @ 2.50GHz,16,HDD,4.5
HP,i5,3260,Intel(R) Core(TM) i5-6300U CPU @ 2.40GHz,16,HDD,2.8
HP,i5,3413,Intel(R) Core(TM) i5-7200U CPU @ 2.50GHz,8,HDD,0.6
HP,i5,3413,Intel(R) Core(TM) i5-7200U CPU @ 2.50GHz,16,SSD,0.8
Dell,i5,6343,Intel(R) Core(TM) i5-8350U CPU @ 1.70GHz,8,SSD,3.7
HP,i5,3260,Intel(R) Core(TM) i5-6300U CPU @ 2.40GHz,8,HDD,3.9
HP,i5,3260,Intel(R) Core(TM) i5-6300U CPU @ 2.40GHz,8,HDD,2.3
HP,i5,3260,Intel(R) Core(TM) i5-6300U CPU @ 2.40GHz,16,SSD,3.5
HP,i5,3260,Intel(R) Core(TM) i5-6300U CPU @ 2.40GHz,8,HDD,2.8
HP,i5,3260,Intel(R) Core(TM) i5-6300U CPU @ 2.40GHz,8,HDD,2.6
HP,i5,3413,Intel(R) Core(TM) i5-7200U CPU @ 2.50GHz,16,HDD,4.4
HP,i5,3260,Intel(R) Core(TM) i5-6300U CPU @ 2.40GHz,8,HDD,3
HP,i5,3260,Intel(R) Core(TM) i5-6300U CPU @ 2.40GHz,8,HDD,2.1
HP,i5,3260,Intel(R) Core(TM) i5-6300U CPU @ 2.40GHz,8,HDD,3.3
HP,i5,3260,Intel(R) Core(TM) i5-6300U CPU @ 2.40GHz,16,SSD,3.4
HP,i5,3260,Intel(R) Core(TM) i5-6300U CPU @ 2.40GHz,8,HDD,4.4
HP,i5,3260,Intel(R) Core(TM) i5-6300U CPU @ 2.40GHz,8,HDD,1.1
HP,i5,3413,Intel(R) Core(TM) i5-7200U CPU @ 2.50GHz,15,HDD,3.5
HP,i5,3413,Intel(R) Core(TM) i5-7200U CPU @ 2.50GHz,15,HDD,4.8
HP,i5,3260,Intel(R) Core(TM) i5-6300U CPU @ 2.40GHz,8,HDD,1.2
HP,i5,3260,Intel(R) Core(TM) i5-6300U CPU @ 2.40GHz,8,HDD,2.2
HP,i5,3413,Intel(R) Core(TM) i5-7200U CPU @ 2.50GHz,8,HDD,3.2
HP,i5,3260,Intel(R) Core(TM) i5-6300U CPU @ 2.40GHz,8,HDD,1.6
HP,i7,10423,Intel(R) Core(TM) i7-8850H CPU @ 2.60GHz,64,SSD,4.8
HP,i5,3260,Intel(R) Core(TM) i5-6300U CPU @ 2.40GHz,8,HDD,3.7
HP,i5,3260,Intel(R) Core(TM) i5-6300U CPU @ 2.40GHz,8,HDD,3.5
HP,i5,3260,Intel(R) Core(TM) i5-6300U CPU @ 2.40GHz,8,HDD,4.1
HP,i5,3260,Intel(R) Core(TM) i5-6300U CPU @ 2.40GHz,8,SSD,3.3
HP,i5,3260,Intel(R) Core(TM) i5-6300U CPU @ 2.40GHz,8,HDD,3.2
HP,i5,3260,Intel(R) Core(TM) i5-6300U CPU @ 2.40GHz,8,HDD,4.3
HP,i5,5988,Intel(R) Core(TM) i5-8265U CPU @ 1.60GHz,16,HDD,4
HP,i5,5988,Intel(R) Core(TM) i5-8265U CPU @ 1.60GHz,16,HDD,4.7
HP,i5,3260,Intel(R) Core(TM) i5-6300U CPU @ 2.40GHz,8,HDD,3.7
HP,i5,3260,Intel(R) Core(TM) i5-6300U CPU @ 2.40GHz,8,HDD,2
Dell,i7,3633,Intel(R) Core(TM) i7-7600U CPU @ 2.80GHz,16,SSD,3.8
HP,i5,3413,Intel(R) Core(TM) i5-7200U CPU @ 2.50GHz,8,HDD,3.5
HP,i5,5949,Intel(R) Core(TM) i5-8250U CPU @ 1.60GHz,32,SSD,4.5
HP,i7,5855,Intel(R) Core(TM) i7-4800MQ CPU @ 2.70GHz,16,HDD,1.1
Dell,i7,15512,Intel(R) Core(TM) i7-10875H CPU @ 2.30GHz,32,SSD,3.4
HP,i5,3260,Intel(R) Core(TM) i5-6300U CPU @ 2.40GHz,16,SSD,4
HP,i5,3413,Intel(R) Core(TM) i5-7200U CPU @ 2.50GHz,16,HDD,2.3
HP,i5,3413,Intel(R) Core(TM) i5-7200U CPU @ 2.50GHz,8,HDD,4.4
HP,i5,2895,Intel(R) Core(TM) i5-4210M CPU @ 2.60GHz,8,HDD,3.3
Dell,i7,15512,Intel(R) Core(TM) i7-10875H CPU @ 2.30GHz,32,SSD,4.1
HP,i7,5855,Intel(R) Core(TM) i7-4800MQ CPU @ 2.70GHz,16,HDD,1.2
HP,i5,3260,Intel(R) Core(TM) i5-6300U CPU @ 2.40GHz,16,HDD,4.6
HP,i5,3413,Intel(R) Core(TM) i5-7200U CPU @ 2.50GHz,8,HDD,1.3
HP,i7,6954,Intel(R) Core(TM) i7-7700HQ CPU @ 2.80GHz,32,SSD,3.6
HP,i5,3260,Intel(R) Core(TM) i5-6300U CPU @ 2.40GHz,8,HDD,3.2
Dell,i7,7149,Intel(R) Core(TM) i7-7820HQ CPU @ 2.90GHz,16,HDD,4
Dell,i7,15512,Intel(R) Core(TM) i7-10875H CPU @ 2.30GHz,32,SSD,3.7
HP,i5,7533,Intel(R) Core(TM) i5-8300H CPU @ 2.30GHz,16,HDD,4.2
LENOVO,i5,3413,Intel(R) Core(TM) i5-7200U CPU @ 2.50GHz,8,HDD,4
HP,i7,6551,Intel(R) Core(TM) i7-6700HQ CPU @ 2.60GHz,32,SSD,3.4
HP,i5,3260,Intel(R) Core(TM) i5-6300U CPU @ 2.40GHz,8,HDD,3.5
HP,i5,1475,Intel(R) Core(TM) i5-7Y54 CPU @ 1.20GHz,8,SSD,4
HP,i5,3260,Intel(R) Core(TM) i5-6300U CPU @ 2.40GHz,8,HDD,4.1
Dell,i5,6343,Intel(R) Core(TM) i5-8350U CPU @ 1.70GHz,8,SSD,3.9
GETAC,i5,5988,Intel(R) Core(TM) i5-8265U CPU @ 1.60GHz,8,SSD,4.5
HP,i5,1817,Intel(R) Core(TM) i5-4302Y CPU @ 1.60GHz,4,SSD,2.8
HP,i5,1475,Intel(R) Core(TM) i5-7Y54 CPU @ 1.20GHz,8,SSD,2
HP,i5,1475,Intel(R) Core(TM) i5-7Y54 CPU @ 1.20GHz,8,SSD,2.6
HP,i5,3260,Intel(R) Core(TM) i5-6300U CPU @ 2.40GHz,16,HDD,2.4
HP,i5,3260,Intel(R) Core(TM) i5-6300U CPU @ 2.40GHz,8,HDD,1.8
HP,i5,3260,Intel(R) Core(TM) i5-6300U CPU @ 2.40GHz,8,HDD,1.5
Dell,i5,9022,Intel(R) Core(TM) i5-10400H CPU @ 2.60GHz,32,SSD,3.7
HP,i7,6551,Intel(R) Core(TM) i7-6700HQ CPU @ 2.60GHz,16,HDD,3.1
HP,i5,2506,Intel(R) Core(TM) i5-4300U CPU @ 1.90GHz,8,HDD,2.3
HP,i5,3413,Intel(R) Core(TM) i5-7200U CPU @ 2.50GHz,16,HDD,4.2
Dell,i7,15512,Intel(R) Core(TM) i7-10875H CPU @ 2.30GHz,64,SSD,4.1
GETAC,i5,3413,Intel(R) Core(TM) i5-7200U CPU @ 2.50GHz,8,SSD,4.6
GETAC,i5,3413,Intel(R) Core(TM) i5-7200U CPU @ 2.50GHz,8,SSD,3.5
HP,i5,3260,Intel(R) Core(TM) i5-6300U CPU @ 2.40GHz,8,HDD,3.1
HP,i5,3260,Intel(R) Core(TM) i5-6300U CPU @ 2.40GHz,8,HDD,1.1
HP,i5,3260,Intel(R) Core(TM) i5-6300U CPU @ 2.40GHz,8,HDD,4.2
HP,i5,3260,Intel(R) Core(TM) i5-6300U CPU @ 2.40GHz,8,HDD,4.3
Dell,i5,9022,Intel(R) Core(TM) i5-10400H CPU @ 2.60GHz,32,SSD,2.3
Dell,i5,9022,Intel(R) Core(TM) i5-10400H CPU @ 2.60GHz,32,SSD,4.1
Dell,i5,9022,Intel(R) Core(TM) i5-10400H CPU @ 2.60GHz,32,SSD,3.5
HP,i5,3260,Intel(R) Core(TM) i5-6300U CPU @ 2.40GHz,8,SSD,3.8
HP,i5,3413,Intel(R) Core(TM) i5-7200U CPU @ 2.50GHz,8,SSD,4.3
HP,i5,3413,Intel(R) Core(TM) i5-7200U CPU @ 2.50GHz,8,SSD,3.6
LENOVO,i7,6551,Intel(R) Core(TM) i7-6700HQ CPU @ 2.60GHz,16,SSD,4.9
LENOVO,i7,6551,Intel(R) Core(TM) i7-6700HQ CPU @ 2.60GHz,16,SSD,4.7
LENOVO,i7,6551,Intel(R) Core(TM) i7-6700HQ CPU @ 2.60GHz,16,SSD,4.1
LENOVO,i7,6551,Intel(R) Core(TM) i7-6700HQ CPU @ 2.60GHz,16,SSD,4.1
LENOVO,i7,6551,Intel(R) Core(TM) i7-6700HQ CPU @ 2.60GHz,16,SSD,1.4
HP,i7,6551,Intel(R) Core(TM) i7-6700HQ CPU @ 2.60GHz,16,HDD,4.4
HP,i7,6551,Intel(R) Core(TM) i7-6700HQ CPU @ 2.60GHz,16,HDD,3.4
HP,i7,6551,Intel(R) Core(TM) i7-6700HQ CPU @ 2.60GHz,16,HDD,3.7
HP,i7,6551,Intel(R) Core(TM) i7-6700HQ CPU @ 2.60GHz,16,HDD,4.6
HP,i7,6551,Intel(R) Core(TM) i7-6700HQ CPU @ 2.60GHz,16,HDD,2.6
HP,i7,6551,Intel(R) Core(TM) i7-6700HQ CPU @ 2.60GHz,16,HDD,2
HP,i5,3025,Intel(R) Core(TM) i5-6200U CPU @ 2.30GHz,16,HDD,4.1
HP,i5,2506,Intel(R) Core(TM) i5-4300U CPU @ 1.90GHz,8,SSD,4.1
Dell,i5,9022,Intel(R) Core(TM) i5-10400H CPU @ 2.60GHz,32,SSD,5
HP,i7,6551,Intel(R) Core(TM) i7-6700HQ CPU @ 2.60GHz,16,HDD,3.2
Dell,i5,9022,Intel(R) Core(TM) i5-10400H CPU @ 2.60GHz,32,SSD,4.1
FUJITSU,i5,6371,Intel(R) Core(TM) i5-8365U CPU @ 1.60GHz,16,SSD,4.4
FUJITSU,i5,6371,Intel(R) Core(TM) i5-8365U CPU @ 1.60GHz,16,SSD,4.2
Dell,i7,15512,Intel(R) Core(TM) i7-10875H CPU @ 2.30GHz,32,SSD,3.3
HP,i5,3260,Intel(R) Core(TM) i5-6300U CPU @ 2.40GHz,8,HDD,2.9
HP,i5,3260,Intel(R) Core(TM) i5-6300U CPU @ 2.40GHz,8,HDD,2.9
HP,i5,3260,Intel(R) Core(TM) i5-6300U CPU @ 2.40GHz,16,HDD,2.8
HP,i5,3260,Intel(R) Core(TM) i5-6300U CPU @ 2.40GHz,8,HDD,3
HP,i5,3260,Intel(R) Core(TM) i5-6300U CPU @ 2.40GHz,16,HDD,3.4
HP,i5,3260,Intel(R) Core(TM) i5-6300U CPU @ 2.40GHz,8,HDD,2.1
HP,i5,3260,Intel(R) Core(TM) i5-6300U CPU @ 2.40GHz,8,HDD,2.7
HP,i5,3260,Intel(R) Core(TM) i5-6300U CPU @ 2.40GHz,8,HDD,3.1
HP,i5,3260,Intel(R) Core(TM) i5-6300U CPU @ 2.40GHz,8,HDD,2.6
HP,i5,3260,Intel(R) Core(TM) i5-6300U CPU @ 2.40GHz,8,HDD,3
HP,i5,3260,Intel(R) Core(TM) i5-6300U CPU @ 2.40GHz,8,HDD,2
HP,i5,3260,Intel(R) Core(TM) i5-6300U CPU @ 2.40GHz,8,HDD,0.7
HP,i5,3260,Intel(R) Core(TM) i5-6300U CPU @ 2.40GHz,8,HDD,0.7
HP,i5,3260,Intel(R) Core(TM) i5-6300U CPU @ 2.40GHz,8,HDD,2.3
HP,i5,3260,Intel(R) Core(TM) i5-6300U CPU @ 2.40GHz,8,HDD,1.6
Dell,i7,15512,Intel(R) Core(TM) i7-10875H CPU @ 2.30GHz,32,SSD,4
Dell,i7,15512,Intel(R) Core(TM) i7-10875H CPU @ 2.30GHz,32,SSD,3.7
Dell,i5,6371,Intel(R) Core(TM) i5-8365U CPU @ 1.60GHz,16,HDD,4.9
Dell,i7,7149,Intel(R) Core(TM) i7-7820HQ CPU @ 2.90GHz,8,HDD,2
Dell,i5,9022,Intel(R) Core(TM) i5-10400H CPU @ 2.60GHz,64,SSD,4.7
HP,i5,3260,Intel(R) Core(TM) i5-6300U CPU @ 2.40GHz,8,HDD,3.8
HP,i5,3260,Intel(R) Core(TM) i5-6300U CPU @ 2.40GHz,8,HDD,1.6
HP,i5,3260,Intel(R) Core(TM) i5-6300U CPU @ 2.40GHz,8,HDD,3
HP,i5,3260,Intel(R) Core(TM) i5-6300U CPU @ 2.40GHz,8,HDD,1.9
HP,i5,3260,Intel(R) Core(TM) i5-6300U CPU @ 2.40GHz,8,HDD,2.7
HP,i5,3260,Intel(R) Core(TM) i5-6300U CPU @ 2.40GHz,8,HDD,1.2
HP,i5,3260,Intel(R) Core(TM) i5-6300U CPU @ 2.40GHz,16,SSD,4.3
HP,i5,3260,Intel(R) Core(TM) i5-6300U CPU @ 2.40GHz,8,HDD,3.1
HP,i5,3413,Intel(R) Core(TM) i5-7200U CPU @ 2.50GHz,8,HDD,3.2
HP,i5,3413,Intel(R) Core(TM) i5-7200U CPU @ 2.50GHz,8,HDD,1.3
HP,i5,3260,Intel(R) Core(TM) i5-6300U CPU @ 2.40GHz,8,HDD,1.5
HP,i5,3260,Intel(R) Core(TM) i5-6300U CPU @ 2.40GHz,8,HDD,1.2
HP,i5,3260,Intel(R) Core(TM) i5-6300U CPU @ 2.40GHz,8,HDD,4
HP,i5,3413,Intel(R) Core(TM) i5-7200U CPU @ 2.50GHz,8,HDD,2.1
HP,i5,3413,Intel(R) Core(TM) i5-7200U CPU @ 2.50GHz,8,HDD,3.5
HP,i5,3413,Intel(R) Core(TM) i5-7200U CPU @ 2.50GHz,16,HDD,3.6
HP,i5,3413,Intel(R) Core(TM) i5-7200U CPU @ 2.50GHz,16,HDD,3.3
HP,i5,3260,Intel(R) Core(TM) i5-6300U CPU @ 2.40GHz,8,HDD,3
Dell,i5,9022,Intel(R) Core(TM) i5-10400H CPU @ 2.60GHz,32,SSD,4.4
Dell,i5,9022,Intel(R) Core(TM) i5-10400H CPU @ 2.60GHz,32,SSD,4.9
Dell,i7,6945,Intel(R) Core(TM) i7-6820HQ CPU @ 2.70GHz,16,HDD,4.5
LENOVO,i7,6551,Intel(R) Core(TM) i7-6700HQ CPU @ 2.60GHz,16,SSD,4.8
LENOVO,i7,6551,Intel(R) Core(TM) i7-6700HQ CPU @ 2.60GHz,16,SSD,3.4
LENOVO,i7,6551,Intel(R) Core(TM) i7-6700HQ CPU @ 2.60GHz,16,SSD,4.4
LENOVO,i7,6551,Intel(R) Core(TM) i7-6700HQ CPU @ 2.60GHz,16,SSD,4.6
LENOVO,i7,6551,Intel(R) Core(TM) i7-6700HQ CPU @ 2.60GHz,16,SSD,4.3
LENOVO,i7,6551,Intel(R) Core(TM) i7-6700HQ CPU @ 2.60GHz,16,SSD,4.4
HP,i7,6551,Intel(R) Core(TM) i7-6700HQ CPU @ 2.60GHz,16,HDD,3.7
LENOVO,i7,5817,Intel(R) Core(TM) i7-4710MQ CPU @ 2.50GHz,8,HDD,3.7
LENOVO,i7,5817,Intel(R) Core(TM) i7-4710MQ CPU @ 2.50GHz,8,HDD,4.4
HP,i7,6551,Intel(R) Core(TM) i7-6700HQ CPU @ 2.60GHz,16,HDD,3.2
HP,i5,1817,Intel(R) Core(TM) i5-4302Y CPU @ 1.60GHz,8,SSD,3.5
HP,i5,3413,Intel(R) Core(TM) i5-7200U CPU @ 2.50GHz,16,HDD,1.5
Dell,i5,9022,Intel(R) Core(TM) i5-10400H CPU @ 2.60GHz,32,SSD,4.9
HP,i5,3260,Intel(R) Core(TM) i5-6300U CPU @ 2.40GHz,8,HDD,3
Dell,i5,9022,Intel(R) Core(TM) i5-10400H CPU @ 2.60GHz,32,SSD,4.2
Dell,i5,9022,Intel(R) Core(TM) i5-10400H CPU @ 2.60GHz,32,SSD,4.8
LENOVO,i7,6551,Intel(R) Core(TM) i7-6700HQ CPU @ 2.60GHz,16,SSD,1.9
LENOVO,i7,6551,Intel(R) Core(TM) i7-6700HQ CPU @ 2.60GHz,16,SSD,4.9
LENOVO,i7,6551,Intel(R) Core(TM) i7-6700HQ CPU @ 2.60GHz,16,SSD,4.4
LENOVO,i7,6551,Intel(R) Core(TM) i7-6700HQ CPU @ 2.60GHz,32,SSD,4.2
LENOVO,i7,6551,Intel(R) Core(TM) i7-6700HQ CPU @ 2.60GHz,16,SSD,4.6
HP,i7,6551,Intel(R) Core(TM) i7-6700HQ CPU @ 2.60GHz,16,HDD,2.8
HP,i7,6551,Intel(R) Core(TM) i7-6700HQ CPU @ 2.60GHz,16,HDD,3.9
Dell,i5,9022,Intel(R) Core(TM) i5-10400H CPU @ 2.60GHz,32,SSD,2.4
Dell,i5,9022,Intel(R) Core(TM) i5-10400H CPU @ 2.60GHz,32,SSD,4.1
Dell,i5,9022,Intel(R) Core(TM) i5-10400H CPU @ 2.60GHz,32,SSD,3.9
Dell,i5,9022,Intel(R) Core(TM) i5-10400H CPU @ 2.60GHz,32,SSD,3.7
Dell,i7,15512,Intel(R) Core(TM) i7-10875H CPU @ 2.30GHz,32,SSD,4.1
Dell,i5,9022,Intel(R) Core(TM) i5-10400H CPU @ 2.60GHz,32,SSD,3.3
LENOVO,i7,6551,Intel(R) Core(TM) i7-6700HQ CPU @ 2.60GHz,16,SSD,2.8
LENOVO,i7,6551,Intel(R) Core(TM) i7-6700HQ CPU @ 2.60GHz,16,SSD,3.5
LENOVO,i7,6551,Intel(R) Core(TM) i7-6700HQ CPU @ 2.60GHz,16,SSD,0.7
LENOVO,i7,6551,Intel(R) Core(TM) i7-6700HQ CPU @ 2.60GHz,16,SSD,4.5
LENOVO,i7,6551,Intel(R) Core(TM) i7-6700HQ CPU @ 2.60GHz,16,SSD,4.3
LENOVO,i7,6551,Intel(R) Core(TM) i7-6700HQ CPU @ 2.60GHz,16,SSD,2.5
LENOVO,i7,6551,Intel(R) Core(TM) i7-6700HQ CPU @ 2.60GHz,16,SSD,4.2
LENOVO,i7,6551,Intel(R) Core(TM) i7-6700HQ CPU @ 2.60GHz,16,SSD,3.7
LENOVO,i7,6551,Intel(R) Core(TM) i7-6700HQ CPU @ 2.60GHz,16,SSD,4.7
HP,i7,6551,Intel(R) Core(TM) i7-6700HQ CPU @ 2.60GHz,16,HDD,4
Panasonic,m5,2369,Intel(R) Core(TM) m5-6Y57 CPU @ 1.10GHz,8,SSD,2.8
Dell,i5,9022,Intel(R) Core(TM) i5-10400H CPU @ 2.60GHz,32,SSD,3.8
Dell,i5,9022,Intel(R) Core(TM) i5-10400H CPU @ 2.60GHz,32,SSD,4
Dell,i5,6670,Intel(R) Core(TM) i5-10310U CPU @ 1.70GHz,16,SSD,3.7
HP,i5,1817,Intel(R) Core(TM) i5-4302Y CPU @ 1.60GHz,8,SSD,3.5
HP,i5,3260,Intel(R) Core(TM) i5-6300U CPU @ 2.40GHz,8,HDD,3.5
HP,i5,3260,Intel(R) Core(TM) i5-6300U CPU @ 2.40GHz,8,HDD,1
HP,i5,3260,Intel(R) Core(TM) i5-6300U CPU @ 2.40GHz,8,HDD,1.4
HP,i5,3260,Intel(R) Core(TM) i5-6300U CPU @ 2.40GHz,8,HDD,3.2
HP,i7,6551,Intel(R) Core(TM) i7-6700HQ CPU @ 2.60GHz,32,HDD,0.4
HP,i7,6551,Intel(R) Core(TM) i7-6700HQ CPU @ 2.60GHz,32,HDD,2.2
Panasonic,i5,3732,Intel(R) Core(TM) i5-7300U CPU @ 2.60GHz,16,SSD,2.9
HP,i5,5949,Intel(R) Core(TM) i5-8250U CPU @ 1.60GHz,16,SSD,4.3
Dell,i7,15512,Intel(R) Core(TM) i7-10875H CPU @ 2.30GHz,32,SSD,4.9
HP,i5,5988,Intel(R) Core(TM) i5-8265U CPU @ 1.60GHz,32,SSD,4.3
HP,i5,3260,Intel(R) Core(TM) i5-6300U CPU @ 2.40GHz,8,HDD,0.4
Dell,i7,15512,Intel(R) Core(TM) i7-10875H CPU @ 2.30GHz,64,SSD,3.5
Dell,i7,8353,Intel(R) Core(TM) i7-10850H CPU @ 2.70GHz,32,SSD,4.3
GETAC,i5,3413,Intel(R) Core(TM) i5-7200U CPU @ 2.50GHz,8,SSD,4.1
Dell,i5,9022,Intel(R) Core(TM) i5-10400H CPU @ 2.60GHz,16,SSD,1.9
HP,i5,3260,Intel(R) Core(TM) i5-6300U CPU @ 2.40GHz,8,HDD,3.1
HP,i5,3260,Intel(R) Core(TM) i5-6300U CPU @ 2.40GHz,8,HDD,2.5
HP,i5,3260,Intel(R) Core(TM) i5-6300U CPU @ 2.40GHz,16,HDD,4.4
HP,i5,3260,Intel(R) Core(TM) i5-6300U CPU @ 2.40GHz,8,HDD,1.3
HP,i5,3260,Intel(R) Core(TM) i5-6300U CPU @ 2.40GHz,8,HDD,3
HP,i5,3260,Intel(R) Core(TM) i5-6300U CPU @ 2.40GHz,8,HDD,3.7
HP,i5,3260,Intel(R) Core(TM) i5-6300U CPU @ 2.40GHz,8,HDD,3.9
HP,i5,3260,Intel(R) Core(TM) i5-6300U CPU @ 2.40GHz,8,HDD,2.9
HP,i5,3260,Intel(R) Core(TM) i5-6300U CPU @ 2.40GHz,8,HDD,4.6
HP,i5,3260,Intel(R) Core(TM) i5-6300U CPU @ 2.40GHz,16,HDD,3.2
HP,i5,3413,Intel(R) Core(TM) i5-7200U CPU @ 2.50GHz,8,HDD,4.8
HP,i5,3413,Intel(R) Core(TM) i5-7200U CPU @ 2.50GHz,16,HDD,1.9
HP,i5,3413,Intel(R) Core(TM) i5-7200U CPU @ 2.50GHz,8,HDD,1.8
HP,i5,3413,Intel(R) Core(TM) i5-7200U CPU @ 2.50GHz,8,HDD,3.9
HP,i5,3413,Intel(R) Core(TM) i5-7200U CPU @ 2.50GHz,8,HDD,3
LENOVO,i5,8360,Intel(R) Core(TM) i5-9400H CPU @ 2.50GHz,16,HDD,2.6
LENOVO,i5,8360,Intel(R) Core(TM) i5-9400H CPU @ 2.50GHz,16,HDD,4.5
LENOVO,i5,8360,Intel(R) Core(TM) i5-9400H CPU @ 2.50GHz,16,HDD,3.7
Dell,i5,6670,Intel(R) Core(TM) i5-10310U CPU @ 1.70GHz,16,SSD,2.4
HP,AMD PRO A12,3848,"AMD PRO A12-8870 R7, 12 COMPUTE CORES 4C+8G",15,HDD,3.8
HP,i5,3413,Intel(R) Core(TM) i5-7200U CPU @ 2.50GHz,8,HDD,2.5
HP,i7,6551,Intel(R) Core(TM) i7-6700HQ CPU @ 2.60GHz,32,HDD,2.6
GETAC,i5,3413,Intel(R) Core(TM) i5-7200U CPU @ 2.50GHz,8,SSD,3.2
HP,AMD PRO A10,3181,"AMD PRO A10-8770E R7, 10 COMPUTE CORES 4C+6G",15,HDD,2.9
HP,i5,3260,Intel(R) Core(TM) i5-6300U CPU @ 2.40GHz,8,HDD,2.3
HP,i5,3260,Intel(R) Core(TM) i5-6300U CPU @ 2.40GHz,8,HDD,3.8
HP,i5,3732,Intel(R) Core(TM) i5-7300U CPU @ 2.60GHz,16,SSD,4.1
Dell,i5,9022,Intel(R) Core(TM) i5-10400H CPU @ 2.60GHz,16,SSD,4.4
Dell,i7,15512,Intel(R) Core(TM) i7-10875H CPU @ 2.30GHz,32,SSD,4.8
Dell,i7,15512,Intel(R) Core(TM) i7-10875H CPU @ 2.30GHz,32,SSD,3.9
Dell,i5,9022,Intel(R) Core(TM) i5-10400H CPU @ 2.60GHz,32,SSD,4.2
Dell,i5,9022,Intel(R) Core(TM) i5-10400H CPU @ 2.60GHz,32,SSD,4.4
HP,i5,5493,Intel(R) Core(TM) i5-7440HQ CPU @ 2.80GHz,32,HDD,4.9
Dell,i7,15512,Intel(R) Core(TM) i7-10875H CPU @ 2.30GHz,64,SSD,4.1
HP,i5,3260,Intel(R) Core(TM) i5-6300U CPU @ 2.40GHz,8,HDD,3.5
HP,i5,3260,Intel(R) Core(TM) i5-6300U CPU @ 2.40GHz,8,HDD,2.9
HP,i5,3260,Intel(R) Core(TM) i5-6300U CPU @ 2.40GHz,8,HDD,3.1
HP,i5,3260,Intel(R) Core(TM) i5-6300U CPU @ 2.40GHz,8,HDD,2.8
HP,i5,3413,Intel(R) Core(TM) i5-7200U CPU @ 2.50GHz,16,SSD,3.2
HP,i5,3413,Intel(R) Core(TM) i5-7200U CPU @ 2.50GHz,16,SSD,4.2
HP,i5,5988,Intel(R) Core(TM) i5-8265U CPU @ 1.60GHz,16,SSD,4.3
HP,i5,3260,Intel(R) Core(TM) i5-6300U CPU @ 2.40GHz,16,HDD,2.8
HP,i5,3413,Intel(R) Core(TM) i5-7200U CPU @ 2.50GHz,16,SSD,3.9
HP,i5,3413,Intel(R) Core(TM) i5-7200U CPU @ 2.50GHz,16,SSD,4.5
HP,i5,3413,Intel(R) Core(TM) i5-7200U CPU @ 2.50GHz,16,SSD,4.6
HP,i5,5949,Intel(R) Core(TM) i5-8250U CPU @ 1.60GHz,16,SSD,4.7
HP,i5,5949,Intel(R) Core(TM) i5-8250U CPU @ 1.60GHz,16,SSD,1.6
HP,i5,5949,Intel(R) Core(TM) i5-8250U CPU @ 1.60GHz,16,SSD,2.6
HP,i5,5949,Intel(R) Core(TM) i5-8250U CPU @ 1.60GHz,16,SSD,3.9
HP,i5,5949,Intel(R) Core(TM) i5-8250U CPU @ 1.60GHz,16,SSD,4.9
HP,i5,3413,Intel(R) Core(TM) i5-7200U CPU @ 2.50GHz,16,SSD,3.4
HP,i5,3413,Intel(R) Core(TM) i5-7200U CPU @ 2.50GHz,16,SSD,4.1
HP,i5,3413,Intel(R) Core(TM) i5-7200U CPU @ 2.50GHz,16,SSD,3.3
HP,i5,3413,Intel(R) Core(TM) i5-7200U CPU @ 2.50GHz,16,SSD,4.1
HP,i5,5949,Intel(R) Core(TM) i5-8250U CPU @ 1.60GHz,16,SSD,4.1
HP,i5,3413,Intel(R) Core(TM) i5-7200U CPU @ 2.50GHz,16,SSD,3.5
HP,i5,3413,Intel(R) Core(TM) i5-7200U CPU @ 2.50GHz,16,SSD,4.2
HP,i5,5949,Intel(R) Core(TM) i5-8250U CPU @ 1.60GHz,16,SSD,1.9
HP,i5,3260,Intel(R) Core(TM) i5-6300U CPU @ 2.40GHz,8,HDD,3.2
Dell,i7,15512,Intel(R) Core(TM) i7-10875H CPU @ 2.30GHz,32,SSD,3.7
HP,i5,3260,Intel(R) Core(TM) i5-6300U CPU @ 2.40GHz,15,HDD,4
HP,i5,3260,Intel(R) Core(TM) i5-6300U CPU @ 2.40GHz,8,HDD,3.4
HP,i5,3260,Intel(R) Core(TM) i5-6300U CPU @ 2.40GHz,16,HDD,3.9
HP,i5,3260,Intel(R) Core(TM) i5-6300U CPU @ 2.40GHz,8,HDD,3.4
HP,i5,3260,Intel(R) Core(TM) i5-6300U CPU @ 2.40GHz,16,HDD,4.2
HP,i5,3260,Intel(R) Core(TM) i5-6300U CPU @ 2.40GHz,15,HDD,4.1
HP,i5,3260,Intel(R) Core(TM) i5-6300U CPU @ 2.40GHz,8,HDD,2.4
HP,i5,3260,Intel(R) Core(TM) i5-6300U CPU @ 2.40GHz,16,HDD,4.4
HP,i5,3260,Intel(R) Core(TM) i5-6300U CPU @ 2.40GHz,16,HDD,4.1
HP,i5,3260,Intel(R) Core(TM) i5-6300U CPU @ 2.40GHz,8,HDD,5
Dell,i7,6475,Intel(R) Core(TM) i7-8665U CPU @ 1.90GHz,32,SSD,4.7
Dell,i7,15512,Intel(R) Core(TM) i7-10875H CPU @ 2.30GHz,32,SSD,4.8
Dell,i7,8353,Intel(R) Core(TM) i7-10850H CPU @ 2.70GHz,32,SSD,4.6
HP,AMD PRO A12,3848,"AMD PRO A12-8870 R7, 12 COMPUTE CORES 4C+8G",15,HDD,2.4
Dell,i5,8360,Intel(R) Core(TM) i5-9400H CPU @ 2.50GHz,32,SSD,4.6
Dell,i5,9022,Intel(R) Core(TM) i5-10400H CPU @ 2.60GHz,32,SSD,3.8
HP,i7,6551,Intel(R) Core(TM) i7-6700HQ CPU @ 2.60GHz,16,HDD,1.4
HP,i5,3413,Intel(R) Core(TM) i5-7200U CPU @ 2.50GHz,15,HDD,4.9
HP,i5,3413,Intel(R) Core(TM) i5-7200U CPU @ 2.50GHz,16,HDD,4.3
Dell,i7,15512,Intel(R) Core(TM) i7-10875H CPU @ 2.30GHz,32,SSD,4.5
HP,i5,3260,Intel(R) Core(TM) i5-6300U CPU @ 2.40GHz,8,HDD,4.3
HP,i5,3260,Intel(R) Core(TM) i5-6300U CPU @ 2.40GHz,8,HDD,4.2
HP,i5,3260,Intel(R) Core(TM) i5-6300U CPU @ 2.40GHz,8,HDD,4
Dell,i7,11533,Intel(R) Core(TM) i7-9850H CPU @ 2.60GHz,32,SSD,4.4
Dell,i5,8360,Intel(R) Core(TM) i5-9400H CPU @ 2.50GHz,32,SSD,4.1
Dell,i5,8360,Intel(R) Core(TM) i5-9400H CPU @ 2.50GHz,32,SSD,3.1
Dell,i5,8360,Intel(R) Core(TM) i5-9400H CPU @ 2.50GHz,32,SSD,3.6
Dell,i7,15512,Intel(R) Core(TM) i7-10875H CPU @ 2.30GHz,32,SSD,2.6
HP,i5,1817,Intel(R) Core(TM) i5-4302Y CPU @ 1.60GHz,8,SSD,3.7
HP,i5,3260,Intel(R) Core(TM) i5-6300U CPU @ 2.40GHz,15,HDD,0.8
HP,i7,10423,Intel(R) Core(TM) i7-8850H CPU @ 2.60GHz,31,SSD,4.6
HP,i5,3413,Intel(R) Core(TM) i5-7200U CPU @ 2.50GHz,15,HDD,2.8
HP,i5,3413,Intel(R) Core(TM) i5-7200U CPU @ 2.50GHz,8,SSD,4.7
Dell,i7,15512,Intel(R) Core(TM) i7-10875H CPU @ 2.30GHz,32,SSD,3.7
HP,i5,3260,Intel(R) Core(TM) i5-6300U CPU @ 2.40GHz,8,HDD,3
HP,i5,3260,Intel(R) Core(TM) i5-6300U CPU @ 2.40GHz,16,HDD,4.1
HP,i5,3260,Intel(R) Core(TM) i5-6300U CPU @ 2.40GHz,8,HDD,3.4
HP,i5,3260,Intel(R) Core(TM) i5-6300U CPU @ 2.40GHz,8,HDD,3.8
HP,i5,5949,Intel(R) Core(TM) i5-8250U CPU @ 1.60GHz,32,SSD,4.4
HP,i5,3413,Intel(R) Core(TM) i5-7200U CPU @ 2.50GHz,16,HDD,4.2
HP,i5,3260,Intel(R) Core(TM) i5-6300U CPU @ 2.40GHz,16,HDD,3.5
HP,i5,5949,Intel(R) Core(TM) i5-8250U CPU @ 1.60GHz,32,SSD,4.3
HP,i5,5949,Intel(R) Core(TM) i5-8250U CPU @ 1.60GHz,32,SSD,3.7
HP,i5,5949,Intel(R) Core(TM) i5-8250U CPU @ 1.60GHz,32,SSD,3.9
HP,i5,3413,Intel(R) Core(TM) i5-7200U CPU @ 2.50GHz,16,HDD,2.9
HP,i5,3413,Intel(R) Core(TM) i5-7200U CPU @ 2.50GHz,32,HDD,4.2
HP,i5,5949,Intel(R) Core(TM) i5-8250U CPU @ 1.60GHz,32,SSD,3.4
HP,i5,3413,Intel(R) Core(TM) i5-7200U CPU @ 2.50GHz,16,HDD,4.3
HP,i5,3413,Intel(R) Core(TM) i5-7200U CPU @ 2.50GHz,16,HDD,2.9
HP,i5,3413,Intel(R) Core(TM) i5-7200U CPU @ 2.50GHz,16,HDD,4.1
HP,i5,5949,Intel(R) Core(TM) i5-8250U CPU @ 1.60GHz,32,SSD,4.8
Dell,i5,8360,Intel(R) Core(TM) i5-9400H CPU @ 2.50GHz,32,SSD,3.6
Dell,i7,15512,Intel(R) Core(TM) i7-10875H CPU @ 2.30GHz,64,SSD,1.8
Dell,i7,15512,Intel(R) Core(TM) i7-10875H CPU @ 2.30GHz,64,SSD,3.4
HP,i7,5817,Intel(R) Core(TM) i7-4710MQ CPU @ 2.50GHz,8,HDD,3.2
HP,i7,3216,Intel(R) Core(TM) i7-4600M CPU @ 2.90GHz,8,SSD,2.1
HP,i5,2895,Intel(R) Core(TM) i5-4210M CPU @ 2.60GHz,8,HDD,1.9
HP,i5,2895,Intel(R) Core(TM) i5-4210M CPU @ 2.60GHz,8,HDD,3.1
HP,i5,2895,Intel(R) Core(TM) i5-4210M CPU @ 2.60GHz,8,HDD,3.6
HP,i5,2895,Intel(R) Core(TM) i5-4210M CPU @ 2.60GHz,8,HDD,3.4
HP,i5,3260,Intel(R) Core(TM) i5-6300U CPU @ 2.40GHz,8,HDD,3
HP,i5,3260,Intel(R) Core(TM) i5-6300U CPU @ 2.40GHz,16,SSD,2.5
HP,i5,3260,Intel(R) Core(TM) i5-6300U CPU @ 2.40GHz,8,HDD,0.3
HP,i5,3260,Intel(R) Core(TM) i5-6300U CPU @ 2.40GHz,8,HDD,1.9
HP,i5,3260,Intel(R) Core(TM) i5-6300U CPU @ 2.40GHz,8,HDD,2.3
HP,i5,3260,Intel(R) Core(TM) i5-6300U CPU @ 2.40GHz,8,HDD,3
HP,i5,3413,Intel(R) Core(TM) i5-7200U CPU @ 2.50GHz,16,SSD,4.3
HP,i7,5817,Intel(R) Core(TM) i7-4710MQ CPU @ 2.50GHz,16,SSD,4.3
HP,i5,3413,Intel(R) Core(TM) i5-7200U CPU @ 2.50GHz,8,HDD,3.3
HP,i7,10423,Intel(R) Core(TM) i7-8850H CPU @ 2.60GHz,64,SSD,4.2
HP,i7,10423,Intel(R) Core(TM) i7-8850H CPU @ 2.60GHz,32,SSD,4.9
HP,i7,5817,Intel(R) Core(TM) i7-4710MQ CPU @ 2.50GHz,8,HDD,2.4
HP,i5,3413,Intel(R) Core(TM) i5-7200U CPU @ 2.50GHz,16,HDD,2.9
HP,i5,3413,Intel(R) Core(TM) i5-7200U CPU @ 2.50GHz,8,HDD,1.3
HP,i5,5949,Intel(R) Core(TM) i5-8250U CPU @ 1.60GHz,32,SSD,4.6
HP,i7,10423,Intel(R) Core(TM) i7-8850H CPU @ 2.60GHz,32,SSD,4.8
HP,i5,3413,Intel(R) Core(TM) i5-7200U CPU @ 2.50GHz,16,SSD,4.6
Dell,Xeon E3,8243,Intel(R) Xeon(R) CPU E3-1535M v6 @ 3.10GHz,32,SSD,2.8
Dell,i7,15512,Intel(R) Core(TM) i7-10875H CPU @ 2.30GHz,64,SSD,4.4
Dell,i7,15512,Intel(R) Core(TM) i7-10875H CPU @ 2.30GHz,64,SSD,4.4
Ace Computers,i5,10800,Intel(R) Core(TM) i5-9600K CPU @ 3.70GHz,32,HDD,4.5
HP,i7,8072,Intel(R) Core(TM) i7-6700 CPU @ 3.40GHz,16,HDD,2.1
HP,AMD PRO A8,3347,"AMD PRO A8-9600 R7, 10 COMPUTE CORES 4C+6G",7,HDD,1.4
HP,i5,1817,Intel(R) Core(TM) i5-4302Y CPU @ 1.60GHz,8,SSD,2.7
Dell,i5,9022,Intel(R) Core(TM) i5-10400H CPU @ 2.60GHz,32,SSD,4.3
HP,i7,6551,Intel(R) Core(TM) i7-6700HQ CPU @ 2.60GHz,16,HDD,4.1
HP,i7,3216,Intel(R) Core(TM) i7-4600M CPU @ 2.90GHz,16,HDD,4.7
HP,i5,3260,Intel(R) Core(TM) i5-6300U CPU @ 2.40GHz,8,HDD,4.4
HP,i5,3260,Intel(R) Core(TM) i5-6300U CPU @ 2.40GHz,16,HDD,3.1
HP,i5,3413,Intel(R) Core(TM) i5-7200U CPU @ 2.50GHz,16,HDD,3.1
HP,i5,3260,Intel(R) Core(TM) i5-6300U CPU @ 2.40GHz,16,HDD,4.9
HP,i7,6551,Intel(R) Core(TM) i7-6700HQ CPU @ 2.60GHz,16,HDD,1.2
HP,i7,6551,Intel(R) Core(TM) i7-6700HQ CPU @ 2.60GHz,16,HDD,3.6
HP,i7,6551,Intel(R) Core(TM) i7-6700HQ CPU @ 2.60GHz,16,HDD,2.8
HP,i5,2506,Intel(R) Core(TM) i5-4300U CPU @ 1.90GHz,8,HDD,1.7
HP,i7,6551,Intel(R) Core(TM) i7-6700HQ CPU @ 2.60GHz,16,HDD,1.6
HP,i7,6551,Intel(R) Core(TM) i7-6700HQ CPU @ 2.60GHz,16,SSD,4.1
HP,i7,6551,Intel(R) Core(TM) i7-6700HQ CPU @ 2.60GHz,16,HDD,4.2
HP,i7,6551,Intel(R) Core(TM) i7-6700HQ CPU @ 2.60GHz,16,HDD,3.2
HP,i7,6551,Intel(R) Core(TM) i7-6700HQ CPU @ 2.60GHz,16,HDD,3.5
HP,i7,6551,Intel(R) Core(TM) i7-6700HQ CPU @ 2.60GHz,16,HDD,3.6
HP,i7,6551,Intel(R) Core(TM) i7-6700HQ CPU @ 2.60GHz,16,HDD,4.3
HP,i7,6551,Intel(R) Core(TM) i7-6700HQ CPU @ 2.60GHz,16,HDD,4
HP,i7,6551,Intel(R) Core(TM) i7-6700HQ CPU @ 2.60GHz,16,HDD,4.8
HP,i7,6551,Intel(R) Core(TM) i7-6700HQ CPU @ 2.60GHz,16,HDD,4.5
HP,i7,6551,Intel(R) Core(TM) i7-6700HQ CPU @ 2.60GHz,16,HDD,2.5
HP,i7,6551,Intel(R) Core(TM) i7-6700HQ CPU @ 2.60GHz,16,HDD,4.5
HP,i5,3413,Intel(R) Core(TM) i5-7200U CPU @ 2.50GHz,16,SSD,3
HP,i5,2895,Intel(R) Core(TM) i5-4210M CPU @ 2.60GHz,8,HDD,3.2
HP,i5,3413,Intel(R) Core(TM) i5-7200U CPU @ 2.50GHz,32,HDD,3.9
HP,i5,3413,Intel(R) Core(TM) i5-7200U CPU @ 2.50GHz,8,HDD,3.6
HP,i5,3413,Intel(R) Core(TM) i5-7200U CPU @ 2.50GHz,16,HDD,4.4
HP,i7,6551,Intel(R) Core(TM) i7-6700HQ CPU @ 2.60GHz,16,HDD,2.8
HP,i5,3413,Intel(R) Core(TM) i5-7200U CPU @ 2.50GHz,8,HDD,3.3
HP,i7,6551,Intel(R) Core(TM) i7-6700HQ CPU @ 2.60GHz,16,SSD,4.1
HP,i7,6551,Intel(R) Core(TM) i7-6700HQ CPU @ 2.60GHz,16,HDD,3.8
HP,i7,6551,Intel(R) Core(TM) i7-6700HQ CPU @ 2.60GHz,16,HDD,4.5
HP,i7,6551,Intel(R) Core(TM) i7-6700HQ CPU @ 2.60GHz,16,HDD,4.1
HP,i7,6551,Intel(R) Core(TM) i7-6700HQ CPU @ 2.60GHz,16,HDD,2.3
HP,i7,6551,Intel(R) Core(TM) i7-6700HQ CPU @ 2.60GHz,16,HDD,4.7
HP,i5,3260,Intel(R) Core(TM) i5-6300U CPU @ 2.40GHz,8,HDD,4.6
HP,i5,6109,Intel(R) Core(TM) i5-6600 CPU @ 3.30GHz,16,HDD,4.6
HP,i5,3413,Intel(R) Core(TM) i5-7200U CPU @ 2.50GHz,8,HDD,1.1
HP,i5,3413,Intel(R) Core(TM) i5-7200U CPU @ 2.50GHz,24,HDD,4.6
HP,i5,3413,Intel(R) Core(TM) i5-7200U CPU @ 2.50GHz,8,HDD,3.6
HP,i5,3413,Intel(R) Core(TM) i5-7200U CPU @ 2.50GHz,8,HDD,3.4
HP,i5,3413,Intel(R) Core(TM) i5-7200U CPU @ 2.50GHz,8,HDD,4
HP,i5,3260,Intel(R) Core(TM) i5-6300U CPU @ 2.40GHz,8,HDD,2.1
HP,i5,3260,Intel(R) Core(TM) i5-6300U CPU @ 2.40GHz,8,HDD,1.1
HP,i5,3260,Intel(R) Core(TM) i5-6300U CPU @ 2.40GHz,8,HDD,2.6
HP,i5,3260,Intel(R) Core(TM) i5-6300U CPU @ 2.40GHz,8,HDD,0.7
HP,i5,3260,Intel(R) Core(TM) i5-6300U CPU @ 2.40GHz,8,HDD,3.1
HP,i5,7533,Intel(R) Core(TM) i5-8300H CPU @ 2.30GHz,8,SSD,4
HP,i5,3413,Intel(R) Core(TM) i5-7200U CPU @ 2.50GHz,8,HDD,3.4
HP,i5,3413,Intel(R) Core(TM) i5-7200U CPU @ 2.50GHz,8,SSD,4.4
HP,i5,3260,Intel(R) Core(TM) i5-6300U CPU @ 2.40GHz,8,HDD,2.9
HP,i5,3413,Intel(R) Core(TM) i5-7200U CPU @ 2.50GHz,8,HDD,2.2
HP,i5,3413,Intel(R) Core(TM) i5-7200U CPU @ 2.50GHz,8,SSD,3.1
HP,i5,3260,Intel(R) Core(TM) i5-6300U CPU @ 2.40GHz,8,SSD,1.6
HP,i5,3260,Intel(R) Core(TM) i5-6300U CPU @ 2.40GHz,8,SSD,2.3
HP,i5,3260,Intel(R) Core(TM) i5-6300U CPU @ 2.40GHz,8,HDD,4.2
HP,i5,3260,Intel(R) Core(TM) i5-6300U CPU @ 2.40GHz,8,HDD,3
HP,i5,3260,Intel(R) Core(TM) i5-6300U CPU @ 2.40GHz,8,HDD,1.2
HP,i5,3260,Intel(R) Core(TM) i5-6300U CPU @ 2.40GHz,8,SSD,3.7
HP,i5,3260,Intel(R) Core(TM) i5-6300U CPU @ 2.40GHz,8,HDD,3.7
Dell,i7,7032,Intel(R) Core(TM) i7-10610U CPU @ 1.80GHz,16,SSD,1.8
Dell,i7,7032,Intel(R) Core(TM) i7-10610U CPU @ 1.80GHz,16,SSD,3.8
HP,AMD PRO A8,3204,"AMD PRO A8-8650B R7, 10 Compute Cores 4C+6G",7,HDD,0.2
Dell,i7,6945,Intel(R) Core(TM) i7-6820HQ CPU @ 2.70GHz,16,HDD,4.3
HP,i5,3260,Intel(R) Core(TM) i5-6300U CPU @ 2.40GHz,8,HDD,2.6
HP,i5,3260,Intel(R) Core(TM) i5-6300U CPU @ 2.40GHz,8,HDD,2
Dell,i7,15512,Intel(R) Core(TM) i7-10875H CPU @ 2.30GHz,32,SSD,4.5
HP,i7,6551,Intel(R) Core(TM) i7-6700HQ CPU @ 2.60GHz,16,HDD,4.7
HP,i5,3260,Intel(R) Core(TM) i5-6300U CPU @ 2.40GHz,8,HDD,3.7
HP,i5,3260,Intel(R) Core(TM) i5-6300U CPU @ 2.40GHz,8,HDD,3.3
HP,i5,3413,Intel(R) Core(TM) i5-7200U CPU @ 2.50GHz,8,HDD,2.7
HP,i5,3413,Intel(R) Core(TM) i5-7200U CPU @ 2.50GHz,8,HDD,3.9
HP,i5,5949,Intel(R) Core(TM) i5-8250U CPU @ 1.60GHz,16,SSD,4.4
HP,i5,5949,Intel(R) Core(TM) i5-8250U CPU @ 1.60GHz,16,SSD,2.7
HP,i5,3413,Intel(R) Core(TM) i5-7200U CPU @ 2.50GHz,16,HDD,3.1
HP,i5,3413,Intel(R) Core(TM) i5-7200U CPU @ 2.50GHz,8,HDD,3.2
HP,i5,3413,Intel(R) Core(TM) i5-7200U CPU @ 2.50GHz,8,HDD,4.7
HP,i5,3413,Intel(R) Core(TM) i5-7200U CPU @ 2.50GHz,8,HDD,4
Dell,i7,6945,Intel(R) Core(TM) i7-6820HQ CPU @ 2.70GHz,32,SSD,4.1
Dell,i7,7149,Intel(R) Core(TM) i7-7820HQ CPU @ 2.90GHz,16,SSD,4.2
Dell,i7,15512,Intel(R) Core(TM) i7-10875H CPU @ 2.30GHz,32,SSD,4.4
Ace Computers,i5,5949,Intel(R) Core(TM) i5-8250U CPU @ 1.60GHz,16,SSD,3.5
Dell,i5,9022,Intel(R) Core(TM) i5-10400H CPU @ 2.60GHz,32,SSD,3.6
LENOVO,i7,6551,Intel(R) Core(TM) i7-6700HQ CPU @ 2.60GHz,16,SSD,3.6
LENOVO,i7,6551,Intel(R) Core(TM) i7-6700HQ CPU @ 2.60GHz,16,SSD,1.7
LENOVO,i7,6551,Intel(R) Core(TM) i7-6700HQ CPU @ 2.60GHz,16,SSD,3.3
LENOVO,i7,6551,Intel(R) Core(TM) i7-6700HQ CPU @ 2.60GHz,16,SSD,4.8
LENOVO,i7,6551,Intel(R) Core(TM) i7-6700HQ CPU @ 2.60GHz,16,SSD,3.1
HP,i5,3413,Intel(R) Core(TM) i5-7200U CPU @ 2.50GHz,16,SSD,2.9
HP,i5,3413,Intel(R) Core(TM) i5-7200U CPU @ 2.50GHz,16,SSD,4.4
HP,i7,6551,Intel(R) Core(TM) i7-6700HQ CPU @ 2.60GHz,16,HDD,3.4
HP,i7,6551,Intel(R) Core(TM) i7-6700HQ CPU @ 2.60GHz,16,HDD,0.7
HP,i7,6551,Intel(R) Core(TM) i7-6700HQ CPU @ 2.60GHz,16,HDD,3.6
HP,i7,6551,Intel(R) Core(TM) i7-6700HQ CPU @ 2.60GHz,16,HDD,1.2
HP,i7,6551,Intel(R) Core(TM) i7-6700HQ CPU @ 2.60GHz,16,HDD,2.9
HP,i7,6551,Intel(R) Core(TM) i7-6700HQ CPU @ 2.60GHz,16,SSD,4.3
HP,i7,6551,Intel(R) Core(TM) i7-6700HQ CPU @ 2.60GHz,16,SSD,3
HP,i7,5230,Intel(R) Core(TM) i7-4712MQ CPU @ 2.30GHz,16,SSD,3.4
HP,i5,3413,Intel(R) Core(TM) i5-7200U CPU @ 2.50GHz,8,SSD,2.6
HP,i7,6551,Intel(R) Core(TM) i7-6700HQ CPU @ 2.60GHz,16,HDD,4.4
HP,i7,6551,Intel(R) Core(TM) i7-6700HQ CPU @ 2.60GHz,16,HDD,1.4
HP,i5,3413,Intel(R) Core(TM) i5-7200U CPU @ 2.50GHz,8,SSD,4.1
Dell,i5,9022,Intel(R) Core(TM) i5-10400H CPU @ 2.60GHz,32,SSD,3.8
Dell,i5,6670,Intel(R) Core(TM) i5-10310U CPU @ 1.70GHz,16,SSD,3.9
LENOVO,i7,6551,Intel(R) Core(TM) i7-6700HQ CPU @ 2.60GHz,16,SSD,4.5
LENOVO,i7,6551,Intel(R) Core(TM) i7-6700HQ CPU @ 2.60GHz,16,SSD,3.9
HP,i5,3025,Intel(R) Core(TM) i5-6200U CPU @ 2.30GHz,8,HDD,2.9
HP,i5,3025,Intel(R) Core(TM) i5-6200U CPU @ 2.30GHz,8,HDD,4.5
HP,i5,3260,Intel(R) Core(TM) i5-6300U CPU @ 2.40GHz,8,HDD,4.1
HP,i5,3260,Intel(R) Core(TM) i5-6300U CPU @ 2.40GHz,16,HDD,3.8
Dell,i5,9022,Intel(R) Core(TM) i5-10400H CPU @ 2.60GHz,32,SSD,4.1
HP,i5,3413,Intel(R) Core(TM) i5-7200U CPU @ 2.50GHz,8,HDD,3.4
HP,i5,3413,Intel(R) Core(TM) i5-7200U CPU @ 2.50GHz,8,HDD,4.6
HP,i5,3413,Intel(R) Core(TM) i5-7200U CPU @ 2.50GHz,16,SSD,4.6
HP,i5,3413,Intel(R) Core(TM) i5-7200U CPU @ 2.50GHz,16,HDD,4
HP,i5,3413,Intel(R) Core(TM) i5-7200U CPU @ 2.50GHz,16,SSD,3.6
HP,i5,3413,Intel(R) Core(TM) i5-7200U CPU @ 2.50GHz,16,HDD,4.3
HP,i5,3260,Intel(R) Core(TM) i5-6300U CPU @ 2.40GHz,8,HDD,4.2
HP,i5,3260,Intel(R) Core(TM) i5-6300U CPU @ 2.40GHz,8,HDD,2.6
HP,i5,3260,Intel(R) Core(TM) i5-6300U CPU @ 2.40GHz,16,SSD,3.6
HP,i5,3260,Intel(R) Core(TM) i5-6300U CPU @ 2.40GHz,8,HDD,3.4
HP,i5,3413,Intel(R) Core(TM) i5-7200U CPU @ 2.50GHz,8,HDD,2.4
HP,i5,3413,Intel(R) Core(TM) i5-7200U CPU @ 2.50GHz,8,HDD,4.1
HP,i5,3413,Intel(R) Core(TM) i5-7200U CPU @ 2.50GHz,8,HDD,0.5
HP,i5,3413,Intel(R) Core(TM) i5-7200U CPU @ 2.50GHz,8,HDD,4.3
HP,i5,3260,Intel(R) Core(TM) i5-6300U CPU @ 2.40GHz,8,HDD,3.6
Dell,i7,15512,Intel(R) Core(TM) i7-10875H CPU @ 2.30GHz,64,SSD,1.3
Dell,i7,15512,Intel(R) Core(TM) i7-10875H CPU @ 2.30GHz,64,SSD,4.4
Dell,i5,6343,Intel(R) Core(TM) i5-8350U CPU @ 1.70GHz,8,SSD,4.1
Dell,i5,9022,Intel(R) Core(TM) i5-10400H CPU @ 2.60GHz,32,SSD,4.2
HP,i5,3260,Intel(R) Core(TM) i5-6300U CPU @ 2.40GHz,8,HDD,2.6
Microsoft,i5,6343,Intel(R) Core(TM) i5-8350U CPU @ 1.70GHz,8,SSD,4.5
Microsoft,i5,6343,Intel(R) Core(TM) i5-8350U CPU @ 1.70GHz,8,SSD,4.5
Microsoft,i5,6343,Intel(R) Core(TM) i5-8350U CPU @ 1.70GHz,8,SSD,4.4
HP,Xeon E5,17757,Intel(R) Xeon(R) CPU E5-2687W v4 @ 3.00GHz,256,HDD,3.8
HP,i5,3260,Intel(R) Core(TM) i5-6300U CPU @ 2.40GHz,8,HDD,4.4
HP,i5,3413,Intel(R) Core(TM) i5-7200U CPU @ 2.50GHz,8,HDD,3.4
HP,i5,3260,Intel(R) Core(TM) i5-6300U CPU @ 2.40GHz,8,HDD,3
HP,i5,3260,Intel(R) Core(TM) i5-6300U CPU @ 2.40GHz,16,HDD,2.5
Dell,i7,15512,Intel(R) Core(TM) i7-10875H CPU @ 2.30GHz,16,SSD,4.6
HP,i5,3260,Intel(R) Core(TM) i5-6300U CPU @ 2.40GHz,8,HDD,3.9
HP,i5,3260,Intel(R) Core(TM) i5-6300U CPU @ 2.40GHz,16,HDD,1.8
HP,i5,3260,Intel(R) Core(TM) i5-6300U CPU @ 2.40GHz,8,HDD,3.9
HP,i5,3260,Intel(R) Core(TM) i5-6300U CPU @ 2.40GHz,8,HDD,3.7
Dell,i5,6670,Intel(R) Core(TM) i5-10310U CPU @ 1.70GHz,16,SSD,3.9
Dell,i5,6670,Intel(R) Core(TM) i5-10310U CPU @ 1.70GHz,16,SSD,4.1
Dell,i7,15512,Intel(R) Core(TM) i7-10875H CPU @ 2.30GHz,64,SSD,2.8
Dell,i7,15512,Intel(R) Core(TM) i7-10875H CPU @ 2.30GHz,64,SSD,3.6
HP,i5,3413,Intel(R) Core(TM) i5-7200U CPU @ 2.50GHz,8,HDD,2
HP,i5,3413,Intel(R) Core(TM) i5-7200U CPU @ 2.50GHz,32,SSD,4.3
HP,i5,3413,Intel(R) Core(TM) i5-7200U CPU @ 2.50GHz,16,HDD,3.3
HP,i5,3413,Intel(R) Core(TM) i5-7200U CPU @ 2.50GHz,8,HDD,2.4
HP,i5,3260,Intel(R) Core(TM) i5-6300U CPU @ 2.40GHz,8,HDD,2.7
HP,i5,3260,Intel(R) Core(TM) i5-6300U CPU @ 2.40GHz,16,SSD,3.7
HP,i7,6551,Intel(R) Core(TM) i7-6700HQ CPU @ 2.60GHz,16,HDD,3.5
HP,i5,3413,Intel(R) Core(TM) i5-7200U CPU @ 2.50GHz,16,HDD,4.1
HP,i5,3260,Intel(R) Core(TM) i5-6300U CPU @ 2.40GHz,8,HDD,2.9
Dell,i5,6343,Intel(R) Core(TM) i5-8350U CPU @ 1.70GHz,8,SSD,0.7
Dell,i5,6343,Intel(R) Core(TM) i5-8350U CPU @ 1.70GHz,8,SSD,3.1
HP,i5,3413,Intel(R) Core(TM) i5-7200U CPU @ 2.50GHz,16,HDD,4.2
HP,i5,3413,Intel(R) Core(TM) i5-7200U CPU @ 2.50GHz,8,SSD,4
HP,i5,3413,Intel(R) Core(TM) i5-7200U CPU @ 2.50GHz,16,SSD,3.2
Dell,i7,7149,Intel(R) Core(TM) i7-7820HQ CPU @ 2.90GHz,32,SSD,0.7
HP,i5,3413,Intel(R) Core(TM) i5-7200U CPU @ 2.50GHz,16,HDD,4.2
HP,i5,3413,Intel(R) Core(TM) i5-7200U CPU @ 2.50GHz,8,SSD,4
HP,i5,3413,Intel(R) Core(TM) i5-7200U CPU @ 2.50GHz,8,SSD,4.4
HP,i5,3413,Intel(R) Core(TM) i5-7200U CPU @ 2.50GHz,15,SSD,4.1
HP,i5,5949,Intel(R) Core(TM) i5-8250U CPU @ 1.60GHz,32,SSD,4.1
HP,i5,3413,Intel(R) Core(TM) i5-7200U CPU @ 2.50GHz,16,HDD,2.8
HP,i7,5855,Intel(R) Core(TM) i7-4800MQ CPU @ 2.70GHz,8,SSD,4.2
HP,i7,6551,Intel(R) Core(TM) i7-6700HQ CPU @ 2.60GHz,8,HDD,3.8
HP,i5,3260,Intel(R) Core(TM) i5-6300U CPU @ 2.40GHz,8,HDD,3.4
HP,i5,3413,Intel(R) Core(TM) i5-7200U CPU @ 2.50GHz,16,SSD,2.9
HP,i5,3413,Intel(R) Core(TM) i5-7200U CPU @ 2.50GHz,32,HDD,4.1
HP,i5,3413,Intel(R) Core(TM) i5-7200U CPU @ 2.50GHz,16,SSD,4
HP,i7,6551,Intel(R) Core(TM) i7-6700HQ CPU @ 2.60GHz,32,HDD,3.8
HP,i5,3413,Intel(R) Core(TM) i5-7200U CPU @ 2.50GHz,8,SSD,3.8
HP,i7,6551,Intel(R) Core(TM) i7-6700HQ CPU @ 2.60GHz,8,HDD,1.6
HP,i5,3413,Intel(R) Core(TM) i5-7200U CPU @ 2.50GHz,16,SSD,2.7
HP,i7,6551,Intel(R) Core(TM) i7-6700HQ CPU @ 2.60GHz,32,HDD,2
HP,i7,6551,Intel(R) Core(TM) i7-6700HQ CPU @ 2.60GHz,32,HDD,4.3
HP,i7,6551,Intel(R) Core(TM) i7-6700HQ CPU @ 2.60GHz,32,HDD,0.9
HP,i7,6551,Intel(R) Core(TM) i7-6700HQ CPU @ 2.60GHz,32,SSD,4.3
LENOVO,i5,8360,Intel(R) Core(TM) i5-9400H CPU @ 2.50GHz,16,SSD,3.2
HP,i7,6551,Intel(R) Core(TM) i7-6700HQ CPU @ 2.60GHz,32,HDD,4.2
Dell,i5,6343,Intel(R) Core(TM) i5-8350U CPU @ 1.70GHz,8,SSD,4
Dell,i5,6343,Intel(R) Core(TM) i5-8350U CPU @ 1.70GHz,8,SSD,3.4
HP,AMD PRO A10,3181,"AMD PRO A10-8770E R7, 10 COMPUTE CORES 4C+6G",15,HDD,3.3
HP,Xeon E3,5262,Intel(R) Xeon(R) CPU E3-1225 v3 @ 3.20GHz,8,HDD,2.2
Transource,i5,6634,Intel(R) Core(TM) i5-7600 CPU @ 3.50GHz,8,HDD,0.4
HP,AMD PRO A10,3184,"AMD A10 PRO-7800B R7, 12 Compute Cores 4C+8G",31,HDD,4.3
Transource,i7,8624,Intel(R) Core(TM) i7-7700 CPU @ 3.60GHz,16,SSD,3.6
Transource,i5,5663,Intel(R) Core(TM) i5-6500 CPU @ 3.20GHz,16,SSD,4.2
HP,AMD PRO A10,3181,"AMD PRO A10-8770E R7, 10 COMPUTE CORES 4C+6G",15,HDD,2.7
HP,AMD PRO A10,3181,"AMD PRO A10-8770E R7, 10 COMPUTE CORES 4C+6G",15,HDD,3
HP,AMD PRO A10,3181,"AMD PRO A10-8770E R7, 10 COMPUTE CORES 4C+6G",15,HDD,2.8
HP,AMD PRO A10,3181,"AMD PRO A10-8770E R7, 10 COMPUTE CORES 4C+6G",15,HDD,1.1
HP,AMD PRO A12,3848,"AMD PRO A12-8870 R7, 12 COMPUTE CORES 4C+8G",15,SSD,1.3
HP,AMD PRO A10,3181,"AMD PRO A10-8770E R7, 10 COMPUTE CORES 4C+6G",15,HDD,3.8
HP,Xeon E3,5262,Intel(R) Xeon(R) CPU E3-1225 v3 @ 3.20GHz,12,HDD,4.1
HP,AMD PRO A10,3181,"AMD PRO A10-8770E R7, 10 COMPUTE CORES 4C+6G",15,HDD,2.7
HP,AMD PRO A10,3181,"AMD PRO A10-8770E R7, 10 COMPUTE CORES 4C+6G",15,HDD,1.9
HP,AMD PRO A10,3181,"AMD PRO A10-8770E R7, 10 COMPUTE CORES 4C+6G",15,HDD,1.4
HP,AMD PRO A10,3181,"AMD PRO A10-8770E R7, 10 COMPUTE CORES 4C+6G",15,HDD,2.4
HP,AMD PRO A10,3181,"AMD PRO A10-8770E R7, 10 COMPUTE CORES 4C+6G",15,HDD,0.9
HP,AMD PRO A10,3181,"AMD PRO A10-8770E R7, 10 COMPUTE CORES 4C+6G",15,HDD,0.5
LENOVO,AMD PRO A8,3347,"AMD PRO A8-9600 R7, 10 COMPUTE CORES 4C+6G",7,SSD,3.5
LENOVO,AMD PRO A8,3347,"AMD PRO A8-9600 R7, 10 COMPUTE CORES 4C+6G",7,SSD,3.3
LENOVO,AMD PRO A8,3347,"AMD PRO A8-9600 R7, 10 COMPUTE CORES 4C+6G",7,SSD,3.4
LENOVO,AMD PRO A8,3347,"AMD PRO A8-9600 R7, 10 COMPUTE CORES 4C+6G",7,SSD,2.4
HP,Xeon E3,5262,Intel(R) Xeon(R) CPU E3-1225 v3 @ 3.20GHz,8,HDD,3.1
HP,Xeon E3,5262,Intel(R) Xeon(R) CPU E3-1225 v3 @ 3.20GHz,16,SSD,4.5
HP,Xeon E3,5262,Intel(R) Xeon(R) CPU E3-1225 v3 @ 3.20GHz,8,HDD,3.4
HP,AMD PRO A12,3848,"AMD PRO A12-8870 R7, 12 COMPUTE CORES 4C+8G",15,SSD,2.2
HP,AMD PRO A10,3181,"AMD PRO A10-8770E R7, 10 COMPUTE CORES 4C+6G",15,HDD,1.6
HP,AMD PRO A10,3181,"AMD PRO A10-8770E R7, 10 COMPUTE CORES 4C+6G",15,HDD,4.1
HP,AMD PRO A10,3184,"AMD A10 PRO-7800B R7, 12 Compute Cores 4C+8G",15,HDD,1.2
HP,Xeon E3,5262,Intel(R) Xeon(R) CPU E3-1225 v3 @ 3.20GHz,8,HDD,4.1
HP,AMD PRO A10,3181,"AMD PRO A10-8770E R7, 10 COMPUTE CORES 4C+6G",15,HDD,1.4
HP,AMD PRO A10,3181,"AMD PRO A10-8770E R7, 10 COMPUTE CORES 4C+6G",15,HDD,3.5
HP,AMD PRO A8,3347,"AMD PRO A8-9600 R7, 10 COMPUTE CORES 4C+6G",7,SSD,3.2
HP,AMD PRO A10,3181,"AMD PRO A10-8770E R7, 10 COMPUTE CORES 4C+6G",15,HDD,3.2
HP,AMD PRO A10,3181,"AMD PRO A10-8770E R7, 10 COMPUTE CORES 4C+6G",15,HDD,3.5
HP,AMD PRO A10,3181,"AMD PRO A10-8770E R7, 10 COMPUTE CORES 4C+6G",15,HDD,0
HP,AMD PRO A10,3181,"AMD PRO A10-8770E R7, 10 COMPUTE CORES 4C+6G",15,HDD,1.7
HP,AMD PRO A10,3181,"AMD PRO A10-8770E R7, 10 COMPUTE CORES 4C+6G",15,HDD,3
HP,Xeon E3,5262,Intel(R) Xeon(R) CPU E3-1225 v3 @ 3.20GHz,8,HDD,2.6
HP,AMD PRO A10,3181,"AMD PRO A10-8770E R7, 10 COMPUTE CORES 4C+6G",15,HDD,2.5
HP,Xeon E3,5262,Intel(R) Xeon(R) CPU E3-1225 v3 @ 3.20GHz,8,HDD,2.8
Transource,i5,6634,Intel(R) Core(TM) i5-7600 CPU @ 3.50GHz,8,HDD,0
Transource,i5,6634,Intel(R) Core(TM) i5-7600 CPU @ 3.50GHz,8,HDD,3.8
Transource,i5,6634,Intel(R) Core(TM) i5-7600 CPU @ 3.50GHz,8,HDD,3.3
Transource,i5,6634,Intel(R) Core(TM) i5-7600 CPU @ 3.50GHz,8,HDD,4.4
Transource,i5,6634,Intel(R) Core(TM) i5-7600 CPU @ 3.50GHz,8,HDD,4.1
Transource,i5,6634,Intel(R) Core(TM) i5-7600 CPU @ 3.50GHz,8,HDD,2.7
Transource,i5,6634,Intel(R) Core(TM) i5-7600 CPU @ 3.50GHz,8,HDD,0.8
HP,i5,6109,Intel(R) Core(TM) i5-6600 CPU @ 3.30GHz,16,HDD,3.5
HP,i5,6109,Intel(R) Core(TM) i5-6600 CPU @ 3.30GHz,16,HDD,2
HP,AMD PRO A10,3181,"AMD PRO A10-8770E R7, 10 COMPUTE CORES 4C+6G",15,HDD,1.6
HP,AMD PRO A10,3181,"AMD PRO A10-8770E R7, 10 COMPUTE CORES 4C+6G",15,HDD,2.3
HP,AMD PRO A10,3181,"AMD PRO A10-8770E R7, 10 COMPUTE CORES 4C+6G",15,HDD,1.7
HP,AMD PRO A10,3181,"AMD PRO A10-8770E R7, 10 COMPUTE CORES 4C+6G",31,HDD,3.2
HP,AMD PRO A10,3181,"AMD PRO A10-8770E R7, 10 COMPUTE CORES 4C+6G",31,SSD,1.2
HP,AMD PRO A10,3181,"AMD PRO A10-8770E R7, 10 COMPUTE CORES 4C+6G",15,HDD,3.2
HP,AMD PRO A10,3181,"AMD PRO A10-8770E R7, 10 COMPUTE CORES 4C+6G",15,SSD,1.3
HP,AMD PRO A10,3181,"AMD PRO A10-8770E R7, 10 COMPUTE CORES 4C+6G",15,HDD,2
HP,Xeon E3,5262,Intel(R) Xeon(R) CPU E3-1225 v3 @ 3.20GHz,8,HDD,2.6
HP,AMD PRO A10,3181,"AMD PRO A10-8770E R7, 10 COMPUTE CORES 4C+6G",15,HDD,3.1
GETAC,i5,3025,Intel(R) Core(TM) i5-6200U CPU @ 2.30GHz,8,SSD,3.1
GETAC,i5,3025,Intel(R) Core(TM) i5-6200U CPU @ 2.30GHz,8,SSD,1.2
GETAC,i5,3025,Intel(R) Core(TM) i5-6200U CPU @ 2.30GHz,8,SSD,3.7
GETAC,i5,3025,Intel(R) Core(TM) i5-6200U CPU @ 2.30GHz,8,SSD,3.1
GETAC,i5,3025,Intel(R) Core(TM) i5-6200U CPU @ 2.30GHz,8,SSD,2.6
GETAC,i5,3025,Intel(R) Core(TM) i5-6200U CPU @ 2.30GHz,8,SSD,3.5
HP,i5,3413,Intel(R) Core(TM) i5-7200U CPU @ 2.50GHz,8,HDD,1.6
HP,i5,7533,Intel(R) Core(TM) i5-8300H CPU @ 2.30GHz,16,SSD,4.4
HP,i7,6551,Intel(R) Core(TM) i7-6700HQ CPU @ 2.60GHz,8,HDD,3.9
HP,i5,3413,Intel(R) Core(TM) i5-7200U CPU @ 2.50GHz,8,HDD,2.9
GETAC,i5,3025,Intel(R) Core(TM) i5-6200U CPU @ 2.30GHz,8,HDD,4
GETAC,i5,3025,Intel(R) Core(TM) i5-6200U CPU @ 2.30GHz,8,SSD,4.1
GETAC,i5,3025,Intel(R) Core(TM) i5-6200U CPU @ 2.30GHz,8,SSD,4.6
GETAC,i5,3025,Intel(R) Core(TM) i5-6200U CPU @ 2.30GHz,8,SSD,4.5
GETAC,i5,3025,Intel(R) Core(TM) i5-6200U CPU @ 2.30GHz,8,SSD,4.6
GETAC,i5,3025,Intel(R) Core(TM) i5-6200U CPU @ 2.30GHz,8,SSD,4.6
GETAC,i5,3025,Intel(R) Core(TM) i5-6200U CPU @ 2.30GHz,8,SSD,4
GETAC,i5,3025,Intel(R) Core(TM) i5-6200U CPU @ 2.30GHz,8,HDD,4.1
GETAC,i5,3025,Intel(R) Core(TM) i5-6200U CPU @ 2.30GHz,8,SSD,4.6
GETAC,i5,3025,Intel(R) Core(TM) i5-6200U CPU @ 2.30GHz,8,SSD,2.5
GETAC,i5,3025,Intel(R) Core(TM) i5-6200U CPU @ 2.30GHz,8,SSD,3.7
GETAC,i5,3025,Intel(R) Core(TM) i5-6200U CPU @ 2.30GHz,8,SSD,4.3
GETAC,i5,3025,Intel(R) Core(TM) i5-6200U CPU @ 2.30GHz,8,SSD,1.4
HP,AMD PRO A8,3347,"AMD PRO A8-9600 R7, 10 COMPUTE CORES 4C+6G",7,HDD,2.8
HP,AMD PRO A8,3347,"AMD PRO A8-9600 R7, 10 COMPUTE CORES 4C+6G",7,HDD,1.1
HP,AMD PRO A8,3347,"AMD PRO A8-9600 R7, 10 COMPUTE CORES 4C+6G",7,HDD,2.2
HP,AMD PRO A8,3347,"AMD PRO A8-9600 R7, 10 COMPUTE CORES 4C+6G",7,HDD,2.1
HP,AMD PRO A8,3347,"AMD PRO A8-9600 R7, 10 COMPUTE CORES 4C+6G",7,HDD,0.8
HP,AMD PRO A8,3347,"AMD PRO A8-9600 R7, 10 COMPUTE CORES 4C+6G",15,HDD,0.2
HP,AMD PRO A8,3347,"AMD PRO A8-9600 R7, 10 COMPUTE CORES 4C+6G",15,HDD,1.2
HP,AMD PRO A8,3347,"AMD PRO A8-9600 R7, 10 COMPUTE CORES 4C+6G",15,HDD,2.5
HP,AMD PRO A12,3848,"AMD PRO A12-8870 R7, 12 COMPUTE CORES 4C+8G",15,HDD,3.8
HP,AMD PRO A8,3347,"AMD PRO A8-9600 R7, 10 COMPUTE CORES 4C+6G",15,HDD,2.5
HP,AMD PRO A12,3848,"AMD PRO A12-8870 R7, 12 COMPUTE CORES 4C+8G",31,HDD,3.8
HP,AMD PRO A12,3848,"AMD PRO A12-8870 R7, 12 COMPUTE CORES 4C+8G",15,HDD,3.2
HP,AMD PRO A8,3347,"AMD PRO A8-9600 R7, 10 COMPUTE CORES 4C+6G",15,HDD,0.8
HP,i3,4172,Intel(R) Core(TM) i3-6100 CPU @ 3.70GHz,8,HDD,1.9
HP,i3,4172,Intel(R) Core(TM) i3-6100 CPU @ 3.70GHz,16,HDD,2
HP,i3,4172,Intel(R) Core(TM) i3-6100 CPU @ 3.70GHz,8,HDD,3.5
HP,AMD PRO A8,3347,"AMD PRO A8-9600 R7, 10 COMPUTE CORES 4C+6G",7,HDD,1.7
HP,AMD PRO A8,3347,"AMD PRO A8-9600 R7, 10 COMPUTE CORES 4C+6G",7,HDD,1.3
HP,AMD PRO A8,3347,"AMD PRO A8-9600 R7, 10 COMPUTE CORES 4C+6G",7,HDD,1.2
HP,AMD PRO A8,3347,"AMD PRO A8-9600 R7, 10 COMPUTE CORES 4C+6G",7,HDD,0.6
HP,AMD PRO A8,3347,"AMD PRO A8-9600 R7, 10 COMPUTE CORES 4C+6G",7,HDD,0.9
HP,AMD PRO A8,3347,"AMD PRO A8-9600 R7, 10 COMPUTE CORES 4C+6G",7,HDD,1.3
HP,AMD PRO A8,3347,"AMD PRO A8-9600 R7, 10 COMPUTE CORES 4C+6G",7,HDD,2
HP,AMD PRO A8,3347,"AMD PRO A8-9600 R7, 10 COMPUTE CORES 4C+6G",7,HDD,1.7
HP,AMD PRO A8,3347,"AMD PRO A8-9600 R7, 10 COMPUTE CORES 4C+6G",15,HDD,2.2
HP,AMD PRO A8,3347,"AMD PRO A8-9600 R7, 10 COMPUTE CORES 4C+6G",15,HDD,1.1
HP,i3,4172,Intel(R) Core(TM) i3-6100 CPU @ 3.70GHz,8,HDD,0.7
HP,AMD PRO A8,3347,"AMD PRO A8-9600 R7, 10 COMPUTE CORES 4C+6G",7,HDD,1.2
HP,AMD PRO A8,3347,"AMD PRO A8-9600 R7, 10 COMPUTE CORES 4C+6G",7,HDD,1
HP,AMD PRO A8,3347,"AMD PRO A8-9600 R7, 10 COMPUTE CORES 4C+6G",7,HDD,1.8
HP,AMD PRO A12,3848,"AMD PRO A12-8870 R7, 12 COMPUTE CORES 4C+8G",15,HDD,2.6
Dell,i7,15512,Intel(R) Core(TM) i7-10875H CPU @ 2.30GHz,32,SSD,4.6
GETAC,i5,5949,Intel(R) Core(TM) i5-8250U CPU @ 1.60GHz,16,SSD,4.2
HP,i5,3413,Intel(R) Core(TM) i5-7200U CPU @ 2.50GHz,8,HDD,4
HP,i5,3413,Intel(R) Core(TM) i5-7200U CPU @ 2.50GHz,8,HDD,3.2
HP,i5,3413,Intel(R) Core(TM) i5-7200U CPU @ 2.50GHz,8,HDD,5
HP,i5,3260,Intel(R) Core(TM) i5-6300U CPU @ 2.40GHz,8,HDD,2
HP,i5,3260,Intel(R) Core(TM) i5-6300U CPU @ 2.40GHz,8,HDD,3.7
HP,i5,3260,Intel(R) Core(TM) i5-6300U CPU @ 2.40GHz,8,HDD,2.2
HP,i5,3260,Intel(R) Core(TM) i5-6300U CPU @ 2.40GHz,8,HDD,2.4
HP,i5,7533,Intel(R) Core(TM) i5-8300H CPU @ 2.30GHz,32,SSD,3.3
HP,i5,3413,Intel(R) Core(TM) i5-7200U CPU @ 2.50GHz,8,HDD,2.4
HP,i5,3413,Intel(R) Core(TM) i5-7200U CPU @ 2.50GHz,8,HDD,2.9
HP,i5,3413,Intel(R) Core(TM) i5-7200U CPU @ 2.50GHz,8,HDD,2.3
HP,i5,3413,Intel(R) Core(TM) i5-7200U CPU @ 2.50GHz,8,HDD,2
HP,i5,3413,Intel(R) Core(TM) i5-7200U CPU @ 2.50GHz,8,HDD,3.2
HP,i5,3413,Intel(R) Core(TM) i5-7200U CPU @ 2.50GHz,8,HDD,1.7
HP,i5,3413,Intel(R) Core(TM) i5-7200U CPU @ 2.50GHz,8,HDD,2.7
HP,i5,3413,Intel(R) Core(TM) i5-7200U CPU @ 2.50GHz,8,HDD,2.3
HP,i5,3413,Intel(R) Core(TM) i5-7200U CPU @ 2.50GHz,8,HDD,3.5
HP,i5,3413,Intel(R) Core(TM) i5-7200U CPU @ 2.50GHz,8,HDD,3.8
HP,i5,3413,Intel(R) Core(TM) i5-7200U CPU @ 2.50GHz,8,HDD,4
HP,i5,3413,Intel(R) Core(TM) i5-7200U CPU @ 2.50GHz,8,HDD,1.6
HP,i5,3260,Intel(R) Core(TM) i5-6300U CPU @ 2.40GHz,8,HDD,2.5
HP,i5,3260,Intel(R) Core(TM) i5-6300U CPU @ 2.40GHz,8,HDD,3.1
HP,i5,3260,Intel(R) Core(TM) i5-6300U CPU @ 2.40GHz,8,HDD,3.3
HP,i5,3260,Intel(R) Core(TM) i5-6300U CPU @ 2.40GHz,8,HDD,2.6
HP,i5,3260,Intel(R) Core(TM) i5-6300U CPU @ 2.40GHz,8,HDD,1.3
HP,i5,3260,Intel(R) Core(TM) i5-6300U CPU @ 2.40GHz,16,HDD,3.2
HP,i5,3260,Intel(R) Core(TM) i5-6300U CPU @ 2.40GHz,8,HDD,3.3
HP,i5,3260,Intel(R) Core(TM) i5-6300U CPU @ 2.40GHz,8,HDD,4.8
HP,i5,3260,Intel(R) Core(TM) i5-6300U CPU @ 2.40GHz,8,HDD,2.6
HP,i5,3413,Intel(R) Core(TM) i5-7200U CPU @ 2.50GHz,8,HDD,2.5
HP,i5,3413,Intel(R) Core(TM) i5-7200U CPU @ 2.50GHz,8,HDD,3.6
HP,i5,3413,Intel(R) Core(TM) i5-7200U CPU @ 2.50GHz,8,HDD,2.7
HP,i5,3413,Intel(R) Core(TM) i5-7200U CPU @ 2.50GHz,8,HDD,2.6
HP,i5,3413,Intel(R) Core(TM) i5-7200U CPU @ 2.50GHz,8,HDD,3.4
HP,i5,3413,Intel(R) Core(TM) i5-7200U CPU @ 2.50GHz,8,HDD,1.5
HP,i5,3413,Intel(R) Core(TM) i5-7200U CPU @ 2.50GHz,8,HDD,3.1
HP,i5,3260,Intel(R) Core(TM) i5-6300U CPU @ 2.40GHz,8,HDD,3.9
HP,i5,3260,Intel(R) Core(TM) i5-6300U CPU @ 2.40GHz,8,HDD,2.7
HP,i5,3413,Intel(R) Core(TM) i5-7200U CPU @ 2.50GHz,8,HDD,4.1
HP,i5,3413,Intel(R) Core(TM) i5-7200U CPU @ 2.50GHz,8,HDD,2.6
HP,i5,3413,Intel(R) Core(TM) i5-7200U CPU @ 2.50GHz,8,HDD,3.3
Panasonic,i5,2850,Intel(R) Core(TM) i5-7Y57 CPU @ 1.20GHz,8,SSD,0.9
HP,i5,3260,Intel(R) Core(TM) i5-6300U CPU @ 2.40GHz,8,HDD,3.6
HP,i5,3260,Intel(R) Core(TM) i5-6300U CPU @ 2.40GHz,8,HDD,3.4
HP,i5,3260,Intel(R) Core(TM) i5-6300U CPU @ 2.40GHz,8,HDD,0.9
HP,i5,3413,Intel(R) Core(TM) i5-7200U CPU @ 2.50GHz,8,HDD,2.3
HP,i5,3260,Intel(R) Core(TM) i5-6300U CPU @ 2.40GHz,8,HDD,1
GETAC,i5,3413,Intel(R) Core(TM) i5-7200U CPU @ 2.50GHz,16,SSD,5
GETAC,i5,3025,Intel(R) Core(TM) i5-6200U CPU @ 2.30GHz,8,SSD,0.5
HP,AMD PRO A8,3347,"AMD PRO A8-9600 R7, 10 COMPUTE CORES 4C+6G",7,HDD,2.4
HP,AMD PRO A8,3347,"AMD PRO A8-9600 R7, 10 COMPUTE CORES 4C+6G",7,HDD,3.6
HP,AMD PRO A8,3347,"AMD PRO A8-9600 R7, 10 COMPUTE CORES 4C+6G",7,HDD,3.6
HP,Xeon E3,7073,Intel(R) Xeon(R) CPU E3-1245 v3 @ 3.40GHz,16,HDD,3.5
HP,AMD PRO A10,3184,"AMD A10 PRO-7800B R7, 12 Compute Cores 4C+8G",3,HDD,0.1
HP,AMD PRO A8,3347,"AMD PRO A8-9600 R7, 10 COMPUTE CORES 4C+6G",7,HDD,2.3
HP,AMD PRO A8,3347,"AMD PRO A8-9600 R7, 10 COMPUTE CORES 4C+6G",7,HDD,1.5
HP,AMD PRO A8,3347,"AMD PRO A8-9600 R7, 10 COMPUTE CORES 4C+6G",7,HDD,2.3
HP,AMD PRO A8,3347,"AMD PRO A8-9600 R7, 10 COMPUTE CORES 4C+6G",7,HDD,1.8
HP,AMD PRO A10,3184,"AMD A10 PRO-7800B R7, 12 Compute Cores 4C+8G",15,HDD,3.8
HP,AMD PRO A8,3347,"AMD PRO A8-9600 R7, 10 COMPUTE CORES 4C+6G",7,HDD,1.9
HP,AMD PRO A8,3347,"AMD PRO A8-9600 R7, 10 COMPUTE CORES 4C+6G",7,HDD,1.5
HP,AMD PRO A8,3347,"AMD PRO A8-9600 R7, 10 COMPUTE CORES 4C+6G",15,HDD,2.4
HP,AMD PRO A8,3347,"AMD PRO A8-9600 R7, 10 COMPUTE CORES 4C+6G",7,HDD,1.4
HP,AMD PRO A8,3347,"AMD PRO A8-9600 R7, 10 COMPUTE CORES 4C+6G",7,HDD,3.1
HP,i5,3413,Intel(R) Core(TM) i5-7200U CPU @ 2.50GHz,8,HDD,3.5
HP,i5,3413,Intel(R) Core(TM) i5-7200U CPU @ 2.50GHz,16,HDD,1.4
Dell,i5,9022,Intel(R) Core(TM) i5-10400H CPU @ 2.60GHz,32,SSD,4.3
HP,i7,6551,Intel(R) Core(TM) i7-6700HQ CPU @ 2.60GHz,32,HDD,3.1
HP,i7,6551,Intel(R) Core(TM) i7-6700HQ CPU @ 2.60GHz,32,HDD,3.2
HP,i7,6551,Intel(R) Core(TM) i7-6700HQ CPU @ 2.60GHz,32,HDD,3.1
HP,i5,3413,Intel(R) Core(TM) i5-7200U CPU @ 2.50GHz,16,HDD,3.7
HP,i5,3413,Intel(R) Core(TM) i5-7200U CPU @ 2.50GHz,16,HDD,2.4
HP,i5,3413,Intel(R) Core(TM) i5-7200U CPU @ 2.50GHz,16,HDD,2.1
Dell,i5,9022,Intel(R) Core(TM) i5-10400H CPU @ 2.60GHz,32,SSD,2.8
HP,AMD PRO A10,3181,"AMD PRO A10-8770E R7, 10 COMPUTE CORES 4C+6G",15,HDD,3.2
HP,AMD PRO A10,3181,"AMD PRO A10-8770E R7, 10 COMPUTE CORES 4C+6G",15,HDD,1.1
HP,AMD PRO A10,3181,"AMD PRO A10-8770E R7, 10 COMPUTE CORES 4C+6G",15,HDD,3.1
HP,AMD PRO A10,3181,"AMD PRO A10-8770E R7, 10 COMPUTE CORES 4C+6G",15,HDD,1.8
HP,AMD PRO A10,3181,"AMD PRO A10-8770E R7, 10 COMPUTE CORES 4C+6G",15,HDD,2.3
HP,AMD PRO A10,3181,"AMD PRO A10-8770E R7, 10 COMPUTE CORES 4C+6G",15,HDD,1.3
HP,AMD PRO A10,3181,"AMD PRO A10-8770E R7, 10 COMPUTE CORES 4C+6G",15,HDD,2.9
HP,AMD PRO A10,3181,"AMD PRO A10-8770E R7, 10 COMPUTE CORES 4C+6G",15,HDD,2
HP,AMD PRO A10,3181,"AMD PRO A10-8770E R7, 10 COMPUTE CORES 4C+6G",15,HDD,2.3
HP,AMD PRO A10,3181,"AMD PRO A10-8770E R7, 10 COMPUTE CORES 4C+6G",15,HDD,2.2
HP,AMD PRO A10,3181,"AMD PRO A10-8770E R7, 10 COMPUTE CORES 4C+6G",15,HDD,1.6
HP,AMD PRO A10,3181,"AMD PRO A10-8770E R7, 10 COMPUTE CORES 4C+6G",15,HDD,2.2
HP,AMD PRO A10,3181,"AMD PRO A10-8770E R7, 10 COMPUTE CORES 4C+6G",15,HDD,2
HP,AMD PRO A10,3181,"AMD PRO A10-8770E R7, 10 COMPUTE CORES 4C+6G",15,HDD,1.8
HP,AMD PRO A10,3181,"AMD PRO A10-8770E R7, 10 COMPUTE CORES 4C+6G",15,HDD,2.1
HP,AMD PRO A10,3181,"AMD PRO A10-8770E R7, 10 COMPUTE CORES 4C+6G",15,HDD,2.1
HP,AMD PRO A10,3181,"AMD PRO A10-8770E R7, 10 COMPUTE CORES 4C+6G",15,HDD,2.9
HP,AMD PRO A10,3181,"AMD PRO A10-8770E R7, 10 COMPUTE CORES 4C+6G",15,HDD,2.4
HP,AMD PRO A10,3181,"AMD PRO A10-8770E R7, 10 COMPUTE CORES 4C+6G",15,HDD,2.5
HP,AMD PRO A10,3181,"AMD PRO A10-8770E R7, 10 COMPUTE CORES 4C+6G",15,HDD,1.7
HP,AMD PRO A10,3181,"AMD PRO A10-8770E R7, 10 COMPUTE CORES 4C+6G",15,HDD,0.9
HP,AMD PRO A10,3181,"AMD PRO A10-8770E R7, 10 COMPUTE CORES 4C+6G",15,HDD,2.2
HP,AMD PRO A10,3181,"AMD PRO A10-8770E R7, 10 COMPUTE CORES 4C+6G",15,HDD,3.1
HP,Xeon E3,5262,Intel(R) Xeon(R) CPU E3-1225 v3 @ 3.20GHz,15,HDD,4.2
HP,AMD PRO A10,3181,"AMD PRO A10-8770E R7, 10 COMPUTE CORES 4C+6G",15,HDD,2.8
HP,AMD PRO A10,3181,"AMD PRO A10-8770E R7, 10 COMPUTE CORES 4C+6G",15,HDD,2.5
HP,AMD PRO A10,3181,"AMD PRO A10-8770E R7, 10 COMPUTE CORES 4C+6G",15,HDD,3.8
HP,AMD PRO A10,3181,"AMD PRO A10-8770E R7, 10 COMPUTE CORES 4C+6G",15,HDD,3.2
HP,AMD PRO A10,3181,"AMD PRO A10-8770E R7, 10 COMPUTE CORES 4C+6G",15,HDD,1.6
HP,AMD PRO A10,3181,"AMD PRO A10-8770E R7, 10 COMPUTE CORES 4C+6G",15,HDD,2.6
HP,AMD PRO A10,3181,"AMD PRO A10-8770E R7, 10 COMPUTE CORES 4C+6G",15,HDD,1.5
HP,AMD PRO A10,3181,"AMD PRO A10-8770E R7, 10 COMPUTE CORES 4C+6G",15,HDD,2.2
HP,AMD PRO A10,3181,"AMD PRO A10-8770E R7, 10 COMPUTE CORES 4C+6G",7,HDD,2.4
HP,AMD PRO A10,3181,"AMD PRO A10-8770E R7, 10 COMPUTE CORES 4C+6G",15,HDD,2.6
HP,AMD PRO A10,3181,"AMD PRO A10-8770E R7, 10 COMPUTE CORES 4C+6G",15,HDD,3.4
HP,AMD PRO A10,3181,"AMD PRO A10-8770E R7, 10 COMPUTE CORES 4C+6G",15,HDD,1.6
HP,AMD PRO A10,3181,"AMD PRO A10-8770E R7, 10 COMPUTE CORES 4C+6G",15,HDD,3.3
HP,AMD PRO A10,3181,"AMD PRO A10-8770E R7, 10 COMPUTE CORES 4C+6G",15,HDD,0.8
HP,AMD PRO A10,3181,"AMD PRO A10-8770E R7, 10 COMPUTE CORES 4C+6G",15,HDD,1
HP,AMD PRO A10,3181,"AMD PRO A10-8770E R7, 10 COMPUTE CORES 4C+6G",15,HDD,3.4
HP,AMD PRO A10,3181,"AMD PRO A10-8770E R7, 10 COMPUTE CORES 4C+6G",15,HDD,2.9
HP,AMD PRO A10,3181,"AMD PRO A10-8770E R7, 10 COMPUTE CORES 4C+6G",15,HDD,2.1
HP,AMD PRO A10,3181,"AMD PRO A10-8770E R7, 10 COMPUTE CORES 4C+6G",15,HDD,2.7
HP,AMD PRO A10,3181,"AMD PRO A10-8770E R7, 10 COMPUTE CORES 4C+6G",15,HDD,2
HP,AMD PRO A10,3181,"AMD PRO A10-8770E R7, 10 COMPUTE CORES 4C+6G",15,HDD,2.3
HP,AMD PRO A10,3181,"AMD PRO A10-8770E R7, 10 COMPUTE CORES 4C+6G",15,HDD,3.2
HP,AMD PRO A10,3181,"AMD PRO A10-8770E R7, 10 COMPUTE CORES 4C+6G",15,HDD,0
HP,AMD PRO A10,3181,"AMD PRO A10-8770E R7, 10 COMPUTE CORES 4C+6G",15,HDD,1.2
HP,AMD PRO A10,3181,"AMD PRO A10-8770E R7, 10 COMPUTE CORES 4C+6G",15,HDD,2.3
HP,AMD PRO A10,3181,"AMD PRO A10-8770E R7, 10 COMPUTE CORES 4C+6G",15,HDD,2.4
HP,AMD PRO A10,3181,"AMD PRO A10-8770E R7, 10 COMPUTE CORES 4C+6G",15,HDD,3.7
HP,AMD PRO A10,3181,"AMD PRO A10-8770E R7, 10 COMPUTE CORES 4C+6G",15,HDD,2.9
HP,AMD PRO A10,3181,"AMD PRO A10-8770E R7, 10 COMPUTE CORES 4C+6G",15,HDD,3.9
HP,AMD PRO A10,3181,"AMD PRO A10-8770E R7, 10 COMPUTE CORES 4C+6G",15,HDD,2.6
HP,AMD PRO A10,3181,"AMD PRO A10-8770E R7, 10 COMPUTE CORES 4C+6G",15,HDD,0.2
HP,AMD PRO A10,3181,"AMD PRO A10-8770E R7, 10 COMPUTE CORES 4C+6G",15,HDD,2.3
HP,AMD PRO A10,3181,"AMD PRO A10-8770E R7, 10 COMPUTE CORES 4C+6G",15,HDD,2.3
HP,AMD PRO A10,3181,"AMD PRO A10-8770E R7, 10 COMPUTE CORES 4C+6G",15,HDD,2.1
HP,AMD PRO A10,3181,"AMD PRO A10-8770E R7, 10 COMPUTE CORES 4C+6G",15,HDD,1.4
HP,AMD PRO A10,3181,"AMD PRO A10-8770E R7, 10 COMPUTE CORES 4C+6G",15,HDD,3
HP,AMD PRO A10,3181,"AMD PRO A10-8770E R7, 10 COMPUTE CORES 4C+6G",15,HDD,2.5
HP,AMD PRO A10,3181,"AMD PRO A10-8770E R7, 10 COMPUTE CORES 4C+6G",15,HDD,3.1
HP,AMD PRO A10,3181,"AMD PRO A10-8770E R7, 10 COMPUTE CORES 4C+6G",15,HDD,1.7
Ace Computers,i5,9846,Intel(R) Core(TM) i5-8600K CPU @ 3.60GHz,64,HDD,4
HP,AMD PRO A10,3181,"AMD PRO A10-8770E R7, 10 COMPUTE CORES 4C+6G",15,HDD,3.7
Dell,Xeon E3,5477,Intel(R) Xeon(R) CPU E3-1226 v3 @ 3.30GHz,8,HDD,2.2
HP,i5,3413,Intel(R) Core(TM) i5-7200U CPU @ 2.50GHz,15,SSD,3.7
HP,i5,3413,Intel(R) Core(TM) i5-7200U CPU @ 2.50GHz,8,HDD,1.3
HP,i5,3260,Intel(R) Core(TM) i5-6300U CPU @ 2.40GHz,8,HDD,4.3
HP,i5,7533,Intel(R) Core(TM) i5-8300H CPU @ 2.30GHz,32,SSD,2.5
HP,i5,7533,Intel(R) Core(TM) i5-8300H CPU @ 2.30GHz,32,SSD,3.7
HP,i5,3260,Intel(R) Core(TM) i5-6300U CPU @ 2.40GHz,16,HDD,3.5
HP,i5,3260,Intel(R) Core(TM) i5-6300U CPU @ 2.40GHz,8,HDD,3.1
HP,i5,3260,Intel(R) Core(TM) i5-6300U CPU @ 2.40GHz,8,HDD,2.4
Dell,i5,3260,Intel(R) Core(TM) i5-6300U CPU @ 2.40GHz,8,SSD,0.8
HP,i5,3260,Intel(R) Core(TM) i5-6300U CPU @ 2.40GHz,8,HDD,2.9
HP,i5,3413,Intel(R) Core(TM) i5-7200U CPU @ 2.50GHz,8,HDD,3.7
HP,i5,3260,Intel(R) Core(TM) i5-6300U CPU @ 2.40GHz,8,HDD,2.2
HP,i5,3413,Intel(R) Core(TM) i5-7200U CPU @ 2.50GHz,8,HDD,2.2
HP,i5,3260,Intel(R) Core(TM) i5-6300U CPU @ 2.40GHz,8,HDD,3.6
HP,i5,3260,Intel(R) Core(TM) i5-6300U CPU @ 2.40GHz,8,HDD,1
HP,i5,3260,Intel(R) Core(TM) i5-6300U CPU @ 2.40GHz,8,HDD,3.6
HP,i5,3260,Intel(R) Core(TM) i5-6300U CPU @ 2.40GHz,8,HDD,1.7
HP,i5,3260,Intel(R) Core(TM) i5-6300U CPU @ 2.40GHz,8,HDD,1.7
HP,i5,3260,Intel(R) Core(TM) i5-6300U CPU @ 2.40GHz,8,HDD,1.9
HP,i5,3260,Intel(R) Core(TM) i5-6300U CPU @ 2.40GHz,8,HDD,2.1
HP,i5,3260,Intel(R) Core(TM) i5-6300U CPU @ 2.40GHz,8,HDD,2.1
HP,i5,3413,Intel(R) Core(TM) i5-7200U CPU @ 2.50GHz,16,SSD,4.7
HP,i5,3413,Intel(R) Core(TM) i5-7200U CPU @ 2.50GHz,16,SSD,3.7
HP,i5,3413,Intel(R) Core(TM) i5-7200U CPU @ 2.50GHz,8,HDD,1.9
HP,i5,3413,Intel(R) Core(TM) i5-7200U CPU @ 2.50GHz,8,HDD,2.7
HP,i5,3413,Intel(R) Core(TM) i5-7200U CPU @ 2.50GHz,8,HDD,1.6
HP,i5,3413,Intel(R) Core(TM) i5-7200U CPU @ 2.50GHz,8,HDD,3.8
HP,i5,3413,Intel(R) Core(TM) i5-7200U CPU @ 2.50GHz,8,HDD,0.2
HP,i5,3413,Intel(R) Core(TM) i5-7200U CPU @ 2.50GHz,8,HDD,4.3
HP,i5,3413,Intel(R) Core(TM) i5-7200U CPU @ 2.50GHz,8,HDD,2.2
HP,i5,3413,Intel(R) Core(TM) i5-7200U CPU @ 2.50GHz,8,HDD,2.4
HP,i5,3413,Intel(R) Core(TM) i5-7200U CPU @ 2.50GHz,8,HDD,4.3
HP,i5,3413,Intel(R) Core(TM) i5-7200U CPU @ 2.50GHz,8,HDD,3.4
HP,i5,3413,Intel(R) Core(TM) i5-7200U CPU @ 2.50GHz,8,HDD,1.6
HP,i5,3413,Intel(R) Core(TM) i5-7200U CPU @ 2.50GHz,8,HDD,2.8
HP,i5,3413,Intel(R) Core(TM) i5-7200U CPU @ 2.50GHz,8,HDD,2.2
HP,i5,3413,Intel(R) Core(TM) i5-7200U CPU @ 2.50GHz,8,HDD,2.5
HP,i5,3413,Intel(R) Core(TM) i5-7200U CPU @ 2.50GHz,8,HDD,1.6
HP,i5,3413,Intel(R) Core(TM) i5-7200U CPU @ 2.50GHz,8,HDD,2.9
HP,i5,3260,Intel(R) Core(TM) i5-6300U CPU @ 2.40GHz,8,HDD,1.7
LENOVO,i7,5817,Intel(R) Core(TM) i7-4710MQ CPU @ 2.50GHz,32,SSD,3.8
HP,i5,3413,Intel(R) Core(TM) i5-7200U CPU @ 2.50GHz,8,HDD,3.3
HP,i5,3413,Intel(R) Core(TM) i5-7200U CPU @ 2.50GHz,8,HDD,1.9
HP,i5,7533,Intel(R) Core(TM) i5-8300H CPU @ 2.30GHz,16,HDD,3
HP,i5,3413,Intel(R) Core(TM) i5-7200U CPU @ 2.50GHz,8,HDD,3.5
HP,i5,3413,Intel(R) Core(TM) i5-7200U CPU @ 2.50GHz,8,HDD,2.2
HP,i5,3413,Intel(R) Core(TM) i5-7200U CPU @ 2.50GHz,8,HDD,1.6
HP,i5,3413,Intel(R) Core(TM) i5-7200U CPU @ 2.50GHz,8,HDD,3.2
HP,i5,3413,Intel(R) Core(TM) i5-7200U CPU @ 2.50GHz,8,HDD,1.1
HP,i5,3413,Intel(R) Core(TM) i5-7200U CPU @ 2.50GHz,8,HDD,3
HP,i5,3413,Intel(R) Core(TM) i5-7200U CPU @ 2.50GHz,8,HDD,3.4
HP,i5,3413,Intel(R) Core(TM) i5-7200U CPU @ 2.50GHz,8,HDD,3.5
HP,i5,3413,Intel(R) Core(TM) i5-7200U CPU @ 2.50GHz,8,HDD,3
HP,i5,3413,Intel(R) Core(TM) i5-7200U CPU @ 2.50GHz,8,HDD,3.7
HP,i5,3260,Intel(R) Core(TM) i5-6300U CPU @ 2.40GHz,8,HDD,2.9
HP,i5,3260,Intel(R) Core(TM) i5-6300U CPU @ 2.40GHz,8,HDD,1.7
HP,i5,3260,Intel(R) Core(TM) i5-6300U CPU @ 2.40GHz,8,HDD,1.7
HP,i5,9798,Intel(R) Core(TM) i5-9500 CPU @ 3.00GHz,8,SSD,4.6
HP,i5,6109,Intel(R) Core(TM) i5-6600 CPU @ 3.30GHz,8,HDD,2.8
HP,AMD PRO A8,2148,"AMD PRO A8-8600B R6, 10 Compute Cores 4C+6G",7,HDD,2.4
HP,AMD PRO A12,3848,"AMD PRO A12-8870 R7, 12 COMPUTE CORES 4C+8G",15,HDD,3.4
HP,AMD PRO A8,2148,"AMD PRO A8-8600B R6, 10 Compute Cores 4C+6G",7,HDD,0.6
Transource,i5,6634,Intel(R) Core(TM) i5-7600 CPU @ 3.50GHz,16,HDD,3.9
Transource,i5,6634,Intel(R) Core(TM) i5-7600 CPU @ 3.50GHz,16,HDD,3.8
Transource,i5,6634,Intel(R) Core(TM) i5-7600 CPU @ 3.50GHz,16,HDD,4.9
Transource,i5,6634,Intel(R) Core(TM) i5-7600 CPU @ 3.50GHz,16,HDD,4.4
Transource,i5,6634,Intel(R) Core(TM) i5-7600 CPU @ 3.50GHz,16,HDD,4.7
HP,AMD PRO A8,3204,"AMD PRO A8-8650B R7, 10 Compute Cores 4C+6G",7,HDD,1.8
HP,i5,3413,Intel(R) Core(TM) i5-7200U CPU @ 2.50GHz,8,HDD,0.7
HP,i5,3413,Intel(R) Core(TM) i5-7200U CPU @ 2.50GHz,8,HDD,2.2
HP,i5,3260,Intel(R) Core(TM) i5-6300U CPU @ 2.40GHz,8,HDD,2.5
HP,i5,3413,Intel(R) Core(TM) i5-7200U CPU @ 2.50GHz,8,HDD,2.8
HP,i5,3413,Intel(R) Core(TM) i5-7200U CPU @ 2.50GHz,8,HDD,3.7
HP,i5,3413,Intel(R) Core(TM) i5-7200U CPU @ 2.50GHz,8,HDD,1.9
HP,i5,3413,Intel(R) Core(TM) i5-7200U CPU @ 2.50GHz,8,HDD,2.7
HP,i5,3413,Intel(R) Core(TM) i5-7200U CPU @ 2.50GHz,8,HDD,2.8
GETAC,i5,5988,Intel(R) Core(TM) i5-8265U CPU @ 1.60GHz,16,SSD,0.5
GETAC,i5,5988,Intel(R) Core(TM) i5-8265U CPU @ 1.60GHz,16,SSD,0.1
GETAC,i5,5988,Intel(R) Core(TM) i5-8265U CPU @ 1.60GHz,16,SSD,2.3
GETAC,i5,5988,Intel(R) Core(TM) i5-8265U CPU @ 1.60GHz,16,SSD,0.4
GETAC,i5,5988,Intel(R) Core(TM) i5-8265U CPU @ 1.60GHz,16,SSD,0.2
GETAC,i5,5988,Intel(R) Core(TM) i5-8265U CPU @ 1.60GHz,16,SSD,0
GETAC,i5,5988,Intel(R) Core(TM) i5-8265U CPU @ 1.60GHz,16,SSD,0
Dell,i7,15512,Intel(R) Core(TM) i7-10875H CPU @ 2.30GHz,32,SSD,3.7
Dell,i7,15512,Intel(R) Core(TM) i7-10875H CPU @ 2.30GHz,32,SSD,3.7
HP,i5,3413,Intel(R) Core(TM) i5-7200U CPU @ 2.50GHz,8,HDD,3.2
HP,i5,3413,Intel(R) Core(TM) i5-7200U CPU @ 2.50GHz,16,HDD,4.2
HP,i5,3260,Intel(R) Core(TM) i5-6300U CPU @ 2.40GHz,8,SSD,4.1
HP,i5,3260,Intel(R) Core(TM) i5-6300U CPU @ 2.40GHz,8,HDD,0.4
Dell,i7,3633,Intel(R) Core(TM) i7-7600U CPU @ 2.80GHz,32,SSD,4.4
Dell,i7,3633,Intel(R) Core(TM) i7-7600U CPU @ 2.80GHz,16,SSD,3.9
HP,i5,3413,Intel(R) Core(TM) i5-7200U CPU @ 2.50GHz,8,HDD,3
HP,i5,3260,Intel(R) Core(TM) i5-6300U CPU @ 2.40GHz,16,HDD,3.9
HP,i5,3413,Intel(R) Core(TM) i5-7200U CPU @ 2.50GHz,8,HDD,3.3
HP,i5,3464,Intel(R) Core(TM) i5-4340M CPU @ 2.90GHz,16,SSD,4.4
HP,i5,3260,Intel(R) Core(TM) i5-6300U CPU @ 2.40GHz,8,HDD,1.9
HP,i5,3413,Intel(R) Core(TM) i5-7200U CPU @ 2.50GHz,8,HDD,1.5
HP,i5,3413,Intel(R) Core(TM) i5-7200U CPU @ 2.50GHz,16,SSD,3.8
HP,i5,3413,Intel(R) Core(TM) i5-7200U CPU @ 2.50GHz,16,HDD,1.2
HP,i5,3413,Intel(R) Core(TM) i5-7200U CPU @ 2.50GHz,16,SSD,3.1
HP,i5,3413,Intel(R) Core(TM) i5-7200U CPU @ 2.50GHz,8,HDD,3.7
HP,i5,3413,Intel(R) Core(TM) i5-7200U CPU @ 2.50GHz,8,HDD,2.7
LENOVO,i7,6551,Intel(R) Core(TM) i7-6700HQ CPU @ 2.60GHz,16,SSD,3.7
LENOVO,i7,6551,Intel(R) Core(TM) i7-6700HQ CPU @ 2.60GHz,16,SSD,4.4
HP,i7,6551,Intel(R) Core(TM) i7-6700HQ CPU @ 2.60GHz,8,HDD,1.8
HP,i5,3413,Intel(R) Core(TM) i5-7200U CPU @ 2.50GHz,16,HDD,2.5
HP,i5,3413,Intel(R) Core(TM) i5-7200U CPU @ 2.50GHz,16,HDD,3.4
HP,i5,3260,Intel(R) Core(TM) i5-6300U CPU @ 2.40GHz,7,HDD,1.4
HP,i5,3413,Intel(R) Core(TM) i5-7200U CPU @ 2.50GHz,16,SSD,1.1
HP,i5,3413,Intel(R) Core(TM) i5-7200U CPU @ 2.50GHz,8,HDD,3.6
HP,i5,3413,Intel(R) Core(TM) i5-7200U CPU @ 2.50GHz,8,HDD,3.3
HP,i5,3260,Intel(R) Core(TM) i5-6300U CPU @ 2.40GHz,16,HDD,0.9
HP,i5,3413,Intel(R) Core(TM) i5-7200U CPU @ 2.50GHz,8,HDD,1.6
HP,i5,3413,Intel(R) Core(TM) i5-7200U CPU @ 2.50GHz,8,HDD,3.6
HP,i5,3413,Intel(R) Core(TM) i5-7200U CPU @ 2.50GHz,8,HDD,2.9
Dell,Xeon E3,5477,Intel(R) Xeon(R) CPU E3-1226 v3 @ 3.30GHz,8,HDD,3.5
HP,AMD PRO A8,3204,"AMD PRO A8-8650B R7, 10 Compute Cores 4C+6G",7,HDD,2.6
Transource,i5,6634,Intel(R) Core(TM) i5-7600 CPU @ 3.50GHz,8,HDD,0.5
HP,AMD PRO A10,3184,"AMD A10 PRO-7800B R7, 12 Compute Cores 4C+8G",7,HDD,2.3
HP,i5,3260,Intel(R) Core(TM) i5-6300U CPU @ 2.40GHz,8,HDD,0.9
HP,i5,3260,Intel(R) Core(TM) i5-6300U CPU @ 2.40GHz,8,HDD,3.1
HP,i5,3260,Intel(R) Core(TM) i5-6300U CPU @ 2.40GHz,8,HDD,2.4
HP,i5,3260,Intel(R) Core(TM) i5-6300U CPU @ 2.40GHz,16,SSD,4
HP,i5,3260,Intel(R) Core(TM) i5-6300U CPU @ 2.40GHz,16,SSD,2
HP,i5,3260,Intel(R) Core(TM) i5-6300U CPU @ 2.40GHz,8,SSD,2.6
HP,i5,3260,Intel(R) Core(TM) i5-6300U CPU @ 2.40GHz,8,HDD,3
HP,i5,3260,Intel(R) Core(TM) i5-6300U CPU @ 2.40GHz,8,HDD,1.8
HP,i5,3413,Intel(R) Core(TM) i5-7200U CPU @ 2.50GHz,16,HDD,4.6
HP,i5,3413,Intel(R) Core(TM) i5-7200U CPU @ 2.50GHz,16,HDD,4.1
HP,i5,3260,Intel(R) Core(TM) i5-6300U CPU @ 2.40GHz,8,HDD,2.7
HP,i5,3260,Intel(R) Core(TM) i5-6300U CPU @ 2.40GHz,8,HDD,1.1
HP,i5,3260,Intel(R) Core(TM) i5-6300U CPU @ 2.40GHz,8,HDD,4
HP,i5,3260,Intel(R) Core(TM) i5-6300U CPU @ 2.40GHz,8,HDD,1.2
HP,i5,3260,Intel(R) Core(TM) i5-6300U CPU @ 2.40GHz,8,HDD,1.8
HP,i5,3260,Intel(R) Core(TM) i5-6300U CPU @ 2.40GHz,8,HDD,3.1
HP,i5,3260,Intel(R) Core(TM) i5-6300U CPU @ 2.40GHz,8,HDD,2.5
HP,i5,3260,Intel(R) Core(TM) i5-6300U CPU @ 2.40GHz,8,HDD,3
HP,i5,3260,Intel(R) Core(TM) i5-6300U CPU @ 2.40GHz,8,HDD,2.6
HP,i5,3260,Intel(R) Core(TM) i5-6300U CPU @ 2.40GHz,8,HDD,2.5
HP,i5,3260,Intel(R) Core(TM) i5-6300U CPU @ 2.40GHz,16,HDD,3.8
HP,i5,3260,Intel(R) Core(TM) i5-6300U CPU @ 2.40GHz,16,SSD,3.2
HP,i5,3260,Intel(R) Core(TM) i5-6300U CPU @ 2.40GHz,8,HDD,1.6
HP,i5,3260,Intel(R) Core(TM) i5-6300U CPU @ 2.40GHz,8,HDD,1.7
HP,i5,3260,Intel(R) Core(TM) i5-6300U CPU @ 2.40GHz,8,HDD,2.6
HP,i5,3260,Intel(R) Core(TM) i5-6300U CPU @ 2.40GHz,8,HDD,0.7
HP,i7,5323,Intel(R) Core(TM) i7-4700MQ CPU @ 2.40GHz,32,HDD,4.7
HP,i5,3260,Intel(R) Core(TM) i5-6300U CPU @ 2.40GHz,8,HDD,2.2
HP,i5,3260,Intel(R) Core(TM) i5-6300U CPU @ 2.40GHz,8,HDD,2.9
HP,i7,10423,Intel(R) Core(TM) i7-8850H CPU @ 2.60GHz,64,SSD,4.8
HP,i5,3260,Intel(R) Core(TM) i5-6300U CPU @ 2.40GHz,8,HDD,3.6
HP,i5,3260,Intel(R) Core(TM) i5-6300U CPU @ 2.40GHz,8,HDD,3.6
HP,i5,7533,Intel(R) Core(TM) i5-8300H CPU @ 2.30GHz,32,SSD,4.6
HP,i5,3260,Intel(R) Core(TM) i5-6300U CPU @ 2.40GHz,8,HDD,1.7
HP,i5,3260,Intel(R) Core(TM) i5-6300U CPU @ 2.40GHz,8,HDD,2.7
HP,i5,3260,Intel(R) Core(TM) i5-6300U CPU @ 2.40GHz,8,HDD,2.5
HP,i5,3260,Intel(R) Core(TM) i5-6300U CPU @ 2.40GHz,8,HDD,3
HP,i5,3260,Intel(R) Core(TM) i5-6300U CPU @ 2.40GHz,8,HDD,1.6
HP,i5,3260,Intel(R) Core(TM) i5-6300U CPU @ 2.40GHz,7,HDD,3.3
HP,i5,3260,Intel(R) Core(TM) i5-6300U CPU @ 2.40GHz,8,HDD,2.6
HP,i5,3260,Intel(R) Core(TM) i5-6300U CPU @ 2.40GHz,8,HDD,2.4
HP,AMD PRO A8,3347,"AMD PRO A8-9600 R7, 10 COMPUTE CORES 4C+6G",7,HDD,2.9
HP,AMD PRO A8,3347,"AMD PRO A8-9600 R7, 10 COMPUTE CORES 4C+6G",7,HDD,1.6
HP,AMD PRO A12,3848,"AMD PRO A12-8870 R7, 12 COMPUTE CORES 4C+8G",7,HDD,4.5
Dell,i7,7149,Intel(R) Core(TM) i7-7820HQ CPU @ 2.90GHz,16,HDD,3.5
Dell,i7,7149,Intel(R) Core(TM) i7-7820HQ CPU @ 2.90GHz,16,HDD,4.5
Panasonic,i5,3732,Intel(R) Core(TM) i5-7300U CPU @ 2.60GHz,16,SSD,0.6
Dell,i7,7149,Intel(R) Core(TM) i7-7820HQ CPU @ 2.90GHz,16,HDD,4.4
Dell,i7,7149,Intel(R) Core(TM) i7-7820HQ CPU @ 2.90GHz,16,HDD,4.1
Dell,i7,7149,Intel(R) Core(TM) i7-7820HQ CPU @ 2.90GHz,16,HDD,4.5
Dell,i7,7149,Intel(R) Core(TM) i7-7820HQ CPU @ 2.90GHz,16,HDD,4.1
Dell,i7,7149,Intel(R) Core(TM) i7-7820HQ CPU @ 2.90GHz,16,HDD,3.5
Dell,i7,3633,Intel(R) Core(TM) i7-7600U CPU @ 2.80GHz,16,SSD,4.1
Dell,i7,3633,Intel(R) Core(TM) i7-7600U CPU @ 2.80GHz,16,SSD,3.6
Dell,i7,3633,Intel(R) Core(TM) i7-7600U CPU @ 2.80GHz,16,SSD,2.4
LENOVO,Xeon E,13169,Intel(R) Xeon(R) Silver 4114 CPU @ 2.20GHz,64,HDD,4
HP,AMD PRO A8,3204,"AMD PRO A8-8650B R7, 10 Compute Cores 4C+6G",7,HDD,2.7
HP,AMD PRO A8,3204,"AMD PRO A8-8650B R7, 10 Compute Cores 4C+6G",7,HDD,3.7
HP,AMD PRO A8,3204,"AMD PRO A8-8650B R7, 10 Compute Cores 4C+6G",7,HDD,2.1
HP,AMD PRO A10,3184,"AMD A10 PRO-7800B R7, 12 Compute Cores 4C+8G",7,HDD,0.8
HP,AMD PRO A12,3848,"AMD PRO A12-8870 R7, 12 COMPUTE CORES 4C+8G",15,SSD,2.4
HP,AMD PRO A12,3848,"AMD PRO A12-8870 R7, 12 COMPUTE CORES 4C+8G",15,SSD,3.8
HP,AMD PRO A12,3848,"AMD PRO A12-8870 R7, 12 COMPUTE CORES 4C+8G",15,SSD,2.9
HP,AMD PRO A12,3848,"AMD PRO A12-8870 R7, 12 COMPUTE CORES 4C+8G",15,SSD,2.4
HP,AMD PRO A12,3848,"AMD PRO A12-8870 R7, 12 COMPUTE CORES 4C+8G",15,SSD,1.9
HP,AMD PRO A12,3848,"AMD PRO A12-8870 R7, 12 COMPUTE CORES 4C+8G",15,SSD,3.7
HP,AMD PRO A12,3848,"AMD PRO A12-8870 R7, 12 COMPUTE CORES 4C+8G",15,SSD,3.6
HP,AMD PRO A12,3848,"AMD PRO A12-8870 R7, 12 COMPUTE CORES 4C+8G",15,SSD,3.8
HP,AMD PRO A8,3204,"AMD PRO A8-8650B R7, 10 Compute Cores 4C+6G",7,HDD,3.3
HP,AMD PRO A8,3204,"AMD PRO A8-8650B R7, 10 Compute Cores 4C+6G",7,HDD,1.5
HP,AMD PRO A12,3848,"AMD PRO A12-8870 R7, 12 COMPUTE CORES 4C+8G",15,SSD,4.2
HP,AMD PRO A12,3848,"AMD PRO A12-8870 R7, 12 COMPUTE CORES 4C+8G",15,SSD,3.1
HP,AMD PRO A12,3848,"AMD PRO A12-8870 R7, 12 COMPUTE CORES 4C+8G",15,SSD,2.1
HP,AMD PRO A12,3848,"AMD PRO A12-8870 R7, 12 COMPUTE CORES 4C+8G",7,SSD,3.2
HP,AMD PRO A12,3848,"AMD PRO A12-8870 R7, 12 COMPUTE CORES 4C+8G",15,SSD,3
HP,AMD PRO A12,3848,"AMD PRO A12-8870 R7, 12 COMPUTE CORES 4C+8G",15,SSD,3.4
HP,AMD PRO A12,3848,"AMD PRO A12-8870 R7, 12 COMPUTE CORES 4C+8G",15,SSD,2.7
HP,AMD PRO A12,3848,"AMD PRO A12-8870 R7, 12 COMPUTE CORES 4C+8G",15,SSD,4.1
HP,AMD PRO A12,3848,"AMD PRO A12-8870 R7, 12 COMPUTE CORES 4C+8G",15,SSD,0.7
HP,AMD PRO A12,3848,"AMD PRO A12-8870 R7, 12 COMPUTE CORES 4C+8G",15,SSD,3.3
HP,AMD PRO A12,3848,"AMD PRO A12-8870 R7, 12 COMPUTE CORES 4C+8G",15,SSD,2.9
Ace Computers,i3,6629,Intel(R) Core(TM) i3-9100 CPU @ 3.60GHz,16,HDD,3.3
Ace Computers,i3,6629,Intel(R) Core(TM) i3-9100 CPU @ 3.60GHz,16,HDD,3.3
Ace Computers,i3,6629,Intel(R) Core(TM) i3-9100 CPU @ 3.60GHz,16,HDD,3.6
Ace Computers,i3,6629,Intel(R) Core(TM) i3-9100 CPU @ 3.60GHz,16,HDD,2.3
Ace Computers,i3,6629,Intel(R) Core(TM) i3-9100 CPU @ 3.60GHz,16,HDD,3.7
Ace Computers,i3,6629,Intel(R) Core(TM) i3-9100 CPU @ 3.60GHz,16,HDD,4
Ace Computers,i3,6629,Intel(R) Core(TM) i3-9100 CPU @ 3.60GHz,16,HDD,3.5
Ace Computers,i3,6629,Intel(R) Core(TM) i3-9100 CPU @ 3.60GHz,16,HDD,1.2
Ace Computers,i3,6629,Intel(R) Core(TM) i3-9100 CPU @ 3.60GHz,16,HDD,2.9
Ace Computers,i3,6629,Intel(R) Core(TM) i3-9100 CPU @ 3.60GHz,16,HDD,4.5
Ace Computers,i3,6629,Intel(R) Core(TM) i3-9100 CPU @ 3.60GHz,16,HDD,4.4
Ace Computers,i3,6629,Intel(R) Core(TM) i3-9100 CPU @ 3.60GHz,16,HDD,1.6
Ace Computers,i3,6629,Intel(R) Core(TM) i3-9100 CPU @ 3.60GHz,16,HDD,4.3
HP,AMD PRO A8,3204,"AMD PRO A8-8650B R7, 10 Compute Cores 4C+6G",7,HDD,2.6
HP,AMD PRO A12,3848,"AMD PRO A12-8870 R7, 12 COMPUTE CORES 4C+8G",15,SSD,1.9
HP,i5,3413,Intel(R) Core(TM) i5-7200U CPU @ 2.50GHz,8,HDD,0.6
HP,i5,3260,Intel(R) Core(TM) i5-6300U CPU @ 2.40GHz,8,HDD,1.4
HP,i5,1817,Intel(R) Core(TM) i5-4302Y CPU @ 1.60GHz,8,SSD,2.2
Dell,i7,7149,Intel(R) Core(TM) i7-7820HQ CPU @ 2.90GHz,16,HDD,3.7
Dell,i7,7149,Intel(R) Core(TM) i7-7820HQ CPU @ 2.90GHz,16,HDD,4.6
Dell,i7,3633,Intel(R) Core(TM) i7-7600U CPU @ 2.80GHz,16,SSD,1.3
Dell,i7,3633,Intel(R) Core(TM) i7-7600U CPU @ 2.80GHz,16,SSD,4.9
HP,AMD PRO A8,3204,"AMD PRO A8-8650B R7, 10 Compute Cores 4C+6G",7,HDD,1.5
Dell,i7,15512,Intel(R) Core(TM) i7-10875H CPU @ 2.30GHz,16,SSD,2.6
HP,i5,3413,Intel(R) Core(TM) i5-7200U CPU @ 2.50GHz,8,HDD,2.4
HP,i5,3260,Intel(R) Core(TM) i5-6300U CPU @ 2.40GHz,16,HDD,2.4
GETAC,i5,3025,Intel(R) Core(TM) i5-6200U CPU @ 2.30GHz,8,SSD,4
Dell,i7,15512,Intel(R) Core(TM) i7-10875H CPU @ 2.30GHz,32,SSD,4
HP,i5,5949,Intel(R) Core(TM) i5-8250U CPU @ 1.60GHz,32,SSD,2.4
HP,i5,3260,Intel(R) Core(TM) i5-6300U CPU @ 2.40GHz,16,HDD,3.3
HP,i7,5855,Intel(R) Core(TM) i7-4800MQ CPU @ 2.70GHz,16,HDD,0.7
Dell,i7,15512,Intel(R) Core(TM) i7-10875H CPU @ 2.30GHz,32,SSD,3.9
HP,i5,3413,Intel(R) Core(TM) i5-7200U CPU @ 2.50GHz,8,HDD,2.9
HP,i5,3260,Intel(R) Core(TM) i5-6300U CPU @ 2.40GHz,16,SSD,1.4
HP,i5,3413,Intel(R) Core(TM) i5-7200U CPU @ 2.50GHz,16,HDD,2.2
HP,i5,3413,Intel(R) Core(TM) i5-7200U CPU @ 2.50GHz,16,SSD,3.6
HP,i5,2895,Intel(R) Core(TM) i5-4210M CPU @ 2.60GHz,8,HDD,2.8
HP,i5,3413,Intel(R) Core(TM) i5-7200U CPU @ 2.50GHz,16,SSD,4.8
HP,i5,3413,Intel(R) Core(TM) i5-7200U CPU @ 2.50GHz,16,HDD,3.6
Dell,i7,15512,Intel(R) Core(TM) i7-10875H CPU @ 2.30GHz,32,SSD,4.2
HP,i5,3260,Intel(R) Core(TM) i5-6300U CPU @ 2.40GHz,8,HDD,1.4
Dell,i7,15512,Intel(R) Core(TM) i7-10875H CPU @ 2.30GHz,32,SSD,4.3
Dell,i7,15512,Intel(R) Core(TM) i7-10875H CPU @ 2.30GHz,32,SSD,2.7
HP,i5,7533,Intel(R) Core(TM) i5-8300H CPU @ 2.30GHz,16,HDD,4.5
HP,i7,6551,Intel(R) Core(TM) i7-6700HQ CPU @ 2.60GHz,32,SSD,2.9
HP,i5,3260,Intel(R) Core(TM) i5-6300U CPU @ 2.40GHz,8,HDD,3.3
HP,i5,3260,Intel(R) Core(TM) i5-6300U CPU @ 2.40GHz,8,HDD,1.6
Dell,i5,6447,Intel(R) Core(TM) i5-10210U CPU @ 1.60GHz,8,SSD,3.6
Dell,i5,6343,Intel(R) Core(TM) i5-8350U CPU @ 1.70GHz,8,SSD,3.9
GETAC,i5,5988,Intel(R) Core(TM) i5-8265U CPU @ 1.60GHz,8,SSD,4.4
GETAC,i5,6371,Intel(R) Core(TM) i5-8365U CPU @ 1.60GHz,8,SSD,4.2
Dell,i5,6670,Intel(R) Core(TM) i5-10310U CPU @ 1.70GHz,16,SSD,4.3
Transource,i3,4326,Intel(R) Core(TM) i3-7100 CPU @ 3.90GHz,8,HDD,2.7
HP,AMD PRO A8,3347,"AMD PRO A8-9600 R7, 10 COMPUTE CORES 4C+6G",15,SSD,2.7
HP,AMD PRO A8,3347,"AMD PRO A8-9600 R7, 10 COMPUTE CORES 4C+6G",7,HDD,0.3
HP,AMD PRO A10,3184,"AMD A10 PRO-7800B R7, 12 Compute Cores 4C+8G",7,HDD,0.7
Ace Computers,i7,13047,Intel(R) Core(TM) i7-8700 CPU @ 3.20GHz,16,HDD,5
HP,AMD PRO A10,3184,"AMD A10 PRO-7800B R7, 12 Compute Cores 4C+8G",23,HDD,3.7
HP,AMD PRO A10,3184,"AMD A10 PRO-7800B R7, 12 Compute Cores 4C+8G",7,HDD,0.6
HP,AMD PRO A8,3347,"AMD PRO A8-9600 R7, 10 COMPUTE CORES 4C+6G",7,HDD,3.3
Transource,i5,6634,Intel(R) Core(TM) i5-7600 CPU @ 3.50GHz,8,HDD,1
Transource,i5,9502,Intel(R) Core(TM) i5-9400 CPU @ 2.90GHz,16,HDD,3.4
HP,AMD PRO A8,3347,"AMD PRO A8-9600 R7, 10 COMPUTE CORES 4C+6G",7,HDD,2.5
HP,Xeon E3,8074,Intel(R) Xeon(R) CPU E3-1245 v5 @ 3.50GHz,32,HDD,4.7
HP,AMD PRO A8,3347,"AMD PRO A8-9600 R7, 10 COMPUTE CORES 4C+6G",7,HDD,1.9
HP,AMD PRO A8,3204,"AMD PRO A8-8650B R7, 10 Compute Cores 4C+6G",7,HDD,1.4
HP,AMD PRO A8,3347,"AMD PRO A8-9600 R7, 10 COMPUTE CORES 4C+6G",7,HDD,1.1
HP,AMD PRO A8,3204,"AMD PRO A8-8650B R7, 10 Compute Cores 4C+6G",7,HDD,1.2
HP,AMD PRO A8,3204,"AMD PRO A8-8650B R7, 10 Compute Cores 4C+6G",7,HDD,2.1
HP,AMD PRO A8,3204,"AMD PRO A8-8650B R7, 10 Compute Cores 4C+6G",7,HDD,1.6
HP,Xeon E3,5262,Intel(R) Xeon(R) CPU E3-1225 v3 @ 3.20GHz,16,HDD,3.6
HP,i5,6109,Intel(R) Core(TM) i5-6600 CPU @ 3.30GHz,32,SSD,2.8
HP,i5,3260,Intel(R) Core(TM) i5-6300U CPU @ 2.40GHz,8,HDD,3.9
HP,i5,3260,Intel(R) Core(TM) i5-6300U CPU @ 2.40GHz,16,HDD,3.1
HP,i5,3260,Intel(R) Core(TM) i5-6300U CPU @ 2.40GHz,8,HDD,3.4
HP,i5,3260,Intel(R) Core(TM) i5-6300U CPU @ 2.40GHz,8,HDD,4
HP,AMD PRO A8,3347,"AMD PRO A8-9600 R7, 10 COMPUTE CORES 4C+6G",7,HDD,1.8
Dell,i5,9022,Intel(R) Core(TM) i5-10400H CPU @ 2.60GHz,32,SSD,3.8
LENOVO,i7,6551,Intel(R) Core(TM) i7-6700HQ CPU @ 2.60GHz,16,SSD,4.1
LENOVO,i7,6551,Intel(R) Core(TM) i7-6700HQ CPU @ 2.60GHz,16,SSD,3.6
Dell,i5,9022,Intel(R) Core(TM) i5-10400H CPU @ 2.60GHz,32,SSD,4.3
HP,i7,6551,Intel(R) Core(TM) i7-6700HQ CPU @ 2.60GHz,16,HDD,3.2
HP,i5,3025,Intel(R) Core(TM) i5-6200U CPU @ 2.30GHz,8,HDD,2.3
HP,i5,2506,Intel(R) Core(TM) i5-4300U CPU @ 1.90GHz,8,HDD,2.3
HP,i5,2506,Intel(R) Core(TM) i5-4300U CPU @ 1.90GHz,8,HDD,3.3
HP,i7,6551,Intel(R) Core(TM) i7-6700HQ CPU @ 2.60GHz,16,HDD,3.3
Dell,i7,15512,Intel(R) Core(TM) i7-10875H CPU @ 2.30GHz,64,SSD,3.7
Dell,i5,9022,Intel(R) Core(TM) i5-10400H CPU @ 2.60GHz,32,SSD,4.7
HP,i7,6551,Intel(R) Core(TM) i7-6700HQ CPU @ 2.60GHz,16,HDD,3.7
HP,i7,6551,Intel(R) Core(TM) i7-6700HQ CPU @ 2.60GHz,16,HDD,3.4
HP,i7,6551,Intel(R) Core(TM) i7-6700HQ CPU @ 2.60GHz,16,HDD,4.4
Dell,i7,15512,Intel(R) Core(TM) i7-10875H CPU @ 2.30GHz,64,SSD,4
Dell,i5,9022,Intel(R) Core(TM) i5-10400H CPU @ 2.60GHz,32,SSD,3.5
Dell,i5,9022,Intel(R) Core(TM) i5-10400H CPU @ 2.60GHz,32,SSD,3.8
HP,i5,3260,Intel(R) Core(TM) i5-6300U CPU @ 2.40GHz,8,HDD,2.2
HP,i5,2506,Intel(R) Core(TM) i5-4300U CPU @ 1.90GHz,8,HDD,3.7
GETAC,i5,5949,Intel(R) Core(TM) i5-8250U CPU @ 1.60GHz,8,SSD,1
Dell,i5,9022,Intel(R) Core(TM) i5-10400H CPU @ 2.60GHz,32,SSD,4.8
Dell,i7,7032,Intel(R) Core(TM) i7-10610U CPU @ 1.80GHz,16,SSD,4.7
GETAC,i5,3413,Intel(R) Core(TM) i5-7200U CPU @ 2.50GHz,8,SSD,4.7
GETAC,i5,3413,Intel(R) Core(TM) i5-7200U CPU @ 2.50GHz,8,SSD,3.7
GETAC,i5,3413,Intel(R) Core(TM) i5-7200U CPU @ 2.50GHz,8,SSD,3.5
GETAC,i5,3413,Intel(R) Core(TM) i5-7200U CPU @ 2.50GHz,8,SSD,3.4
GETAC,i5,3413,Intel(R) Core(TM) i5-7200U CPU @ 2.50GHz,8,SSD,4.2
HP,AMD PRO A8,3347,"AMD PRO A8-9600 R7, 10 COMPUTE CORES 4C+6G",15,HDD,1
HP,i5,6109,Intel(R) Core(TM) i5-6600 CPU @ 3.30GHz,16,HDD,2.3
HP,i5,6109,Intel(R) Core(TM) i5-6600 CPU @ 3.30GHz,16,HDD,3.9
HP,i5,6109,Intel(R) Core(TM) i5-6600 CPU @ 3.30GHz,16,HDD,4.3
HP,i5,6109,Intel(R) Core(TM) i5-6600 CPU @ 3.30GHz,16,HDD,2.3
HP,i5,6109,Intel(R) Core(TM) i5-6600 CPU @ 3.30GHz,16,HDD,4.1
HP,i5,6109,Intel(R) Core(TM) i5-6600 CPU @ 3.30GHz,16,HDD,3.9
HP,i5,6109,Intel(R) Core(TM) i5-6600 CPU @ 3.30GHz,16,HDD,3.8
HP,i5,6109,Intel(R) Core(TM) i5-6600 CPU @ 3.30GHz,16,HDD,3.9
HP,i5,6109,Intel(R) Core(TM) i5-6600 CPU @ 3.30GHz,16,HDD,2.7
HP,i5,6109,Intel(R) Core(TM) i5-6600 CPU @ 3.30GHz,16,HDD,3
HP,i5,6109,Intel(R) Core(TM) i5-6600 CPU @ 3.30GHz,16,HDD,4.4
HP,i5,6109,Intel(R) Core(TM) i5-6600 CPU @ 3.30GHz,16,HDD,3.7
HP,i5,6109,Intel(R) Core(TM) i5-6600 CPU @ 3.30GHz,16,HDD,3.7
HP,i5,6109,Intel(R) Core(TM) i5-6600 CPU @ 3.30GHz,16,HDD,3.6
HP,i5,6109,Intel(R) Core(TM) i5-6600 CPU @ 3.30GHz,16,HDD,1.4
HP,i5,6109,Intel(R) Core(TM) i5-6600 CPU @ 3.30GHz,16,HDD,4.5
HP,i5,6109,Intel(R) Core(TM) i5-6600 CPU @ 3.30GHz,16,HDD,3.5
HP,i5,6109,Intel(R) Core(TM) i5-6600 CPU @ 3.30GHz,32,SSD,4.2
Transource,i7,8624,Intel(R) Core(TM) i7-7700 CPU @ 3.60GHz,16,SSD,3.7
Gigabyte ,Xeon E3,3835,Intel(R) Xeon(R) CPU E3-1220 v5 @ 3.00GHz,16,SSD,4.2
Gigabyte ,Xeon E3,3835,Intel(R) Xeon(R) CPU E3-1220 v5 @ 3.00GHz,16,SSD,4.2
Dell,i7,13047,Intel(R) Core(TM) i7-8700 CPU @ 3.20GHz,16,SSD,3.9
GETAC,i5,5988,Intel(R) Core(TM) i5-8265U CPU @ 1.60GHz,16,SSD,4.7
HP,i3,4172,Intel(R) Core(TM) i3-6100 CPU @ 3.70GHz,8,HDD,3.6
LENOVO,AMD PRO A8,3347,"AMD PRO A8-9600 R7, 10 COMPUTE CORES 4C+6G",7,HDD,2.6
HP,i7,6551,Intel(R) Core(TM) i7-6700HQ CPU @ 2.60GHz,16,HDD,0
GETAC,i5,5949,Intel(R) Core(TM) i5-8250U CPU @ 1.60GHz,8,SSD,0.1
Dell,Xeon E3,5477,Intel(R) Xeon(R) CPU E3-1226 v3 @ 3.30GHz,16,HDD,4.7
Dell,i5,3732,Intel(R) Core(TM) i5-7300U CPU @ 2.60GHz,8,SSD,4.5
Transource,i5,6634,Intel(R) Core(TM) i5-7600 CPU @ 3.50GHz,8,HDD,3.9
HP,i5,6109,Intel(R) Core(TM) i5-6600 CPU @ 3.30GHz,16,HDD,3.3
Dell,i5,9022,Intel(R) Core(TM) i5-10400H CPU @ 2.60GHz,32,SSD,4.5
Dell,i5,9022,Intel(R) Core(TM) i5-10400H CPU @ 2.60GHz,32,SSD,3.6
HP,AMD PRO A10,3181,"AMD PRO A10-8770E R7, 10 COMPUTE CORES 4C+6G",31,HDD,4.4
HP,i5,3413,Intel(R) Core(TM) i5-7200U CPU @ 2.50GHz,8,HDD,2.5
HP,i5,3260,Intel(R) Core(TM) i5-6300U CPU @ 2.40GHz,8,HDD,2.4
Dell,Xeon E3,5477,Intel(R) Xeon(R) CPU E3-1226 v3 @ 3.30GHz,8,HDD,2.2
HP,i5,3413,Intel(R) Core(TM) i5-7200U CPU @ 2.50GHz,8,HDD,4
HP,i5,3260,Intel(R) Core(TM) i5-6300U CPU @ 2.40GHz,16,SSD,2.9
HP,i5,3260,Intel(R) Core(TM) i5-6300U CPU @ 2.40GHz,7,HDD,0.8
HP,AMD PRO A12,3848,"AMD PRO A12-8870 R7, 12 COMPUTE CORES 4C+8G",15,SSD,2
HP,AMD PRO A8,3204,"AMD PRO A8-8650B R7, 10 Compute Cores 4C+6G",7,HDD,2.1
Panasonic,m5,2369,Intel(R) Core(TM) m5-6Y57 CPU @ 1.10GHz,8,SSD,0.2
HP,AMD PRO A12,3848,"AMD PRO A12-8870 R7, 12 COMPUTE CORES 4C+8G",7,SSD,2.3
HP,i5,3260,Intel(R) Core(TM) i5-6300U CPU @ 2.40GHz,8,HDD,3.6
HP,AMD PRO A10,3181,"AMD PRO A10-8770E R7, 10 COMPUTE CORES 4C+6G",15,HDD,3.8
HP,i5,3260,Intel(R) Core(TM) i5-6300U CPU @ 2.40GHz,8,HDD,5
HP,i5,3260,Intel(R) Core(TM) i5-6300U CPU @ 2.40GHz,8,HDD,2.7
HP,i5,5949,Intel(R) Core(TM) i5-8250U CPU @ 1.60GHz,32,SSD,4.8
HP,AMD PRO A8,3347,"AMD PRO A8-9600 R7, 10 COMPUTE CORES 4C+6G",7,SSD,4.1
HP,i5,3413,Intel(R) Core(TM) i5-7200U CPU @ 2.50GHz,8,HDD,4.2
HP,i5,3260,Intel(R) Core(TM) i5-6300U CPU @ 2.40GHz,8,HDD,1.7
HP,AMD PRO A8,3204,"AMD PRO A8-8650B R7, 10 Compute Cores 4C+6G",7,HDD,3.5
HP,i5,3260,Intel(R) Core(TM) i5-6300U CPU @ 2.40GHz,8,HDD,1.2
HP,i5,5493,Intel(R) Core(TM) i5-7440HQ CPU @ 2.80GHz,32,HDD,4.9
Dell,i5,6343,Intel(R) Core(TM) i5-8350U CPU @ 1.70GHz,16,SSD,3.8
HP,i5,3413,Intel(R) Core(TM) i5-7200U CPU @ 2.50GHz,16,SSD,3.1
HP,i5,3260,Intel(R) Core(TM) i5-6300U CPU @ 2.40GHz,8,HDD,3
HP,i5,3260,Intel(R) Core(TM) i5-6300U CPU @ 2.40GHz,8,HDD,1.7
HP,i5,3260,Intel(R) Core(TM) i5-6300U CPU @ 2.40GHz,8,HDD,2.6
HP,AMD PRO A8,3347,"AMD PRO A8-9600 R7, 10 COMPUTE CORES 4C+6G",7,HDD,4.6
HP,AMD PRO A8,3204,"AMD PRO A8-8650B R7, 10 Compute Cores 4C+6G",15,HDD,1.6
HP,AMD PRO A8,3204,"AMD PRO A8-8650B R7, 10 Compute Cores 4C+6G",7,HDD,1.7
Transource,i5,9549,Intel(R) Core(TM) i5-9400F CPU @ 2.90GHz,16,HDD,3.3
Transource,i5,9549,Intel(R) Core(TM) i5-9400F CPU @ 2.90GHz,16,HDD,3.6
Transource,i5,9549,Intel(R) Core(TM) i5-9400F CPU @ 2.90GHz,16,HDD,4.1
Transource,i5,9549,Intel(R) Core(TM) i5-9400F CPU @ 2.90GHz,16,HDD,2.8
HP,AMD PRO A8,3204,"AMD PRO A8-8650B R7, 10 Compute Cores 4C+6G",7,HDD,0.7
HP,AMD PRO A8,3204,"AMD PRO A8-8650B R7, 10 Compute Cores 4C+6G",15,SSD,2.1
HP,AMD PRO A8,3204,"AMD PRO A8-8650B R7, 10 Compute Cores 4C+6G",15,SSD,2.3
HP,AMD PRO A8,3204,"AMD PRO A8-8650B R7, 10 Compute Cores 4C+6G",31,SSD,3.6
HP,AMD PRO A8,3204,"AMD PRO A8-8650B R7, 10 Compute Cores 4C+6G",7,HDD,3.5
Transource,i5,9549,Intel(R) Core(TM) i5-9400F CPU @ 2.90GHz,16,HDD,1.5
Transource,i5,9549,Intel(R) Core(TM) i5-9400F CPU @ 2.90GHz,16,HDD,2.2
Transource,i5,9549,Intel(R) Core(TM) i5-9400F CPU @ 2.90GHz,16,HDD,3.8
HP,AMD PRO A8,3204,"AMD PRO A8-8650B R7, 10 Compute Cores 4C+6G",31,SSD,4.1
HP,AMD PRO A8,3204,"AMD PRO A8-8650B R7, 10 Compute Cores 4C+6G",7,HDD,3
HP,AMD PRO A8,3204,"AMD PRO A8-8650B R7, 10 Compute Cores 4C+6G",7,HDD,3
HP,AMD PRO A8,3204,"AMD PRO A8-8650B R7, 10 Compute Cores 4C+6G",7,HDD,2.5
Ace Computers,AMD Athlon,4140,AMD Athlon 200GE with Radeon Vega Graphics,14,SSD,4.9
HP,AMD PRO A8,3204,"AMD PRO A8-8650B R7, 10 Compute Cores 4C+6G",7,HDD,0.6
HP,AMD PRO A8,3204,"AMD PRO A8-8650B R7, 10 Compute Cores 4C+6G",7,SSD,4
HP,AMD PRO A8,3204,"AMD PRO A8-8650B R7, 10 Compute Cores 4C+6G",15,HDD,2.1
HP,AMD PRO A8,3204,"AMD PRO A8-8650B R7, 10 Compute Cores 4C+6G",7,HDD,3.5
HP,AMD PRO A8,3204,"AMD PRO A8-8650B R7, 10 Compute Cores 4C+6G",7,HDD,1.8
HP,AMD PRO A8,3204,"AMD PRO A8-8650B R7, 10 Compute Cores 4C+6G",7,HDD,4.1
HP,AMD PRO A8,3204,"AMD PRO A8-8650B R7, 10 Compute Cores 4C+6G",7,HDD,2.7
HP,AMD PRO A8,3204,"AMD PRO A8-8650B R7, 10 Compute Cores 4C+6G",7,HDD,2.6
HP,AMD PRO A8,3204,"AMD PRO A8-8650B R7, 10 Compute Cores 4C+6G",7,HDD,3.7
HP,AMD PRO A8,3204,"AMD PRO A8-8650B R7, 10 Compute Cores 4C+6G",15,HDD,2.5
HP,Xeon E3,5262,Intel(R) Xeon(R) CPU E3-1225 v3 @ 3.20GHz,16,HDD,3.6
HP,AMD PRO A8,3204,"AMD PRO A8-8650B R7, 10 Compute Cores 4C+6G",7,HDD,3.8
HP,AMD PRO A8,3204,"AMD PRO A8-8650B R7, 10 Compute Cores 4C+6G",7,HDD,3.1
HP,AMD PRO A8,3204,"AMD PRO A8-8650B R7, 10 Compute Cores 4C+6G",7,HDD,2.6
HP,AMD PRO A8,3204,"AMD PRO A8-8650B R7, 10 Compute Cores 4C+6G",15,SSD,2.8
Dell,i5,9022,Intel(R) Core(TM) i5-10400H CPU @ 2.60GHz,32,SSD,3.9
Dell,i5,9022,Intel(R) Core(TM) i5-10400H CPU @ 2.60GHz,32,SSD,1.8
Dell,i5,9022,Intel(R) Core(TM) i5-10400H CPU @ 2.60GHz,32,SSD,4.8
Dell,i5,9022,Intel(R) Core(TM) i5-10400H CPU @ 2.60GHz,32,SSD,4.7
HP,i5,3413,Intel(R) Core(TM) i5-7200U CPU @ 2.50GHz,16,SSD,3.5
HP,i5,3260,Intel(R) Core(TM) i5-6300U CPU @ 2.40GHz,8,SSD,4.3
HP,i5,3413,Intel(R) Core(TM) i5-7200U CPU @ 2.50GHz,8,SSD,3.7
HP,i5,3413,Intel(R) Core(TM) i5-7200U CPU @ 2.50GHz,8,SSD,4.5
HP,i5,3413,Intel(R) Core(TM) i5-7200U CPU @ 2.50GHz,8,SSD,1.9
HP,i5,3413,Intel(R) Core(TM) i5-7200U CPU @ 2.50GHz,8,SSD,4
LENOVO,i7,6551,Intel(R) Core(TM) i7-6700HQ CPU @ 2.60GHz,16,SSD,3.1
LENOVO,i7,6551,Intel(R) Core(TM) i7-6700HQ CPU @ 2.60GHz,16,SSD,2.3
LENOVO,i7,6551,Intel(R) Core(TM) i7-6700HQ CPU @ 2.60GHz,16,SSD,4
LENOVO,i7,6551,Intel(R) Core(TM) i7-6700HQ CPU @ 2.60GHz,16,SSD,4.3
LENOVO,i7,6551,Intel(R) Core(TM) i7-6700HQ CPU @ 2.60GHz,16,SSD,4.4
LENOVO,i7,6551,Intel(R) Core(TM) i7-6700HQ CPU @ 2.60GHz,16,SSD,3.1
LENOVO,i7,6551,Intel(R) Core(TM) i7-6700HQ CPU @ 2.60GHz,16,SSD,1.7
Dell,i5,9022,Intel(R) Core(TM) i5-10400H CPU @ 2.60GHz,32,SSD,3.7
Dell,i5,9022,Intel(R) Core(TM) i5-10400H CPU @ 2.60GHz,32,SSD,4.6
HP,i7,6551,Intel(R) Core(TM) i7-6700HQ CPU @ 2.60GHz,16,HDD,4.3
HP,i7,6551,Intel(R) Core(TM) i7-6700HQ CPU @ 2.60GHz,16,HDD,4.9
HP,i7,6551,Intel(R) Core(TM) i7-6700HQ CPU @ 2.60GHz,16,HDD,3.6
HP,i7,6551,Intel(R) Core(TM) i7-6700HQ CPU @ 2.60GHz,16,HDD,2.6
HP,i7,6551,Intel(R) Core(TM) i7-6700HQ CPU @ 2.60GHz,16,HDD,3.7
HP,i7,6551,Intel(R) Core(TM) i7-6700HQ CPU @ 2.60GHz,16,HDD,3.2
HP,i7,6551,Intel(R) Core(TM) i7-6700HQ CPU @ 2.60GHz,16,HDD,3.4
HP,i7,6551,Intel(R) Core(TM) i7-6700HQ CPU @ 2.60GHz,16,HDD,1.9
HP,i7,6551,Intel(R) Core(TM) i7-6700HQ CPU @ 2.60GHz,16,HDD,2.9
HP,i7,6551,Intel(R) Core(TM) i7-6700HQ CPU @ 2.60GHz,16,HDD,3.2
HP,i7,6551,Intel(R) Core(TM) i7-6700HQ CPU @ 2.60GHz,16,HDD,3.2
HP,i7,6551,Intel(R) Core(TM) i7-6700HQ CPU @ 2.60GHz,16,HDD,0.2
HP,i7,6551,Intel(R) Core(TM) i7-6700HQ CPU @ 2.60GHz,16,HDD,4.1
HP,i7,6551,Intel(R) Core(TM) i7-6700HQ CPU @ 2.60GHz,16,HDD,3.4
HP,i7,6551,Intel(R) Core(TM) i7-6700HQ CPU @ 2.60GHz,16,HDD,0.3
HP,i7,6551,Intel(R) Core(TM) i7-6700HQ CPU @ 2.60GHz,16,HDD,2.4
HP,i7,6551,Intel(R) Core(TM) i7-6700HQ CPU @ 2.60GHz,16,HDD,4
HP,i7,6551,Intel(R) Core(TM) i7-6700HQ CPU @ 2.60GHz,16,HDD,3.2
HP,i7,6551,Intel(R) Core(TM) i7-6700HQ CPU @ 2.60GHz,16,HDD,3.9
HP,i7,6551,Intel(R) Core(TM) i7-6700HQ CPU @ 2.60GHz,16,HDD,2.4
HP,i7,6551,Intel(R) Core(TM) i7-6700HQ CPU @ 2.60GHz,16,HDD,3.8
HP,i7,6551,Intel(R) Core(TM) i7-6700HQ CPU @ 2.60GHz,16,HDD,4.3
HP,i7,6551,Intel(R) Core(TM) i7-6700HQ CPU @ 2.60GHz,16,HDD,3.2
Dell,i5,9022,Intel(R) Core(TM) i5-10400H CPU @ 2.60GHz,32,SSD,3.8
HP,i5,5949,Intel(R) Core(TM) i5-8250U CPU @ 1.60GHz,16,SSD,3.7
HP,i5,5949,Intel(R) Core(TM) i5-8250U CPU @ 1.60GHz,16,SSD,3.2
HP,i5,5949,Intel(R) Core(TM) i5-8250U CPU @ 1.60GHz,16,SSD,4.4
HP,i5,5949,Intel(R) Core(TM) i5-8250U CPU @ 1.60GHz,16,SSD,3.5
HP,i7,6551,Intel(R) Core(TM) i7-6700HQ CPU @ 2.60GHz,16,HDD,4.9
HP,i7,6551,Intel(R) Core(TM) i7-6700HQ CPU @ 2.60GHz,16,HDD,3.7
HP,i7,6551,Intel(R) Core(TM) i7-6700HQ CPU @ 2.60GHz,16,HDD,4.7
HP,i7,6551,Intel(R) Core(TM) i7-6700HQ CPU @ 2.60GHz,16,HDD,2.9
Dell,i5,9022,Intel(R) Core(TM) i5-10400H CPU @ 2.60GHz,32,SSD,4.2
Dell,i5,9022,Intel(R) Core(TM) i5-10400H CPU @ 2.60GHz,32,SSD,4
HP,AMD PRO A10,3184,"AMD A10 PRO-7800B R7, 12 Compute Cores 4C+8G",7,HDD,2.9
Dell,i7,15512,Intel(R) Core(TM) i7-10875H CPU @ 2.30GHz,32,SSD,4.5
HP,i5,3260,Intel(R) Core(TM) i5-6300U CPU @ 2.40GHz,8,HDD,3.7
HP,i5,3260,Intel(R) Core(TM) i5-6300U CPU @ 2.40GHz,8,HDD,1.6
HP,i5,3260,Intel(R) Core(TM) i5-6300U CPU @ 2.40GHz,8,HDD,2.5
Dell,i7,15512,Intel(R) Core(TM) i7-10875H CPU @ 2.30GHz,32,SSD,4.2
HP,i5,3260,Intel(R) Core(TM) i5-6300U CPU @ 2.40GHz,8,HDD,1.9
Dell,i7,15512,Intel(R) Core(TM) i7-10875H CPU @ 2.30GHz,32,SSD,4.7
HP,i5,3260,Intel(R) Core(TM) i5-6300U CPU @ 2.40GHz,8,HDD,2.8
HP,i5,3260,Intel(R) Core(TM) i5-6300U CPU @ 2.40GHz,8,HDD,3.2
HP,i5,3260,Intel(R) Core(TM) i5-6300U CPU @ 2.40GHz,8,HDD,2.5
HP,i5,3260,Intel(R) Core(TM) i5-6300U CPU @ 2.40GHz,16,HDD,3.4
HP,i5,3260,Intel(R) Core(TM) i5-6300U CPU @ 2.40GHz,8,HDD,1.3
HP,i5,3260,Intel(R) Core(TM) i5-6300U CPU @ 2.40GHz,8,HDD,1.8
HP,i5,3260,Intel(R) Core(TM) i5-6300U CPU @ 2.40GHz,16,HDD,4.3
HP,i5,3260,Intel(R) Core(TM) i5-6300U CPU @ 2.40GHz,8,HDD,3.6
HP,i5,3260,Intel(R) Core(TM) i5-6300U CPU @ 2.40GHz,8,HDD,2.5
HP,i5,3260,Intel(R) Core(TM) i5-6300U CPU @ 2.40GHz,8,HDD,4.4
HP,i5,3260,Intel(R) Core(TM) i5-6300U CPU @ 2.40GHz,8,HDD,3.7
HP,i5,3260,Intel(R) Core(TM) i5-6300U CPU @ 2.40GHz,8,HDD,3.7
HP,i5,3260,Intel(R) Core(TM) i5-6300U CPU @ 2.40GHz,16,HDD,2.2
HP,i5,3260,Intel(R) Core(TM) i5-6300U CPU @ 2.40GHz,8,HDD,2.1
HP,i5,3260,Intel(R) Core(TM) i5-6300U CPU @ 2.40GHz,8,HDD,3.1
HP,i5,3260,Intel(R) Core(TM) i5-6300U CPU @ 2.40GHz,8,HDD,2.1
HP,i5,3260,Intel(R) Core(TM) i5-6300U CPU @ 2.40GHz,16,HDD,3.2
HP,i5,3260,Intel(R) Core(TM) i5-6300U CPU @ 2.40GHz,8,HDD,0.5
HP,i5,3260,Intel(R) Core(TM) i5-6300U CPU @ 2.40GHz,8,HDD,3.5
HP,i5,3260,Intel(R) Core(TM) i5-6300U CPU @ 2.40GHz,8,HDD,1.4
HP,i5,3260,Intel(R) Core(TM) i5-6300U CPU @ 2.40GHz,8,HDD,1.8
HP,i5,3260,Intel(R) Core(TM) i5-6300U CPU @ 2.40GHz,8,HDD,2
HP,i5,3260,Intel(R) Core(TM) i5-6300U CPU @ 2.40GHz,8,SSD,3.2
HP,i5,3260,Intel(R) Core(TM) i5-6300U CPU @ 2.40GHz,8,SSD,3.4
HP,i5,3260,Intel(R) Core(TM) i5-6300U CPU @ 2.40GHz,8,HDD,1.3
HP,i5,3260,Intel(R) Core(TM) i5-6300U CPU @ 2.40GHz,8,HDD,3.3
HP,i5,3260,Intel(R) Core(TM) i5-6300U CPU @ 2.40GHz,8,HDD,2.5
HP,i5,3260,Intel(R) Core(TM) i5-6300U CPU @ 2.40GHz,8,HDD,3.8
HP,i5,3260,Intel(R) Core(TM) i5-6300U CPU @ 2.40GHz,8,HDD,4.1
HP,i5,3260,Intel(R) Core(TM) i5-6300U CPU @ 2.40GHz,8,HDD,0.8
HP,i5,3260,Intel(R) Core(TM) i5-6300U CPU @ 2.40GHz,8,HDD,0
HP,i5,3260,Intel(R) Core(TM) i5-6300U CPU @ 2.40GHz,8,HDD,3.1
HP,i5,3260,Intel(R) Core(TM) i5-6300U CPU @ 2.40GHz,8,HDD,1.7
HP,i5,3260,Intel(R) Core(TM) i5-6300U CPU @ 2.40GHz,16,HDD,2.1
HP,i5,3260,Intel(R) Core(TM) i5-6300U CPU @ 2.40GHz,8,HDD,2.9
HP,i5,3260,Intel(R) Core(TM) i5-6300U CPU @ 2.40GHz,8,SSD,1.8
HP,i5,3260,Intel(R) Core(TM) i5-6300U CPU @ 2.40GHz,8,HDD,1.8
HP,i5,3260,Intel(R) Core(TM) i5-6300U CPU @ 2.40GHz,8,SSD,3.2
HP,i5,3260,Intel(R) Core(TM) i5-6300U CPU @ 2.40GHz,8,SSD,3.9
HP,i5,3260,Intel(R) Core(TM) i5-6300U CPU @ 2.40GHz,16,HDD,4.2
HP,i5,3260,Intel(R) Core(TM) i5-6300U CPU @ 2.40GHz,8,HDD,1.7
HP,i5,3260,Intel(R) Core(TM) i5-6300U CPU @ 2.40GHz,8,HDD,3.9
HP,i5,3260,Intel(R) Core(TM) i5-6300U CPU @ 2.40GHz,8,HDD,3
HP,i5,3260,Intel(R) Core(TM) i5-6300U CPU @ 2.40GHz,8,HDD,2.7
HP,i5,3260,Intel(R) Core(TM) i5-6300U CPU @ 2.40GHz,8,SSD,4
HP,i5,3260,Intel(R) Core(TM) i5-6300U CPU @ 2.40GHz,16,HDD,2.1
HP,i5,3260,Intel(R) Core(TM) i5-6300U CPU @ 2.40GHz,8,HDD,1.2
HP,i5,3260,Intel(R) Core(TM) i5-6300U CPU @ 2.40GHz,8,HDD,2
HP,i5,3260,Intel(R) Core(TM) i5-6300U CPU @ 2.40GHz,8,HDD,2.6
HP,i5,3260,Intel(R) Core(TM) i5-6300U CPU @ 2.40GHz,8,SSD,4
HP,i5,3260,Intel(R) Core(TM) i5-6300U CPU @ 2.40GHz,8,HDD,2.6
HP,i5,3260,Intel(R) Core(TM) i5-6300U CPU @ 2.40GHz,8,HDD,2.9
HP,i5,3260,Intel(R) Core(TM) i5-6300U CPU @ 2.40GHz,8,SSD,3
Dell,i7,15512,Intel(R) Core(TM) i7-10875H CPU @ 2.30GHz,32,SSD,3.8
HP,i5,3260,Intel(R) Core(TM) i5-6300U CPU @ 2.40GHz,8,SSD,3.9
HP,i5,3260,Intel(R) Core(TM) i5-6300U CPU @ 2.40GHz,8,HDD,2.2
Dell,i7,15512,Intel(R) Core(TM) i7-10875H CPU @ 2.30GHz,32,SSD,4.4
HP,i5,3260,Intel(R) Core(TM) i5-6300U CPU @ 2.40GHz,8,HDD,2.2
HP,i5,3260,Intel(R) Core(TM) i5-6300U CPU @ 2.40GHz,16,HDD,2.2
HP,i5,3260,Intel(R) Core(TM) i5-6300U CPU @ 2.40GHz,8,HDD,3.1
Dell,i7,15512,Intel(R) Core(TM) i7-10875H CPU @ 2.30GHz,32,SSD,4.8
Dell,i7,15512,Intel(R) Core(TM) i7-10875H CPU @ 2.30GHz,32,SSD,4.5
HP,AMD PRO A8,3204,"AMD PRO A8-8650B R7, 10 Compute Cores 4C+6G",7,HDD,3.5
HP,AMD PRO A8,3204,"AMD PRO A8-8650B R7, 10 Compute Cores 4C+6G",7,HDD,2.3
HP,AMD PRO A8,3204,"AMD PRO A8-8650B R7, 10 Compute Cores 4C+6G",7,HDD,0.9
HP,AMD PRO A8,3204,"AMD PRO A8-8650B R7, 10 Compute Cores 4C+6G",7,HDD,3.9
HP,AMD PRO A8,3204,"AMD PRO A8-8650B R7, 10 Compute Cores 4C+6G",7,HDD,2.8
HP,AMD PRO A8,3204,"AMD PRO A8-8650B R7, 10 Compute Cores 4C+6G",7,HDD,2.7
HP,AMD PRO A8,3204,"AMD PRO A8-8650B R7, 10 Compute Cores 4C+6G",23,HDD,3.8
HP,AMD PRO A8,3204,"AMD PRO A8-8650B R7, 10 Compute Cores 4C+6G",7,HDD,2.9
HP,AMD PRO A8,3204,"AMD PRO A8-8650B R7, 10 Compute Cores 4C+6G",7,SSD,2.6
HP,AMD PRO A8,3204,"AMD PRO A8-8650B R7, 10 Compute Cores 4C+6G",31,HDD,4.6
HP,AMD PRO A8,3204,"AMD PRO A8-8650B R7, 10 Compute Cores 4C+6G",7,HDD,3.1
HP,AMD PRO A8,3204,"AMD PRO A8-8650B R7, 10 Compute Cores 4C+6G",7,HDD,1.5
Dell,i7,15512,Intel(R) Core(TM) i7-10875H CPU @ 2.30GHz,32,SSD,4.4
HP,i5,3413,Intel(R) Core(TM) i5-7200U CPU @ 2.50GHz,16,SSD,4.5
GETAC,i5,5988,Intel(R) Core(TM) i5-8265U CPU @ 1.60GHz,8,SSD,5
HP,i5,3260,Intel(R) Core(TM) i5-6300U CPU @ 2.40GHz,16,HDD,1.3
HP,i5,5493,Intel(R) Core(TM) i5-7440HQ CPU @ 2.80GHz,16,SSD,1.3
HP,i5,3260,Intel(R) Core(TM) i5-6300U CPU @ 2.40GHz,8,HDD,1
HP,i5,3260,Intel(R) Core(TM) i5-6300U CPU @ 2.40GHz,8,HDD,0.7
HP,i5,3260,Intel(R) Core(TM) i5-6300U CPU @ 2.40GHz,8,HDD,2.3
Panasonic,i5,3732,Intel(R) Core(TM) i5-7300U CPU @ 2.60GHz,8,SSD,0
HP,AMD PRO A8,3204,"AMD PRO A8-8650B R7, 10 Compute Cores 4C+6G",7,HDD,1.7
HP,AMD PRO A10,3181,"AMD PRO A10-8770E R7, 10 COMPUTE CORES 4C+6G",15,HDD,3.2
HP,i5,3025,Intel(R) Core(TM) i5-6200U CPU @ 2.30GHz,8,HDD,4.3
HP,i3,1733,Intel(R) Core(TM) i3-4000M CPU @ 2.40GHz,8,HDD,4.3
HP,i5,3260,Intel(R) Core(TM) i5-6300U CPU @ 2.40GHz,16,HDD,4.5
HP,i5,3260,Intel(R) Core(TM) i5-6300U CPU @ 2.40GHz,8,HDD,1.1
HP,i5,3260,Intel(R) Core(TM) i5-6300U CPU @ 2.40GHz,8,HDD,3.9
HP,i5,3413,Intel(R) Core(TM) i5-7200U CPU @ 2.50GHz,16,HDD,4.8
HP,i5,3413,Intel(R) Core(TM) i5-7200U CPU @ 2.50GHz,15,HDD,4.1
HP,i5,3260,Intel(R) Core(TM) i5-6300U CPU @ 2.40GHz,16,HDD,3.5
HP,i5,3260,Intel(R) Core(TM) i5-6300U CPU @ 2.40GHz,8,HDD,1.6
HP,AMD PRO A8,3204,"AMD PRO A8-8650B R7, 10 Compute Cores 4C+6G",7,HDD,1.5
HP,i7,6551,Intel(R) Core(TM) i7-6700HQ CPU @ 2.60GHz,16,HDD,1.8
HP,i5,3260,Intel(R) Core(TM) i5-6300U CPU @ 2.40GHz,8,HDD,0.9
HP,AMD PRO A10,3181,"AMD PRO A10-8770E R7, 10 COMPUTE CORES 4C+6G",15,HDD,2.8
HP,i5,3413,Intel(R) Core(TM) i5-7200U CPU @ 2.50GHz,8,HDD,4.9
HP,i5,5949,Intel(R) Core(TM) i5-8250U CPU @ 1.60GHz,16,SSD,4.3
HP,i5,3260,Intel(R) Core(TM) i5-6300U CPU @ 2.40GHz,8,HDD,1.9
HP,i5,3260,Intel(R) Core(TM) i5-6300U CPU @ 2.40GHz,16,HDD,3.8
Dell,i7,8353,Intel(R) Core(TM) i7-10850H CPU @ 2.70GHz,32,SSD,4.9
Dell,i7,7149,Intel(R) Core(TM) i7-7820HQ CPU @ 2.90GHz,16,HDD,3.9
HP,i5,3260,Intel(R) Core(TM) i5-6300U CPU @ 2.40GHz,15,HDD,3.1
HP,i5,5949,Intel(R) Core(TM) i5-8250U CPU @ 1.60GHz,31,SSD,3.9
HP,i5,7533,Intel(R) Core(TM) i5-8300H CPU @ 2.30GHz,32,HDD,4.4
HP,i5,3260,Intel(R) Core(TM) i5-6300U CPU @ 2.40GHz,16,HDD,4.3
HP,i5,3260,Intel(R) Core(TM) i5-6300U CPU @ 2.40GHz,8,HDD,3.2
HP,i5,3260,Intel(R) Core(TM) i5-6300U CPU @ 2.40GHz,8,HDD,4.5
HP,i5,3413,Intel(R) Core(TM) i5-7200U CPU @ 2.50GHz,8,HDD,3.8
HP,i5,3413,Intel(R) Core(TM) i5-7200U CPU @ 2.50GHz,32,SSD,5
Dell,i5,6343,Intel(R) Core(TM) i5-8350U CPU @ 1.70GHz,8,SSD,0.8
Dell,i7,15512,Intel(R) Core(TM) i7-10875H CPU @ 2.30GHz,64,SSD,4.7
Dell,i7,7149,Intel(R) Core(TM) i7-7820HQ CPU @ 2.90GHz,8,HDD,1.5
HP,i5,3260,Intel(R) Core(TM) i5-6300U CPU @ 2.40GHz,8,HDD,2.8
HP,i5,3260,Intel(R) Core(TM) i5-6300U CPU @ 2.40GHz,8,HDD,0.8
HP,i5,3260,Intel(R) Core(TM) i5-6300U CPU @ 2.40GHz,8,HDD,2.5
HP,i5,3260,Intel(R) Core(TM) i5-6300U CPU @ 2.40GHz,8,HDD,1.2
HP,i5,3260,Intel(R) Core(TM) i5-6300U CPU @ 2.40GHz,8,HDD,1.9
HP,i5,3413,Intel(R) Core(TM) i5-7200U CPU @ 2.50GHz,8,HDD,3.6
HP,i5,3260,Intel(R) Core(TM) i5-6300U CPU @ 2.40GHz,8,HDD,1.9
HP,i5,3260,Intel(R) Core(TM) i5-6300U CPU @ 2.40GHz,8,HDD,0.6
HP,i5,3260,Intel(R) Core(TM) i5-6300U CPU @ 2.40GHz,8,HDD,1.2
HP,i5,3413,Intel(R) Core(TM) i5-7200U CPU @ 2.50GHz,8,HDD,1.4
HP,AMD PRO A8,2148,"AMD PRO A8-8600B R6, 10 Compute Cores 4C+6G",7,HDD,0.5
HP,AMD PRO A10,3184,"AMD A10 PRO-7800B R7, 12 Compute Cores 4C+8G",7,HDD,3.7
HP,AMD PRO A8,3204,"AMD PRO A8-8650B R7, 10 Compute Cores 4C+6G",7,HDD,4
HP,AMD PRO A8,2148,"AMD PRO A8-8600B R6, 10 Compute Cores 4C+6G",7,HDD,1.1
HP,i7,8624,Intel(R) Core(TM) i7-7700 CPU @ 3.60GHz,32,HDD,2.6
HP,i7,8624,Intel(R) Core(TM) i7-7700 CPU @ 3.60GHz,32,HDD,0.8
HP,AMD PRO A8,2148,"AMD PRO A8-8600B R6, 10 Compute Cores 4C+6G",7,HDD,1.3
Ace Computers,AMD Athlon,4140,AMD Athlon 200GE with Radeon Vega Graphics,14,SSD,2.9
HP,AMD PRO A8,3204,"AMD PRO A8-8650B R7, 10 Compute Cores 4C+6G",7,HDD,0.7
LENOVO,i7,6551,Intel(R) Core(TM) i7-6700HQ CPU @ 2.60GHz,16,SSD,3.1
LENOVO,i7,6551,Intel(R) Core(TM) i7-6700HQ CPU @ 2.60GHz,16,SSD,3.1
LENOVO,i7,6551,Intel(R) Core(TM) i7-6700HQ CPU @ 2.60GHz,16,SSD,4.5
LENOVO,i7,6551,Intel(R) Core(TM) i7-6700HQ CPU @ 2.60GHz,16,SSD,4.8
LENOVO,i7,6551,Intel(R) Core(TM) i7-6700HQ CPU @ 2.60GHz,16,SSD,3.7
LENOVO,i7,6551,Intel(R) Core(TM) i7-6700HQ CPU @ 2.60GHz,16,SSD,4.4
LENOVO,i7,6551,Intel(R) Core(TM) i7-6700HQ CPU @ 2.60GHz,16,SSD,3
LENOVO,i7,6551,Intel(R) Core(TM) i7-6700HQ CPU @ 2.60GHz,16,SSD,3.9
LENOVO,i7,6551,Intel(R) Core(TM) i7-6700HQ CPU @ 2.60GHz,16,SSD,4.3
Dell,i7,7149,Intel(R) Core(TM) i7-7820HQ CPU @ 2.90GHz,8,SSD,4.3
LENOVO,i7,6945,Intel(R) Core(TM) i7-6820HQ CPU @ 2.70GHz,32,SSD,3.5
HP,i5,3260,Intel(R) Core(TM) i5-6300U CPU @ 2.40GHz,8,SSD,4.6
LENOVO,i7,5817,Intel(R) Core(TM) i7-4710MQ CPU @ 2.50GHz,8,HDD,3.2
LENOVO,i7,5817,Intel(R) Core(TM) i7-4710MQ CPU @ 2.50GHz,8,HDD,4.4
HP,i7,6551,Intel(R) Core(TM) i7-6700HQ CPU @ 2.60GHz,16,HDD,5
HP,i7,6551,Intel(R) Core(TM) i7-6700HQ CPU @ 2.60GHz,16,HDD,2.1
HP,i5,3413,Intel(R) Core(TM) i5-7200U CPU @ 2.50GHz,32,SSD,3.5
Dell,i5,9022,Intel(R) Core(TM) i5-10400H CPU @ 2.60GHz,32,SSD,4.5
Dell,i5,9022,Intel(R) Core(TM) i5-10400H CPU @ 2.60GHz,32,SSD,4.8
Dell,i5,3260,Intel(R) Core(TM) i5-6300U CPU @ 2.40GHz,16,SSD,4
Dell,i7,7149,Intel(R) Core(TM) i7-7820HQ CPU @ 2.90GHz,8,SSD,3.7
Dell,i5,9022,Intel(R) Core(TM) i5-10400H CPU @ 2.60GHz,32,SSD,4.1
LENOVO,i7,6551,Intel(R) Core(TM) i7-6700HQ CPU @ 2.60GHz,16,SSD,4.3
HP,Pentium,3755,Intel(R) Pentium(R) Gold G5500 CPU @ 3.80GHz,16,HDD,3.8
HP,Pentium,3755,Intel(R) Pentium(R) Gold G5500 CPU @ 3.80GHz,16,HDD,3.4
HP,Pentium,3755,Intel(R) Pentium(R) Gold G5500 CPU @ 3.80GHz,16,HDD,4.6
HP,Pentium,3755,Intel(R) Pentium(R) Gold G5500 CPU @ 3.80GHz,16,HDD,3.9
HP,Pentium,3755,Intel(R) Pentium(R) Gold G5500 CPU @ 3.80GHz,16,HDD,3.9
HP,i5,6109,Intel(R) Core(TM) i5-6600 CPU @ 3.30GHz,16,HDD,4.6
HP,i5,6109,Intel(R) Core(TM) i5-6600 CPU @ 3.30GHz,16,HDD,2.9
HP,i5,6109,Intel(R) Core(TM) i5-6600 CPU @ 3.30GHz,16,HDD,1.9
HP,i5,6109,Intel(R) Core(TM) i5-6600 CPU @ 3.30GHz,16,HDD,3.7
HP,i5,6109,Intel(R) Core(TM) i5-6600 CPU @ 3.30GHz,16,HDD,4.7
HP,i5,6109,Intel(R) Core(TM) i5-6600 CPU @ 3.30GHz,16,HDD,3.1
HP,i5,6109,Intel(R) Core(TM) i5-6600 CPU @ 3.30GHz,16,HDD,3
HP,i5,6109,Intel(R) Core(TM) i5-6600 CPU @ 3.30GHz,16,HDD,3.9
HP,i5,6109,Intel(R) Core(TM) i5-6600 CPU @ 3.30GHz,16,HDD,4.5
HP,i5,6109,Intel(R) Core(TM) i5-6600 CPU @ 3.30GHz,16,HDD,3.6
HP,i5,6109,Intel(R) Core(TM) i5-6600 CPU @ 3.30GHz,16,HDD,3.7
HP,AMD PRO A12,3848,"AMD PRO A12-8870 R7, 12 COMPUTE CORES 4C+8G",7,SSD,4
HP,AMD PRO A12,3848,"AMD PRO A12-8870 R7, 12 COMPUTE CORES 4C+8G",7,SSD,1.8
HP,AMD PRO A12,3848,"AMD PRO A12-8870 R7, 12 COMPUTE CORES 4C+8G",7,SSD,1.5
HP,AMD PRO A12,3848,"AMD PRO A12-8870 R7, 12 COMPUTE CORES 4C+8G",7,SSD,2.1
Transource,i7,8624,Intel(R) Core(TM) i7-7700 CPU @ 3.60GHz,16,SSD,4
Transource,i7,8624,Intel(R) Core(TM) i7-7700 CPU @ 3.60GHz,16,SSD,4.5
Transource,i7,8624,Intel(R) Core(TM) i7-7700 CPU @ 3.60GHz,16,SSD,3.3
Transource,i7,8624,Intel(R) Core(TM) i7-7700 CPU @ 3.60GHz,16,SSD,3.8
Transource,i7,8624,Intel(R) Core(TM) i7-7700 CPU @ 3.60GHz,16,SSD,3.7
Transource,i7,8624,Intel(R) Core(TM) i7-7700 CPU @ 3.60GHz,16,SSD,3.7
Transource,i7,8624,Intel(R) Core(TM) i7-7700 CPU @ 3.60GHz,16,SSD,2.9
Dell,i5,5663,Intel(R) Core(TM) i5-6500 CPU @ 3.20GHz,16,HDD,4.6
Dell,i5,5663,Intel(R) Core(TM) i5-6500 CPU @ 3.20GHz,16,HDD,2.4
Dell,i5,5663,Intel(R) Core(TM) i5-6500 CPU @ 3.20GHz,16,HDD,3.8
Dell,i5,5663,Intel(R) Core(TM) i5-6500 CPU @ 3.20GHz,16,HDD,4
Dell,i5,5663,Intel(R) Core(TM) i5-6500 CPU @ 3.20GHz,16,HDD,4
Dell,i5,5663,Intel(R) Core(TM) i5-6500 CPU @ 3.20GHz,16,HDD,4.6
Dell,i5,5663,Intel(R) Core(TM) i5-6500 CPU @ 3.20GHz,16,HDD,3.9
HP,AMD PRO A8,3204,"AMD PRO A8-8650B R7, 10 Compute Cores 4C+6G",7,SSD,3.6
HP,AMD PRO A8,3204,"AMD PRO A8-8650B R7, 10 Compute Cores 4C+6G",15,SSD,3.1
HP,i5,5949,Intel(R) Core(TM) i5-8250U CPU @ 1.60GHz,16,SSD,4.1
LENOVO,i7,6551,Intel(R) Core(TM) i7-6700HQ CPU @ 2.60GHz,16,SSD,4.5
LENOVO,i7,6551,Intel(R) Core(TM) i7-6700HQ CPU @ 2.60GHz,16,SSD,3.7
GETAC,i5,5949,Intel(R) Core(TM) i5-8250U CPU @ 1.60GHz,16,SSD,0.1
GETAC,i5,5949,Intel(R) Core(TM) i5-8250U CPU @ 1.60GHz,16,SSD,4.4
GETAC,i5,5949,Intel(R) Core(TM) i5-8250U CPU @ 1.60GHz,16,SSD,2.1
GETAC,i5,5949,Intel(R) Core(TM) i5-8250U CPU @ 1.60GHz,16,SSD,1.9
GETAC,i5,5949,Intel(R) Core(TM) i5-8250U CPU @ 1.60GHz,16,SSD,0.1
GETAC,i5,5949,Intel(R) Core(TM) i5-8250U CPU @ 1.60GHz,16,SSD,1.9
GETAC,i5,5949,Intel(R) Core(TM) i5-8250U CPU @ 1.60GHz,16,SSD,4.7
GETAC,i5,5949,Intel(R) Core(TM) i5-8250U CPU @ 1.60GHz,16,SSD,4.8
GETAC,i5,5949,Intel(R) Core(TM) i5-8250U CPU @ 1.60GHz,16,SSD,4.8
GETAC,i5,5949,Intel(R) Core(TM) i5-8250U CPU @ 1.60GHz,16,SSD,4.4
GETAC,i5,5949,Intel(R) Core(TM) i5-8250U CPU @ 1.60GHz,16,SSD,4.1
GETAC,i5,5949,Intel(R) Core(TM) i5-8250U CPU @ 1.60GHz,16,SSD,3
GETAC,i5,5949,Intel(R) Core(TM) i5-8250U CPU @ 1.60GHz,16,SSD,5
GETAC,i5,5949,Intel(R) Core(TM) i5-8250U CPU @ 1.60GHz,16,SSD,4.5
GETAC,i5,5949,Intel(R) Core(TM) i5-8250U CPU @ 1.60GHz,16,SSD,3.7
GETAC,i5,5949,Intel(R) Core(TM) i5-8250U CPU @ 1.60GHz,16,SSD,3.9
GETAC,i5,5949,Intel(R) Core(TM) i5-8250U CPU @ 1.60GHz,16,SSD,4.5
GETAC,i5,5949,Intel(R) Core(TM) i5-8250U CPU @ 1.60GHz,16,SSD,4.8
GETAC,i5,5949,Intel(R) Core(TM) i5-8250U CPU @ 1.60GHz,16,SSD,4.9
GETAC,i5,5949,Intel(R) Core(TM) i5-8250U CPU @ 1.60GHz,16,SSD,4.7
GETAC,i5,5949,Intel(R) Core(TM) i5-8250U CPU @ 1.60GHz,16,SSD,4.7
GETAC,i5,5949,Intel(R) Core(TM) i5-8250U CPU @ 1.60GHz,16,SSD,3.2
GETAC,i5,5949,Intel(R) Core(TM) i5-8250U CPU @ 1.60GHz,16,SSD,2.5
GETAC,i5,5949,Intel(R) Core(TM) i5-8250U CPU @ 1.60GHz,16,SSD,2.4
GETAC,i5,3025,Intel(R) Core(TM) i5-6200U CPU @ 2.30GHz,8,SSD,3.6
LENOVO,i7,6551,Intel(R) Core(TM) i7-6700HQ CPU @ 2.60GHz,16,SSD,4
LENOVO,i7,6551,Intel(R) Core(TM) i7-6700HQ CPU @ 2.60GHz,16,SSD,4.8
LENOVO,i7,6551,Intel(R) Core(TM) i7-6700HQ CPU @ 2.60GHz,16,SSD,4.3
LENOVO,i7,6551,Intel(R) Core(TM) i7-6700HQ CPU @ 2.60GHz,16,SSD,3.1
LENOVO,i7,6551,Intel(R) Core(TM) i7-6700HQ CPU @ 2.60GHz,16,SSD,4.7
LENOVO,i7,6551,Intel(R) Core(TM) i7-6700HQ CPU @ 2.60GHz,16,SSD,4.4
LENOVO,i7,6551,Intel(R) Core(TM) i7-6700HQ CPU @ 2.60GHz,16,SSD,4.5
LENOVO,i7,6551,Intel(R) Core(TM) i7-6700HQ CPU @ 2.60GHz,32,SSD,3.7
LENOVO,i7,6551,Intel(R) Core(TM) i7-6700HQ CPU @ 2.60GHz,16,SSD,3.7
LENOVO,i7,6551,Intel(R) Core(TM) i7-6700HQ CPU @ 2.60GHz,16,SSD,4.1
LENOVO,i7,6551,Intel(R) Core(TM) i7-6700HQ CPU @ 2.60GHz,16,SSD,2.6
LENOVO,i7,6551,Intel(R) Core(TM) i7-6700HQ CPU @ 2.60GHz,16,SSD,3.6
LENOVO,i7,6551,Intel(R) Core(TM) i7-6700HQ CPU @ 2.60GHz,16,SSD,2.7
LENOVO,i7,6551,Intel(R) Core(TM) i7-6700HQ CPU @ 2.60GHz,16,SSD,4.6
LENOVO,i7,6551,Intel(R) Core(TM) i7-6700HQ CPU @ 2.60GHz,16,SSD,4.6
LENOVO,i7,6551,Intel(R) Core(TM) i7-6700HQ CPU @ 2.60GHz,16,SSD,4.6
LENOVO,i7,6551,Intel(R) Core(TM) i7-6700HQ CPU @ 2.60GHz,16,SSD,4.1
LENOVO,i7,6551,Intel(R) Core(TM) i7-6700HQ CPU @ 2.60GHz,16,SSD,3.4
LENOVO,i7,6551,Intel(R) Core(TM) i7-6700HQ CPU @ 2.60GHz,16,SSD,3.6
LENOVO,i7,6551,Intel(R) Core(TM) i7-6700HQ CPU @ 2.60GHz,16,SSD,4.2
LENOVO,i7,6551,Intel(R) Core(TM) i7-6700HQ CPU @ 2.60GHz,16,SSD,5
LENOVO,i7,6551,Intel(R) Core(TM) i7-6700HQ CPU @ 2.60GHz,16,SSD,4.4
LENOVO,i7,6551,Intel(R) Core(TM) i7-6700HQ CPU @ 2.60GHz,16,SSD,3.4
HP,i7,6551,Intel(R) Core(TM) i7-6700HQ CPU @ 2.60GHz,16,HDD,3.9
HP,i7,6551,Intel(R) Core(TM) i7-6700HQ CPU @ 2.60GHz,16,HDD,3.3
HP,i7,6551,Intel(R) Core(TM) i7-6700HQ CPU @ 2.60GHz,16,HDD,2.5
HP,i7,6551,Intel(R) Core(TM) i7-6700HQ CPU @ 2.60GHz,16,HDD,2.3
HP,i7,6551,Intel(R) Core(TM) i7-6700HQ CPU @ 2.60GHz,16,HDD,4
Dell,i5,9022,Intel(R) Core(TM) i5-10400H CPU @ 2.60GHz,32,SSD,4
Dell,i5,9022,Intel(R) Core(TM) i5-10400H CPU @ 2.60GHz,32,SSD,4.1
Durabook,i3,3681,Intel(R) Core(TM) i3-8130U CPU @ 2.20GHz,16,SSD,3.4
Durabook,i3,3681,Intel(R) Core(TM) i3-8130U CPU @ 2.20GHz,16,SSD,2
HP,i5,2895,Intel(R) Core(TM) i5-4210M CPU @ 2.60GHz,8,HDD,2.1
GETAC,i5,5949,Intel(R) Core(TM) i5-8250U CPU @ 1.60GHz,8,SSD,4.5
GETAC,i5,5949,Intel(R) Core(TM) i5-8250U CPU @ 1.60GHz,8,SSD,0
GETAC,i5,5949,Intel(R) Core(TM) i5-8250U CPU @ 1.60GHz,16,SSD,4.7
GETAC,i5,5949,Intel(R) Core(TM) i5-8250U CPU @ 1.60GHz,16,SSD,3.5
GETAC,i5,5949,Intel(R) Core(TM) i5-8250U CPU @ 1.60GHz,16,SSD,3.7
GETAC,i5,5949,Intel(R) Core(TM) i5-8250U CPU @ 1.60GHz,8,SSD,4.7
GETAC,i5,5949,Intel(R) Core(TM) i5-8250U CPU @ 1.60GHz,8,SSD,4.6
GETAC,i5,5949,Intel(R) Core(TM) i5-8250U CPU @ 1.60GHz,8,SSD,4.5
GETAC,i5,5949,Intel(R) Core(TM) i5-8250U CPU @ 1.60GHz,8,SSD,4.7
GETAC,i5,5949,Intel(R) Core(TM) i5-8250U CPU @ 1.60GHz,8,SSD,4.3
Dell,i5,9022,Intel(R) Core(TM) i5-10400H CPU @ 2.60GHz,32,SSD,4.7
HP,AMD PRO A10,3184,"AMD A10 PRO-7800B R7, 12 Compute Cores 4C+8G",7,HDD,2.2
HP,i5,3413,Intel(R) Core(TM) i5-7200U CPU @ 2.50GHz,16,HDD,4.1
HP,i5,3413,Intel(R) Core(TM) i5-7200U CPU @ 2.50GHz,16,HDD,4.2
HP,i5,3413,Intel(R) Core(TM) i5-7200U CPU @ 2.50GHz,16,HDD,4.2
HP,i5,3413,Intel(R) Core(TM) i5-7200U CPU @ 2.50GHz,16,HDD,4.5
HP,i5,3260,Intel(R) Core(TM) i5-6300U CPU @ 2.40GHz,7,HDD,3
Dell,i5,9022,Intel(R) Core(TM) i5-10400H CPU @ 2.60GHz,32,SSD,1.3
Dell,i5,9022,Intel(R) Core(TM) i5-10400H CPU @ 2.60GHz,32,SSD,4.2
Dell,i5,9022,Intel(R) Core(TM) i5-10400H CPU @ 2.60GHz,32,SSD,4.3
Dell,i5,9022,Intel(R) Core(TM) i5-10400H CPU @ 2.60GHz,32,SSD,4.2
Dell,i5,9022,Intel(R) Core(TM) i5-10400H CPU @ 2.60GHz,32,SSD,3.1
GETAC,i5,3025,Intel(R) Core(TM) i5-6200U CPU @ 2.30GHz,8,SSD,2.9
Durabook,i5,3413,Intel(R) Core(TM) i5-7200U CPU @ 2.50GHz,16,SSD,3.3
GETAC,i5,5949,Intel(R) Core(TM) i5-8250U CPU @ 1.60GHz,8,SSD,0.9
Dell,i5,9022,Intel(R) Core(TM) i5-10400H CPU @ 2.60GHz,32,SSD,4.4
Dell,i5,9022,Intel(R) Core(TM) i5-10400H CPU @ 2.60GHz,32,SSD,5
LENOVO,i7,6551,Intel(R) Core(TM) i7-6700HQ CPU @ 2.60GHz,16,SSD,4.7
LENOVO,i7,6551,Intel(R) Core(TM) i7-6700HQ CPU @ 2.60GHz,16,SSD,4.4
LENOVO,i7,6551,Intel(R) Core(TM) i7-6700HQ CPU @ 2.60GHz,16,SSD,4.3
LENOVO,i7,6551,Intel(R) Core(TM) i7-6700HQ CPU @ 2.60GHz,16,SSD,4.5
LENOVO,i7,6551,Intel(R) Core(TM) i7-6700HQ CPU @ 2.60GHz,16,SSD,4.1
LENOVO,i7,6551,Intel(R) Core(TM) i7-6700HQ CPU @ 2.60GHz,16,SSD,4.4
LENOVO,i7,6551,Intel(R) Core(TM) i7-6700HQ CPU @ 2.60GHz,16,SSD,2.8
LENOVO,i7,6551,Intel(R) Core(TM) i7-6700HQ CPU @ 2.60GHz,16,SSD,3.2
LENOVO,i7,6551,Intel(R) Core(TM) i7-6700HQ CPU @ 2.60GHz,16,SSD,4.1
LENOVO,i7,6551,Intel(R) Core(TM) i7-6700HQ CPU @ 2.60GHz,16,SSD,4.5
Dell,i5,9022,Intel(R) Core(TM) i5-10400H CPU @ 2.60GHz,32,SSD,4.1
Dell,i5,9022,Intel(R) Core(TM) i5-10400H CPU @ 2.60GHz,32,SSD,4.1
Dell,i5,9022,Intel(R) Core(TM) i5-10400H CPU @ 2.60GHz,32,SSD,4.8
Dell,i5,9022,Intel(R) Core(TM) i5-10400H CPU @ 2.60GHz,32,SSD,4.9
HP,i7,6551,Intel(R) Core(TM) i7-6700HQ CPU @ 2.60GHz,16,HDD,3.5
Dell,i5,9022,Intel(R) Core(TM) i5-10400H CPU @ 2.60GHz,32,SSD,4.4
Dell,i5,9022,Intel(R) Core(TM) i5-10400H CPU @ 2.60GHz,32,SSD,4.5
Dell,i5,9022,Intel(R) Core(TM) i5-10400H CPU @ 2.60GHz,32,SSD,4.4
Dell,i5,9022,Intel(R) Core(TM) i5-10400H CPU @ 2.60GHz,32,SSD,4.8
Dell,i5,9022,Intel(R) Core(TM) i5-10400H CPU @ 2.60GHz,32,SSD,3.7
Dell,i5,9022,Intel(R) Core(TM) i5-10400H CPU @ 2.60GHz,32,SSD,4
Dell,i5,6670,Intel(R) Core(TM) i5-10310U CPU @ 1.70GHz,16,SSD,3.9
HP,i5,1817,Intel(R) Core(TM) i5-4302Y CPU @ 1.60GHz,8,SSD,3.3
LENOVO,Pentium,3513,Intel(R) Pentium(R) CPU G4560 @ 3.50GHz,8,HDD,2.2
LENOVO,Pentium,3513,Intel(R) Pentium(R) CPU G4560 @ 3.50GHz,8,HDD,1.8
LENOVO,Pentium,3513,Intel(R) Pentium(R) CPU G4560 @ 3.50GHz,8,HDD,3.6
LENOVO,Pentium,3513,Intel(R) Pentium(R) CPU G4560 @ 3.50GHz,8,HDD,1.7
HP,Xeon E3,7073,Intel(R) Xeon(R) CPU E3-1245 v3 @ 3.40GHz,32,HDD,4.2
HP,AMD PRO A10,3184,"AMD A10 PRO-7800B R7, 12 Compute Cores 4C+8G",7,HDD,3.9
HP,i5,6109,Intel(R) Core(TM) i5-6600 CPU @ 3.30GHz,16,HDD,2.5
HP,i5,6109,Intel(R) Core(TM) i5-6600 CPU @ 3.30GHz,16,HDD,0
HP,i5,6109,Intel(R) Core(TM) i5-6600 CPU @ 3.30GHz,16,HDD,2.7
HP,i5,6109,Intel(R) Core(TM) i5-6600 CPU @ 3.30GHz,16,HDD,4.2
HP,i5,6109,Intel(R) Core(TM) i5-6600 CPU @ 3.30GHz,16,HDD,1.9
HP,i5,6109,Intel(R) Core(TM) i5-6600 CPU @ 3.30GHz,16,HDD,3.6
HP,i5,6109,Intel(R) Core(TM) i5-6600 CPU @ 3.30GHz,16,HDD,0.8
HP,i5,6109,Intel(R) Core(TM) i5-6600 CPU @ 3.30GHz,16,HDD,3.7
HP,i5,6109,Intel(R) Core(TM) i5-6600 CPU @ 3.30GHz,16,HDD,3.5
HP,i5,6109,Intel(R) Core(TM) i5-6600 CPU @ 3.30GHz,16,HDD,4.2
HP,i5,6109,Intel(R) Core(TM) i5-6600 CPU @ 3.30GHz,16,HDD,2.6
HP,i5,6109,Intel(R) Core(TM) i5-6600 CPU @ 3.30GHz,16,HDD,2.9
HP,i5,6109,Intel(R) Core(TM) i5-6600 CPU @ 3.30GHz,16,HDD,2.9
HP,i5,6109,Intel(R) Core(TM) i5-6600 CPU @ 3.30GHz,16,HDD,3.4
HP,i5,6109,Intel(R) Core(TM) i5-6600 CPU @ 3.30GHz,16,HDD,2.8
HP,i5,6109,Intel(R) Core(TM) i5-6600 CPU @ 3.30GHz,16,HDD,3
HP,i5,6109,Intel(R) Core(TM) i5-6600 CPU @ 3.30GHz,16,HDD,0
HP,i5,6109,Intel(R) Core(TM) i5-6600 CPU @ 3.30GHz,16,HDD,3.4
HP,i5,6109,Intel(R) Core(TM) i5-6600 CPU @ 3.30GHz,16,HDD,3.9
HP,i5,6109,Intel(R) Core(TM) i5-6600 CPU @ 3.30GHz,16,HDD,3.5
HP,i5,6109,Intel(R) Core(TM) i5-6600 CPU @ 3.30GHz,16,HDD,2.7
HP,i5,6109,Intel(R) Core(TM) i5-6600 CPU @ 3.30GHz,16,HDD,3.5
Ace Computers,Pentium,3513,Intel(R) Pentium(R) CPU G4560 @ 3.50GHz,16,HDD,1.7
Dell,Xeon E3,5477,Intel(R) Xeon(R) CPU E3-1226 v3 @ 3.30GHz,8,HDD,3.8
Dell,Xeon E3,5477,Intel(R) Xeon(R) CPU E3-1226 v3 @ 3.30GHz,32,HDD,2.7
Dell,Xeon E3,5477,Intel(R) Xeon(R) CPU E3-1226 v3 @ 3.30GHz,32,HDD,4.7
Dell,Xeon E3,5477,Intel(R) Xeon(R) CPU E3-1226 v3 @ 3.30GHz,32,HDD,4
Dell,Xeon E3,5477,Intel(R) Xeon(R) CPU E3-1226 v3 @ 3.30GHz,32,HDD,3.4
HP,i5,6109,Intel(R) Core(TM) i5-6600 CPU @ 3.30GHz,8,HDD,4.4
HP,Xeon E3,8074,Intel(R) Xeon(R) CPU E3-1245 v5 @ 3.50GHz,16,HDD,4.7
Dell,Xeon E3,5477,Intel(R) Xeon(R) CPU E3-1226 v3 @ 3.30GHz,8,HDD,2.4
HP,AMD PRO A8,3204,"AMD PRO A8-8650B R7, 10 Compute Cores 4C+6G",7,HDD,2.8
HP,AMD PRO A8,3204,"AMD PRO A8-8650B R7, 10 Compute Cores 4C+6G",7,HDD,1.6
HP,AMD PRO A8,3204,"AMD PRO A8-8650B R7, 10 Compute Cores 4C+6G",15,HDD,2.9
HP,AMD PRO A8,3204,"AMD PRO A8-8650B R7, 10 Compute Cores 4C+6G",7,HDD,2.1
HP,AMD PRO A8,3204,"AMD PRO A8-8650B R7, 10 Compute Cores 4C+6G",7,HDD,2.1
HP,AMD PRO A8,3204,"AMD PRO A8-8650B R7, 10 Compute Cores 4C+6G",7,HDD,2.3
HP,AMD PRO A8,3204,"AMD PRO A8-8650B R7, 10 Compute Cores 4C+6G",7,HDD,0.4
HP,AMD PRO A8,3204,"AMD PRO A8-8650B R7, 10 Compute Cores 4C+6G",7,HDD,2
HP,AMD PRO A8,3204,"AMD PRO A8-8650B R7, 10 Compute Cores 4C+6G",7,HDD,1.1
Dell,i7,15512,Intel(R) Core(TM) i7-10875H CPU @ 2.30GHz,64,SSD,4.6
HP,i5,3260,Intel(R) Core(TM) i5-6300U CPU @ 2.40GHz,8,HDD,2.3
HP,i5,3260,Intel(R) Core(TM) i5-6300U CPU @ 2.40GHz,8,HDD,3.2
HP,i5,3260,Intel(R) Core(TM) i5-6300U CPU @ 2.40GHz,8,HDD,2.3
HP,i5,3260,Intel(R) Core(TM) i5-6300U CPU @ 2.40GHz,8,HDD,1.9
HP,i5,3260,Intel(R) Core(TM) i5-6300U CPU @ 2.40GHz,8,HDD,3.9
HP,i5,3260,Intel(R) Core(TM) i5-6300U CPU @ 2.40GHz,16,HDD,1.1
HP,i5,3260,Intel(R) Core(TM) i5-6300U CPU @ 2.40GHz,8,HDD,2.2
HP,i5,3260,Intel(R) Core(TM) i5-6300U CPU @ 2.40GHz,8,HDD,1.5
HP,i5,3260,Intel(R) Core(TM) i5-6300U CPU @ 2.40GHz,8,HDD,2.7
HP,i5,3260,Intel(R) Core(TM) i5-6300U CPU @ 2.40GHz,8,HDD,3.5
HP,i5,3260,Intel(R) Core(TM) i5-6300U CPU @ 2.40GHz,8,HDD,3.6
HP,i5,3260,Intel(R) Core(TM) i5-6300U CPU @ 2.40GHz,8,HDD,3
HP,i5,3260,Intel(R) Core(TM) i5-6300U CPU @ 2.40GHz,8,HDD,1.4
HP,i5,3260,Intel(R) Core(TM) i5-6300U CPU @ 2.40GHz,8,HDD,0
HP,i5,3260,Intel(R) Core(TM) i5-6300U CPU @ 2.40GHz,8,HDD,3
HP,i5,3260,Intel(R) Core(TM) i5-6300U CPU @ 2.40GHz,8,HDD,2.8
HP,i5,3260,Intel(R) Core(TM) i5-6300U CPU @ 2.40GHz,8,HDD,3.1
HP,i5,3260,Intel(R) Core(TM) i5-6300U CPU @ 2.40GHz,8,HDD,1.1
HP,i5,3260,Intel(R) Core(TM) i5-6300U CPU @ 2.40GHz,8,HDD,3
HP,i5,3260,Intel(R) Core(TM) i5-6300U CPU @ 2.40GHz,8,HDD,1.6
HP,i5,3260,Intel(R) Core(TM) i5-6300U CPU @ 2.40GHz,8,HDD,2.3
HP,i5,3260,Intel(R) Core(TM) i5-6300U CPU @ 2.40GHz,8,HDD,2.5
HP,i5,3260,Intel(R) Core(TM) i5-6300U CPU @ 2.40GHz,8,HDD,3.1
HP,i5,3260,Intel(R) Core(TM) i5-6300U CPU @ 2.40GHz,8,HDD,2.3
HP,i5,3260,Intel(R) Core(TM) i5-6300U CPU @ 2.40GHz,8,HDD,3.3
HP,i5,3260,Intel(R) Core(TM) i5-6300U CPU @ 2.40GHz,8,HDD,1.7
HP,i5,3260,Intel(R) Core(TM) i5-6300U CPU @ 2.40GHz,8,HDD,2.6
HP,i5,3260,Intel(R) Core(TM) i5-6300U CPU @ 2.40GHz,8,HDD,3.3
HP,i5,3413,Intel(R) Core(TM) i5-7200U CPU @ 2.50GHz,8,HDD,3
HP,i5,3260,Intel(R) Core(TM) i5-6300U CPU @ 2.40GHz,8,HDD,1.7
HP,i5,3260,Intel(R) Core(TM) i5-6300U CPU @ 2.40GHz,8,HDD,2.5
HP,i5,3260,Intel(R) Core(TM) i5-6300U CPU @ 2.40GHz,8,HDD,3
HP,i5,3260,Intel(R) Core(TM) i5-6300U CPU @ 2.40GHz,8,HDD,2.7
HP,i5,3260,Intel(R) Core(TM) i5-6300U CPU @ 2.40GHz,8,HDD,2.8
HP,i5,3260,Intel(R) Core(TM) i5-6300U CPU @ 2.40GHz,8,HDD,2.7
HP,i5,3260,Intel(R) Core(TM) i5-6300U CPU @ 2.40GHz,8,HDD,2.6
HP,i5,3260,Intel(R) Core(TM) i5-6300U CPU @ 2.40GHz,8,HDD,3.5
HP,i5,3413,Intel(R) Core(TM) i5-7200U CPU @ 2.50GHz,8,HDD,3.2
HP,i5,3260,Intel(R) Core(TM) i5-6300U CPU @ 2.40GHz,8,HDD,3.3
HP,i5,3260,Intel(R) Core(TM) i5-6300U CPU @ 2.40GHz,8,HDD,2.5
HP,i5,3413,Intel(R) Core(TM) i5-7200U CPU @ 2.50GHz,8,HDD,3
HP,i5,3260,Intel(R) Core(TM) i5-6300U CPU @ 2.40GHz,8,HDD,1.4
HP,i5,3260,Intel(R) Core(TM) i5-6300U CPU @ 2.40GHz,8,HDD,1.7
HP,i5,3260,Intel(R) Core(TM) i5-6300U CPU @ 2.40GHz,8,HDD,3.4
Panasonic,i5,2737,Intel(R) Core(TM) i5-5300U CPU @ 2.30GHz,4,SSD,0.7
HP,Pentium,3729,Intel(R) Pentium(R) Gold G5400 CPU @ 3.70GHz,16,HDD,1.9
HP,Pentium,3729,Intel(R) Pentium(R) Gold G5400 CPU @ 3.70GHz,16,HDD,2.4
HP,AMD PRO A10,3184,"AMD A10 PRO-7800B R7, 12 Compute Cores 4C+8G",7,HDD,3.3
HP,Xeon E3,5262,Intel(R) Xeon(R) CPU E3-1225 v3 @ 3.20GHz,8,HDD,3.1
HP,Xeon E3,5262,Intel(R) Xeon(R) CPU E3-1225 v3 @ 3.20GHz,8,HDD,2.1
HP,AMD PRO A10,3184,"AMD A10 PRO-7800B R7, 12 Compute Cores 4C+8G",7,HDD,1.6
HP,Xeon E3,5262,Intel(R) Xeon(R) CPU E3-1225 v3 @ 3.20GHz,8,HDD,4
HP,Xeon E3,5262,Intel(R) Xeon(R) CPU E3-1225 v3 @ 3.20GHz,8,HDD,3.6
Transource,i3,4326,Intel(R) Core(TM) i3-7100 CPU @ 3.90GHz,16,HDD,4.2
Transource,i3,4326,Intel(R) Core(TM) i3-7100 CPU @ 3.90GHz,8,HDD,2.4
HP,i5,3260,Intel(R) Core(TM) i5-6300U CPU @ 2.40GHz,8,HDD,3.6
HP,i5,3260,Intel(R) Core(TM) i5-6300U CPU @ 2.40GHz,8,HDD,3.7
HP,i5,3413,Intel(R) Core(TM) i5-7200U CPU @ 2.50GHz,16,HDD,2.9
HP,i7,6551,Intel(R) Core(TM) i7-6700HQ CPU @ 2.60GHz,32,HDD,2.3
HP,i7,6551,Intel(R) Core(TM) i7-6700HQ CPU @ 2.60GHz,32,HDD,3.6
HP,i7,6551,Intel(R) Core(TM) i7-6700HQ CPU @ 2.60GHz,32,HDD,2.3
HP,i7,6551,Intel(R) Core(TM) i7-6700HQ CPU @ 2.60GHz,32,HDD,3.9
HP,i7,6551,Intel(R) Core(TM) i7-6700HQ CPU @ 2.60GHz,32,HDD,3.9
HP,i7,6551,Intel(R) Core(TM) i7-6700HQ CPU @ 2.60GHz,32,HDD,4
HP,i7,6551,Intel(R) Core(TM) i7-6700HQ CPU @ 2.60GHz,32,HDD,3.9
HP,i7,6551,Intel(R) Core(TM) i7-6700HQ CPU @ 2.60GHz,32,HDD,3.9
HP,i7,6551,Intel(R) Core(TM) i7-6700HQ CPU @ 2.60GHz,32,HDD,4
HP,i7,6551,Intel(R) Core(TM) i7-6700HQ CPU @ 2.60GHz,32,HDD,3.1
HP,i7,6551,Intel(R) Core(TM) i7-6700HQ CPU @ 2.60GHz,32,HDD,2.2
HP,i7,6551,Intel(R) Core(TM) i7-6700HQ CPU @ 2.60GHz,32,HDD,4.5
HP,i7,6551,Intel(R) Core(TM) i7-6700HQ CPU @ 2.60GHz,32,HDD,3.2
HP,i7,6551,Intel(R) Core(TM) i7-6700HQ CPU @ 2.60GHz,32,HDD,3
HP,i7,6551,Intel(R) Core(TM) i7-6700HQ CPU @ 2.60GHz,32,HDD,3.5
HP,i7,6551,Intel(R) Core(TM) i7-6700HQ CPU @ 2.60GHz,32,HDD,2.9
HP,i7,6551,Intel(R) Core(TM) i7-6700HQ CPU @ 2.60GHz,32,HDD,1.9
HP,i7,6551,Intel(R) Core(TM) i7-6700HQ CPU @ 2.60GHz,32,HDD,3.7
HP,i7,6551,Intel(R) Core(TM) i7-6700HQ CPU @ 2.60GHz,32,HDD,4.3
HP,i7,6551,Intel(R) Core(TM) i7-6700HQ CPU @ 2.60GHz,32,HDD,2.9
HP,i7,6551,Intel(R) Core(TM) i7-6700HQ CPU @ 2.60GHz,32,HDD,2.7
HP,i7,6551,Intel(R) Core(TM) i7-6700HQ CPU @ 2.60GHz,32,HDD,4.1
GETAC,i5,3413,Intel(R) Core(TM) i5-7200U CPU @ 2.50GHz,8,SSD,0.1
GETAC,i5,3413,Intel(R) Core(TM) i5-7200U CPU @ 2.50GHz,8,SSD,0
HP,AMD PRO A10,3181,"AMD PRO A10-8770E R7, 10 COMPUTE CORES 4C+6G",15,HDD,2.7
HP,AMD PRO A10,3181,"AMD PRO A10-8770E R7, 10 COMPUTE CORES 4C+6G",15,HDD,0.3
HP,AMD PRO A10,3181,"AMD PRO A10-8770E R7, 10 COMPUTE CORES 4C+6G",15,HDD,2.9
HP,AMD PRO A10,3181,"AMD PRO A10-8770E R7, 10 COMPUTE CORES 4C+6G",15,HDD,0.8
HP,AMD PRO A10,3181,"AMD PRO A10-8770E R7, 10 COMPUTE CORES 4C+6G",15,HDD,2.6
HP,AMD PRO A10,3181,"AMD PRO A10-8770E R7, 10 COMPUTE CORES 4C+6G",15,HDD,2.9
HP,AMD PRO A10,3181,"AMD PRO A10-8770E R7, 10 COMPUTE CORES 4C+6G",15,HDD,1.8
HP,AMD PRO A10,3181,"AMD PRO A10-8770E R7, 10 COMPUTE CORES 4C+6G",15,HDD,1.5
HP,AMD PRO A10,3181,"AMD PRO A10-8770E R7, 10 COMPUTE CORES 4C+6G",15,HDD,2.8
HP,AMD PRO A10,3181,"AMD PRO A10-8770E R7, 10 COMPUTE CORES 4C+6G",15,HDD,2.8
HP,AMD PRO A10,3181,"AMD PRO A10-8770E R7, 10 COMPUTE CORES 4C+6G",15,HDD,2.1
HP,AMD PRO A10,3181,"AMD PRO A10-8770E R7, 10 COMPUTE CORES 4C+6G",15,HDD,0
HP,AMD PRO A10,3181,"AMD PRO A10-8770E R7, 10 COMPUTE CORES 4C+6G",15,HDD,3.1
HP,AMD PRO A10,3181,"AMD PRO A10-8770E R7, 10 COMPUTE CORES 4C+6G",15,HDD,3.3
HP,AMD PRO A10,3181,"AMD PRO A10-8770E R7, 10 COMPUTE CORES 4C+6G",15,HDD,1.1
HP,AMD PRO A10,3181,"AMD PRO A10-8770E R7, 10 COMPUTE CORES 4C+6G",15,HDD,2.4
HP,AMD PRO A10,3181,"AMD PRO A10-8770E R7, 10 COMPUTE CORES 4C+6G",15,HDD,2.5
HP,AMD PRO A10,3181,"AMD PRO A10-8770E R7, 10 COMPUTE CORES 4C+6G",15,HDD,2.1
HP,AMD PRO A10,3181,"AMD PRO A10-8770E R7, 10 COMPUTE CORES 4C+6G",15,HDD,2.7
HP,AMD PRO A10,3181,"AMD PRO A10-8770E R7, 10 COMPUTE CORES 4C+6G",15,HDD,3.1
HP,AMD PRO A10,3181,"AMD PRO A10-8770E R7, 10 COMPUTE CORES 4C+6G",15,HDD,3.1
HP,AMD PRO A10,3181,"AMD PRO A10-8770E R7, 10 COMPUTE CORES 4C+6G",15,HDD,3.3
HP,AMD PRO A10,3181,"AMD PRO A10-8770E R7, 10 COMPUTE CORES 4C+6G",15,HDD,2.9
HP,AMD PRO A10,3181,"AMD PRO A10-8770E R7, 10 COMPUTE CORES 4C+6G",15,HDD,2.6
HP,AMD PRO A10,3181,"AMD PRO A10-8770E R7, 10 COMPUTE CORES 4C+6G",15,HDD,2.3
HP,AMD PRO A10,3181,"AMD PRO A10-8770E R7, 10 COMPUTE CORES 4C+6G",15,HDD,1.6
HP,AMD PRO A10,3181,"AMD PRO A10-8770E R7, 10 COMPUTE CORES 4C+6G",15,HDD,2.2
HP,AMD PRO A10,3181,"AMD PRO A10-8770E R7, 10 COMPUTE CORES 4C+6G",15,HDD,3.4
HP,AMD PRO A10,3181,"AMD PRO A10-8770E R7, 10 COMPUTE CORES 4C+6G",15,HDD,3.1
HP,AMD PRO A10,3181,"AMD PRO A10-8770E R7, 10 COMPUTE CORES 4C+6G",15,HDD,3
HP,AMD PRO A10,3181,"AMD PRO A10-8770E R7, 10 COMPUTE CORES 4C+6G",15,HDD,1.7
HP,AMD PRO A10,3181,"AMD PRO A10-8770E R7, 10 COMPUTE CORES 4C+6G",15,HDD,0.2
HP,AMD PRO A10,3181,"AMD PRO A10-8770E R7, 10 COMPUTE CORES 4C+6G",15,HDD,1.9
HP,AMD PRO A10,3181,"AMD PRO A10-8770E R7, 10 COMPUTE CORES 4C+6G",15,HDD,2.6
HP,AMD PRO A10,3181,"AMD PRO A10-8770E R7, 10 COMPUTE CORES 4C+6G",15,HDD,1.3
HP,AMD PRO A10,3181,"AMD PRO A10-8770E R7, 10 COMPUTE CORES 4C+6G",15,HDD,2
HP,AMD PRO A10,3181,"AMD PRO A10-8770E R7, 10 COMPUTE CORES 4C+6G",15,HDD,3.2
HP,AMD PRO A10,3181,"AMD PRO A10-8770E R7, 10 COMPUTE CORES 4C+6G",15,HDD,2.3
HP,AMD PRO A10,3181,"AMD PRO A10-8770E R7, 10 COMPUTE CORES 4C+6G",15,HDD,2
HP,AMD PRO A10,3181,"AMD PRO A10-8770E R7, 10 COMPUTE CORES 4C+6G",15,HDD,0.5
HP,AMD PRO A10,3181,"AMD PRO A10-8770E R7, 10 COMPUTE CORES 4C+6G",15,HDD,2.9
HP,AMD PRO A10,3181,"AMD PRO A10-8770E R7, 10 COMPUTE CORES 4C+6G",15,HDD,3.4
HP,AMD PRO A10,3181,"AMD PRO A10-8770E R7, 10 COMPUTE CORES 4C+6G",15,HDD,2.4
HP,AMD PRO A10,3181,"AMD PRO A10-8770E R7, 10 COMPUTE CORES 4C+6G",15,HDD,1.5
HP,AMD PRO A10,3181,"AMD PRO A10-8770E R7, 10 COMPUTE CORES 4C+6G",15,HDD,1.5
HP,AMD PRO A10,3181,"AMD PRO A10-8770E R7, 10 COMPUTE CORES 4C+6G",15,HDD,2.3
HP,AMD PRO A10,3181,"AMD PRO A10-8770E R7, 10 COMPUTE CORES 4C+6G",15,HDD,3.9
HP,AMD PRO A10,3181,"AMD PRO A10-8770E R7, 10 COMPUTE CORES 4C+6G",15,HDD,3.8
HP,AMD PRO A10,3181,"AMD PRO A10-8770E R7, 10 COMPUTE CORES 4C+6G",15,HDD,2.3
HP,i5,5949,Intel(R) Core(TM) i5-8250U CPU @ 1.60GHz,16,SSD,4.7
HP,i5,3260,Intel(R) Core(TM) i5-6300U CPU @ 2.40GHz,8,HDD,3.6
HP,i5,3413,Intel(R) Core(TM) i5-7200U CPU @ 2.50GHz,8,SSD,2.9
HP,i5,3260,Intel(R) Core(TM) i5-6300U CPU @ 2.40GHz,8,HDD,3.8
HP,i5,3413,Intel(R) Core(TM) i5-7200U CPU @ 2.50GHz,8,HDD,3.8
HP,i5,3260,Intel(R) Core(TM) i5-6300U CPU @ 2.40GHz,8,HDD,2.7
Dell,i7,15512,Intel(R) Core(TM) i7-10875H CPU @ 2.30GHz,32,SSD,4.5
Dell,i7,15512,Intel(R) Core(TM) i7-10875H CPU @ 2.30GHz,32,SSD,4
HP,i5,3260,Intel(R) Core(TM) i5-6300U CPU @ 2.40GHz,8,HDD,2.7
HP,i5,3260,Intel(R) Core(TM) i5-6300U CPU @ 2.40GHz,8,HDD,0.8
Dell,i7,15512,Intel(R) Core(TM) i7-10875H CPU @ 2.30GHz,32,SSD,4.7
Dell,i7,15512,Intel(R) Core(TM) i7-10875H CPU @ 2.30GHz,32,SSD,4.1
HP,i5,3413,Intel(R) Core(TM) i5-7200U CPU @ 2.50GHz,16,HDD,2.8
HP,i5,5988,Intel(R) Core(TM) i5-8265U CPU @ 1.60GHz,32,SSD,3.3
HP,i5,3260,Intel(R) Core(TM) i5-6300U CPU @ 2.40GHz,8,HDD,2.3
Dell,i7,7149,Intel(R) Core(TM) i7-7820HQ CPU @ 2.90GHz,32,SSD,3.8
HP,i7,6475,Intel(R) Core(TM) i7-8665U CPU @ 1.90GHz,32,SSD,3.9
HP,i7,6475,Intel(R) Core(TM) i7-8665U CPU @ 1.90GHz,32,SSD,3.1
HP,i7,6475,Intel(R) Core(TM) i7-8665U CPU @ 1.90GHz,32,SSD,3.6
HP,i7,6475,Intel(R) Core(TM) i7-8665U CPU @ 1.90GHz,32,SSD,4.7
HP,i7,6475,Intel(R) Core(TM) i7-8665U CPU @ 1.90GHz,32,SSD,2.7
HP,i7,6475,Intel(R) Core(TM) i7-8665U CPU @ 1.90GHz,32,SSD,3.9
HP,i7,6475,Intel(R) Core(TM) i7-8665U CPU @ 1.90GHz,32,SSD,3.5
HP,i5,1475,Intel(R) Core(TM) i5-7Y54 CPU @ 1.20GHz,8,SSD,0.6
HP,AMD PRO A12,3848,"AMD PRO A12-8870 R7, 12 COMPUTE CORES 4C+8G",7,SSD,1.5
HP,AMD PRO A8,3204,"AMD PRO A8-8650B R7, 10 Compute Cores 4C+6G",7,HDD,3.6
HP,AMD PRO A8,3204,"AMD PRO A8-8650B R7, 10 Compute Cores 4C+6G",31,HDD,2.5
HP,AMD PRO A8,3204,"AMD PRO A8-8650B R7, 10 Compute Cores 4C+6G",7,HDD,2.9
HP,Xeon E3,5262,Intel(R) Xeon(R) CPU E3-1225 v3 @ 3.20GHz,8,HDD,3
HP,Xeon E3,5262,Intel(R) Xeon(R) CPU E3-1225 v3 @ 3.20GHz,8,HDD,3.2
HP,AMD PRO A8,3204,"AMD PRO A8-8650B R7, 10 Compute Cores 4C+6G",7,HDD,2.9
HP,AMD PRO A8,3204,"AMD PRO A8-8650B R7, 10 Compute Cores 4C+6G",7,HDD,2.8
HP,AMD PRO A8,3204,"AMD PRO A8-8650B R7, 10 Compute Cores 4C+6G",7,HDD,2.7
HP,AMD PRO A8,3204,"AMD PRO A8-8650B R7, 10 Compute Cores 4C+6G",7,HDD,3.4
HP,AMD PRO A8,3204,"AMD PRO A8-8650B R7, 10 Compute Cores 4C+6G",7,HDD,2.3
HP,AMD PRO A8,3204,"AMD PRO A8-8650B R7, 10 Compute Cores 4C+6G",7,HDD,2.2
HP,AMD PRO A8,3204,"AMD PRO A8-8650B R7, 10 Compute Cores 4C+6G",7,HDD,3.8
HP,Pentium,3729,Intel(R) Pentium(R) Gold G5400 CPU @ 3.70GHz,8,HDD,1.3
HP,AMD PRO A8,3204,"AMD PRO A8-8650B R7, 10 Compute Cores 4C+6G",7,HDD,2.9
HP,Pentium,3729,Intel(R) Pentium(R) Gold G5400 CPU @ 3.70GHz,8,HDD,2
HP,AMD PRO A8,3347,"AMD PRO A8-9600 R7, 10 COMPUTE CORES 4C+6G",7,HDD,1.3
HP,AMD PRO A8,3204,"AMD PRO A8-8650B R7, 10 Compute Cores 4C+6G",7,HDD,2.9
HP,AMD PRO A8,3204,"AMD PRO A8-8650B R7, 10 Compute Cores 4C+6G",7,HDD,3.3
HP,AMD PRO A8,3204,"AMD PRO A8-8650B R7, 10 Compute Cores 4C+6G",7,HDD,2.8
HP,AMD PRO A8,3347,"AMD PRO A8-9600 R7, 10 COMPUTE CORES 4C+6G",7,HDD,0.8
HP,AMD PRO A8,3347,"AMD PRO A8-9600 R7, 10 COMPUTE CORES 4C+6G",7,HDD,0.7
HP,AMD PRO A10,3184,"AMD A10 PRO-7800B R7, 12 Compute Cores 4C+8G",7,SSD,2.9
HP,Xeon E3,5262,Intel(R) Xeon(R) CPU E3-1225 v3 @ 3.20GHz,16,HDD,4
Transource,i3,6629,Intel(R) Core(TM) i3-9100 CPU @ 3.60GHz,16,SSD,4.4
Transource,i3,6629,Intel(R) Core(TM) i3-9100 CPU @ 3.60GHz,16,SSD,2.8
HP,i5,3260,Intel(R) Core(TM) i5-6300U CPU @ 2.40GHz,16,HDD,1.5
HP,i5,3260,Intel(R) Core(TM) i5-6300U CPU @ 2.40GHz,8,HDD,1.6
GETAC,i5,3413,Intel(R) Core(TM) i5-7200U CPU @ 2.50GHz,8,SSD,0.1
Dell,i5,9022,Intel(R) Core(TM) i5-10400H CPU @ 2.60GHz,16,SSD,1.5
Dell,i7,15512,Intel(R) Core(TM) i7-10875H CPU @ 2.30GHz,64,SSD,4.3
HP,i5,3260,Intel(R) Core(TM) i5-6300U CPU @ 2.40GHz,8,HDD,3.1
HP,i5,3260,Intel(R) Core(TM) i5-6300U CPU @ 2.40GHz,8,HDD,3.4
HP,i5,3260,Intel(R) Core(TM) i5-6300U CPU @ 2.40GHz,8,HDD,2.2
HP,i5,3260,Intel(R) Core(TM) i5-6300U CPU @ 2.40GHz,8,HDD,3.7
HP,i5,3260,Intel(R) Core(TM) i5-6300U CPU @ 2.40GHz,8,HDD,3.5
HP,i5,3260,Intel(R) Core(TM) i5-6300U CPU @ 2.40GHz,16,SSD,3.4
HP,i5,3260,Intel(R) Core(TM) i5-6300U CPU @ 2.40GHz,15,SSD,4.3
HP,i5,3260,Intel(R) Core(TM) i5-6300U CPU @ 2.40GHz,8,HDD,1.8
HP,i5,3260,Intel(R) Core(TM) i5-6300U CPU @ 2.40GHz,8,HDD,1.1
HP,i5,3260,Intel(R) Core(TM) i5-6300U CPU @ 2.40GHz,8,HDD,0.2
HP,i5,3260,Intel(R) Core(TM) i5-6300U CPU @ 2.40GHz,8,HDD,0.5
HP,i5,3260,Intel(R) Core(TM) i5-6300U CPU @ 2.40GHz,8,HDD,2.1
HP,i5,3260,Intel(R) Core(TM) i5-6300U CPU @ 2.40GHz,16,SSD,3.6
HP,i5,3260,Intel(R) Core(TM) i5-6300U CPU @ 2.40GHz,8,HDD,3.2
HP,i5,3260,Intel(R) Core(TM) i5-6300U CPU @ 2.40GHz,8,HDD,1
HP,i5,3260,Intel(R) Core(TM) i5-6300U CPU @ 2.40GHz,8,HDD,4.8
HP,i5,3260,Intel(R) Core(TM) i5-6300U CPU @ 2.40GHz,16,SSD,2.1
HP,i5,3260,Intel(R) Core(TM) i5-6300U CPU @ 2.40GHz,16,HDD,4.4
HP,i5,3260,Intel(R) Core(TM) i5-6300U CPU @ 2.40GHz,8,HDD,2.2
HP,i5,3260,Intel(R) Core(TM) i5-6300U CPU @ 2.40GHz,16,SSD,4.7
HP,i5,3260,Intel(R) Core(TM) i5-6300U CPU @ 2.40GHz,16,SSD,3
HP,i5,3260,Intel(R) Core(TM) i5-6300U CPU @ 2.40GHz,8,HDD,1.5
HP,i5,3260,Intel(R) Core(TM) i5-6300U CPU @ 2.40GHz,8,HDD,3.5
HP,i5,3260,Intel(R) Core(TM) i5-6300U CPU @ 2.40GHz,8,HDD,2.9
HP,i5,3260,Intel(R) Core(TM) i5-6300U CPU @ 2.40GHz,8,HDD,2.9
HP,i5,3260,Intel(R) Core(TM) i5-6300U CPU @ 2.40GHz,8,HDD,3.2
HP,i5,3260,Intel(R) Core(TM) i5-6300U CPU @ 2.40GHz,8,HDD,2.6
HP,i5,3260,Intel(R) Core(TM) i5-6300U CPU @ 2.40GHz,15,HDD,1.5
HP,i5,3260,Intel(R) Core(TM) i5-6300U CPU @ 2.40GHz,8,HDD,2.4
HP,i5,3260,Intel(R) Core(TM) i5-6300U CPU @ 2.40GHz,16,HDD,3.9
HP,i5,3260,Intel(R) Core(TM) i5-6300U CPU @ 2.40GHz,8,HDD,1.9
HP,i5,3260,Intel(R) Core(TM) i5-6300U CPU @ 2.40GHz,8,HDD,3.2
HP,i5,3260,Intel(R) Core(TM) i5-6300U CPU @ 2.40GHz,8,HDD,3.1
HP,i5,3260,Intel(R) Core(TM) i5-6300U CPU @ 2.40GHz,8,HDD,2.9
HP,i5,3260,Intel(R) Core(TM) i5-6300U CPU @ 2.40GHz,8,HDD,2.6
HP,i5,3260,Intel(R) Core(TM) i5-6300U CPU @ 2.40GHz,8,HDD,3.2
HP,i5,3260,Intel(R) Core(TM) i5-6300U CPU @ 2.40GHz,8,HDD,2.1
HP,i5,3260,Intel(R) Core(TM) i5-6300U CPU @ 2.40GHz,8,HDD,2.4
HP,i5,3025,Intel(R) Core(TM) i5-6200U CPU @ 2.30GHz,16,SSD,2.1
HP,i5,3260,Intel(R) Core(TM) i5-6300U CPU @ 2.40GHz,8,HDD,2.5
HP,i5,3260,Intel(R) Core(TM) i5-6300U CPU @ 2.40GHz,8,HDD,0.5
HP,i5,3260,Intel(R) Core(TM) i5-6300U CPU @ 2.40GHz,8,HDD,1.2
HP,i5,3260,Intel(R) Core(TM) i5-6300U CPU @ 2.40GHz,8,HDD,0.5
HP,i5,3260,Intel(R) Core(TM) i5-6300U CPU @ 2.40GHz,8,HDD,2.8
HP,i5,3260,Intel(R) Core(TM) i5-6300U CPU @ 2.40GHz,8,HDD,2.2
HP,i5,3260,Intel(R) Core(TM) i5-6300U CPU @ 2.40GHz,8,HDD,2.3
GETAC,i5,3413,Intel(R) Core(TM) i5-7200U CPU @ 2.50GHz,8,SSD,4.4
Dell,i7,8624,Intel(R) Core(TM) i7-7700 CPU @ 3.60GHz,16,HDD,4.1
Ace Computers,AMD Athlon,4140,AMD Athlon 200GE with Radeon Vega Graphics,14,SSD,3.5
Ace Computers,AMD Athlon,4140,AMD Athlon 200GE with Radeon Vega Graphics,14,SSD,3.4
HP,AMD PRO A10,3184,"AMD A10 PRO-7800B R7, 12 Compute Cores 4C+8G",7,HDD,2.4
HP,AMD PRO A10,3184,"AMD A10 PRO-7800B R7, 12 Compute Cores 4C+8G",7,HDD,1.3
HP,AMD PRO A10,3184,"AMD A10 PRO-7800B R7, 12 Compute Cores 4C+8G",11,HDD,4.5
HP,AMD PRO A10,3184,"AMD A10 PRO-7800B R7, 12 Compute Cores 4C+8G",7,HDD,2.6
HP,Xeon E3,5262,Intel(R) Xeon(R) CPU E3-1225 v3 @ 3.20GHz,8,HDD,3.7
HP,AMD PRO A8,3204,"AMD PRO A8-8650B R7, 10 Compute Cores 4C+6G",7,HDD,1.5
HP,AMD PRO A8,3204,"AMD PRO A8-8650B R7, 10 Compute Cores 4C+6G",7,HDD,2.8
HP,AMD PRO A8,3204,"AMD PRO A8-8650B R7, 10 Compute Cores 4C+6G",7,HDD,3.6
HP,AMD PRO A8,3204,"AMD PRO A8-8650B R7, 10 Compute Cores 4C+6G",9,HDD,2
HP,AMD PRO A8,3204,"AMD PRO A8-8650B R7, 10 Compute Cores 4C+6G",7,HDD,2.8
HP,AMD PRO A8,3347,"AMD PRO A8-9600 R7, 10 COMPUTE CORES 4C+6G",7,HDD,3
HP,AMD PRO A8,3347,"AMD PRO A8-9600 R7, 10 COMPUTE CORES 4C+6G",15,SSD,1.8
HP,AMD PRO A8,3347,"AMD PRO A8-9600 R7, 10 COMPUTE CORES 4C+6G",15,SSD,3.8
HP,AMD PRO A8,3347,"AMD PRO A8-9600 R7, 10 COMPUTE CORES 4C+6G",7,HDD,3.1
HP,AMD PRO A8,3347,"AMD PRO A8-9600 R7, 10 COMPUTE CORES 4C+6G",15,SSD,2.5
HP,AMD PRO A8,3347,"AMD PRO A8-9600 R7, 10 COMPUTE CORES 4C+6G",15,SSD,3.1
HP,AMD PRO A8,3347,"AMD PRO A8-9600 R7, 10 COMPUTE CORES 4C+6G",15,SSD,2.1
HP,AMD PRO A8,3204,"AMD PRO A8-8650B R7, 10 Compute Cores 4C+6G",7,HDD,1.4
HP,AMD PRO A8,3204,"AMD PRO A8-8650B R7, 10 Compute Cores 4C+6G",31,HDD,3.7
HP,AMD PRO A8,3204,"AMD PRO A8-8650B R7, 10 Compute Cores 4C+6G",21,HDD,3.7
HP,AMD PRO A8,3204,"AMD PRO A8-8650B R7, 10 Compute Cores 4C+6G",7,HDD,3.1
HP,AMD PRO A12,3848,"AMD PRO A12-8870 R7, 12 COMPUTE CORES 4C+8G",15,HDD,2.9
HP,i5,3413,Intel(R) Core(TM) i5-7200U CPU @ 2.50GHz,8,HDD,1
HP,i5,3260,Intel(R) Core(TM) i5-6300U CPU @ 2.40GHz,8,HDD,1.4
GETAC,i5,3025,Intel(R) Core(TM) i5-6200U CPU @ 2.30GHz,8,HDD,4
HP,i5,3260,Intel(R) Core(TM) i5-6300U CPU @ 2.40GHz,8,HDD,0.5
HP,i5,3260,Intel(R) Core(TM) i5-6300U CPU @ 2.40GHz,8,HDD,4.4
HP,i7,6551,Intel(R) Core(TM) i7-6700HQ CPU @ 2.60GHz,32,HDD,4.6
Dell,i7,13047,Intel(R) Core(TM) i7-8700 CPU @ 3.20GHz,16,SSD,1
Dell,i7,13047,Intel(R) Core(TM) i7-8700 CPU @ 3.20GHz,16,SSD,4.6
Dell,i7,13047,Intel(R) Core(TM) i7-8700 CPU @ 3.20GHz,16,SSD,4
Dell,i7,13047,Intel(R) Core(TM) i7-8700 CPU @ 3.20GHz,16,SSD,4.7
HP,i5,6109,Intel(R) Core(TM) i5-6600 CPU @ 3.30GHz,8,HDD,3.3
HP,AMD PRO A8,3204,"AMD PRO A8-8650B R7, 10 Compute Cores 4C+6G",7,HDD,3
Dell,i7,6945,Intel(R) Core(TM) i7-6820HQ CPU @ 2.70GHz,32,HDD,4.2
HP,i5,3260,Intel(R) Core(TM) i5-6300U CPU @ 2.40GHz,8,HDD,4.3
HP,i5,3260,Intel(R) Core(TM) i5-6300U CPU @ 2.40GHz,8,HDD,2.6
HP,i5,3260,Intel(R) Core(TM) i5-6300U CPU @ 2.40GHz,8,HDD,2.7
HP,i5,3260,Intel(R) Core(TM) i5-6300U CPU @ 2.40GHz,8,HDD,2.6
HP,i5,3260,Intel(R) Core(TM) i5-6300U CPU @ 2.40GHz,8,HDD,3.3
HP,i5,6109,Intel(R) Core(TM) i5-6600 CPU @ 3.30GHz,8,HDD,1.9
HP,AMD PRO A8,3204,"AMD PRO A8-8650B R7, 10 Compute Cores 4C+6G",7,HDD,3.4
Dell,i7,7149,Intel(R) Core(TM) i7-7820HQ CPU @ 2.90GHz,16,HDD,3.1
Dell,i7,7149,Intel(R) Core(TM) i7-7820HQ CPU @ 2.90GHz,16,HDD,1.4
Dell,i7,7149,Intel(R) Core(TM) i7-7820HQ CPU @ 2.90GHz,16,HDD,2.5
Dell,i7,7149,Intel(R) Core(TM) i7-7820HQ CPU @ 2.90GHz,16,HDD,2.9
Dell,i7,7149,Intel(R) Core(TM) i7-7820HQ CPU @ 2.90GHz,16,HDD,2.8
Dell,i7,7149,Intel(R) Core(TM) i7-7820HQ CPU @ 2.90GHz,16,HDD,4.5
Dell,i7,7149,Intel(R) Core(TM) i7-7820HQ CPU @ 2.90GHz,16,HDD,2.5
Dell,i7,7149,Intel(R) Core(TM) i7-7820HQ CPU @ 2.90GHz,16,HDD,3.1
Panasonic,i5,3732,Intel(R) Core(TM) i5-7300U CPU @ 2.60GHz,16,SSD,4.6
Dell,i7,7149,Intel(R) Core(TM) i7-7820HQ CPU @ 2.90GHz,16,HDD,1.8
Dell,i7,7149,Intel(R) Core(TM) i7-7820HQ CPU @ 2.90GHz,16,HDD,3.5
Dell,i7,7149,Intel(R) Core(TM) i7-7820HQ CPU @ 2.90GHz,16,HDD,3.8
Dell,i7,7149,Intel(R) Core(TM) i7-7820HQ CPU @ 2.90GHz,16,HDD,1.6
Dell,i7,6475,Intel(R) Core(TM) i7-8665U CPU @ 1.90GHz,32,SSD,3.5
Dell,i7,7149,Intel(R) Core(TM) i7-7820HQ CPU @ 2.90GHz,16,HDD,2.5
HP,AMD PRO A8,3204,"AMD PRO A8-8650B R7, 10 Compute Cores 4C+6G",15,HDD,3
HP,AMD PRO A8,3204,"AMD PRO A8-8650B R7, 10 Compute Cores 4C+6G",9,HDD,2.3
HP,AMD PRO A8,3204,"AMD PRO A8-8650B R7, 10 Compute Cores 4C+6G",7,HDD,1.1
HP,AMD PRO A12,3848,"AMD PRO A12-8870 R7, 12 COMPUTE CORES 4C+8G",15,SSD,2.5
HP,AMD PRO A12,3848,"AMD PRO A12-8870 R7, 12 COMPUTE CORES 4C+8G",15,SSD,3.5
HP,Pentium,3755,Intel(R) Pentium(R) Gold G5500 CPU @ 3.80GHz,8,SSD,4.3
HP,Pentium,3755,Intel(R) Pentium(R) Gold G5500 CPU @ 3.80GHz,8,SSD,3.9
HP,i5,3260,Intel(R) Core(TM) i5-6300U CPU @ 2.40GHz,8,HDD,0.9
HP,i5,3260,Intel(R) Core(TM) i5-6300U CPU @ 2.40GHz,16,HDD,2.9
HP,i5,3025,Intel(R) Core(TM) i5-6200U CPU @ 2.30GHz,8,HDD,3.7
HP,i5,3413,Intel(R) Core(TM) i5-7200U CPU @ 2.50GHz,8,HDD,3
HP,i5,3413,Intel(R) Core(TM) i5-7200U CPU @ 2.50GHz,8,HDD,3.1
HP,i5,3413,Intel(R) Core(TM) i5-7200U CPU @ 2.50GHz,8,HDD,2
HP,i5,3260,Intel(R) Core(TM) i5-6300U CPU @ 2.40GHz,8,HDD,1.7
HP,i5,3260,Intel(R) Core(TM) i5-6300U CPU @ 2.40GHz,8,HDD,3.3
HP,i5,3413,Intel(R) Core(TM) i5-7200U CPU @ 2.50GHz,8,HDD,3
HP,i5,3413,Intel(R) Core(TM) i5-7200U CPU @ 2.50GHz,8,HDD,2.8
HP,i5,3413,Intel(R) Core(TM) i5-7200U CPU @ 2.50GHz,8,HDD,3.5
HP,i5,3260,Intel(R) Core(TM) i5-6300U CPU @ 2.40GHz,8,HDD,1.1
HP,i5,3413,Intel(R) Core(TM) i5-7200U CPU @ 2.50GHz,8,HDD,2.1
HP,i5,3413,Intel(R) Core(TM) i5-7200U CPU @ 2.50GHz,8,HDD,4.4
LENOVO,i5,8360,Intel(R) Core(TM) i5-9400H CPU @ 2.50GHz,16,HDD,2.8
HP,i5,3260,Intel(R) Core(TM) i5-6300U CPU @ 2.40GHz,16,HDD,3.5
GETAC,i5,5949,Intel(R) Core(TM) i5-8250U CPU @ 1.60GHz,16,HDD,0.9
HP,i5,3413,Intel(R) Core(TM) i5-7200U CPU @ 2.50GHz,8,HDD,3
HP,AMD PRO A8,3347,"AMD PRO A8-9600 R7, 10 COMPUTE CORES 4C+6G",7,HDD,0.6
Transource,i3,4326,Intel(R) Core(TM) i3-7100 CPU @ 3.90GHz,16,HDD,2.7
Transource,i3,4326,Intel(R) Core(TM) i3-7100 CPU @ 3.90GHz,8,HDD,3.2
Transource,i3,4326,Intel(R) Core(TM) i3-7100 CPU @ 3.90GHz,8,HDD,2.4
Transource,i3,4326,Intel(R) Core(TM) i3-7100 CPU @ 3.90GHz,8,HDD,0.1
Transource,i3,4326,Intel(R) Core(TM) i3-7100 CPU @ 3.90GHz,16,HDD,2.6
Transource,i3,4326,Intel(R) Core(TM) i3-7100 CPU @ 3.90GHz,8,HDD,0.7
Transource,i3,4326,Intel(R) Core(TM) i3-7100 CPU @ 3.90GHz,16,HDD,3.3
Transource,i3,4326,Intel(R) Core(TM) i3-7100 CPU @ 3.90GHz,8,HDD,2.4
Transource,i3,4326,Intel(R) Core(TM) i3-7100 CPU @ 3.90GHz,8,HDD,0.3
Transource,i3,4326,Intel(R) Core(TM) i3-7100 CPU @ 3.90GHz,16,HDD,3.5
Transource,i3,4326,Intel(R) Core(TM) i3-7100 CPU @ 3.90GHz,16,HDD,1.9
Transource,i3,4326,Intel(R) Core(TM) i3-7100 CPU @ 3.90GHz,16,HDD,3.6
HP,AMD PRO A8,3204,"AMD PRO A8-8650B R7, 10 Compute Cores 4C+6G",15,HDD,4.4
HP,AMD PRO A8,3347,"AMD PRO A8-9600 R7, 10 COMPUTE CORES 4C+6G",7,HDD,3.2
GETAC,i5,3413,Intel(R) Core(TM) i5-7200U CPU @ 2.50GHz,8,SSD,2.9
GETAC,i5,3413,Intel(R) Core(TM) i5-7200U CPU @ 2.50GHz,8,SSD,4.1
GETAC,i5,3413,Intel(R) Core(TM) i5-7200U CPU @ 2.50GHz,8,SSD,3.9
HP,i7,6551,Intel(R) Core(TM) i7-6700HQ CPU @ 2.60GHz,32,HDD,4.1
HP,i7,6551,Intel(R) Core(TM) i7-6700HQ CPU @ 2.60GHz,32,HDD,4.8
HP,i7,6551,Intel(R) Core(TM) i7-6700HQ CPU @ 2.60GHz,32,HDD,4
HP,i7,6551,Intel(R) Core(TM) i7-6700HQ CPU @ 2.60GHz,8,HDD,2.1
HP,i5,3413,Intel(R) Core(TM) i5-7200U CPU @ 2.50GHz,16,HDD,3.2
HP,i5,3413,Intel(R) Core(TM) i5-7200U CPU @ 2.50GHz,16,HDD,2.5
HP,i7,6551,Intel(R) Core(TM) i7-6700HQ CPU @ 2.60GHz,32,HDD,4.2
HP,i7,6551,Intel(R) Core(TM) i7-6700HQ CPU @ 2.60GHz,32,HDD,4.3
HP,i7,6551,Intel(R) Core(TM) i7-6700HQ CPU @ 2.60GHz,32,HDD,3
GETAC,i5,3413,Intel(R) Core(TM) i5-7200U CPU @ 2.50GHz,8,SSD,4.3
GETAC,i5,3413,Intel(R) Core(TM) i5-7200U CPU @ 2.50GHz,8,SSD,2.8
Panasonic,i5,2737,Intel(R) Core(TM) i5-5300U CPU @ 2.30GHz,8,SSD,0.1
Panasonic,i5,2640,Intel(R) Core(TM) i5-3320M CPU @ 2.60GHz,4,SSD,1.9
HP,AMD PRO A10,3181,"AMD PRO A10-8770E R7, 10 COMPUTE CORES 4C+6G",7,HDD,2.8
HP,AMD PRO A10,3181,"AMD PRO A10-8770E R7, 10 COMPUTE CORES 4C+6G",15,HDD,3
HP,AMD PRO A10,3181,"AMD PRO A10-8770E R7, 10 COMPUTE CORES 4C+6G",15,HDD,2.9
HP,AMD PRO A10,3181,"AMD PRO A10-8770E R7, 10 COMPUTE CORES 4C+6G",15,HDD,3.7
HP,AMD PRO A10,3181,"AMD PRO A10-8770E R7, 10 COMPUTE CORES 4C+6G",15,HDD,3.7
HP,AMD PRO A10,3181,"AMD PRO A10-8770E R7, 10 COMPUTE CORES 4C+6G",15,HDD,2.5
HP,AMD PRO A10,3181,"AMD PRO A10-8770E R7, 10 COMPUTE CORES 4C+6G",7,HDD,1.9
HP,AMD PRO A10,3181,"AMD PRO A10-8770E R7, 10 COMPUTE CORES 4C+6G",15,HDD,2.9
HP,AMD PRO A10,3181,"AMD PRO A10-8770E R7, 10 COMPUTE CORES 4C+6G",15,HDD,3
HP,AMD PRO A10,3181,"AMD PRO A10-8770E R7, 10 COMPUTE CORES 4C+6G",15,HDD,3.7
HP,AMD PRO A10,3181,"AMD PRO A10-8770E R7, 10 COMPUTE CORES 4C+6G",15,HDD,2.5
HP,AMD PRO A10,3181,"AMD PRO A10-8770E R7, 10 COMPUTE CORES 4C+6G",15,HDD,3.8
HP,AMD PRO A10,3181,"AMD PRO A10-8770E R7, 10 COMPUTE CORES 4C+6G",15,HDD,3.7
HP,AMD PRO A10,3181,"AMD PRO A10-8770E R7, 10 COMPUTE CORES 4C+6G",15,HDD,1.7
HP,AMD PRO A10,3181,"AMD PRO A10-8770E R7, 10 COMPUTE CORES 4C+6G",15,HDD,3.8
HP,AMD PRO A10,3181,"AMD PRO A10-8770E R7, 10 COMPUTE CORES 4C+6G",15,HDD,2
HP,AMD PRO A10,3181,"AMD PRO A10-8770E R7, 10 COMPUTE CORES 4C+6G",15,HDD,3.5
HP,AMD PRO A10,3181,"AMD PRO A10-8770E R7, 10 COMPUTE CORES 4C+6G",15,HDD,4.5
HP,AMD PRO A10,3181,"AMD PRO A10-8770E R7, 10 COMPUTE CORES 4C+6G",15,HDD,1.7
HP,AMD PRO A10,3181,"AMD PRO A10-8770E R7, 10 COMPUTE CORES 4C+6G",15,HDD,2
HP,AMD PRO A10,3181,"AMD PRO A10-8770E R7, 10 COMPUTE CORES 4C+6G",15,HDD,3.7
HP,AMD PRO A10,3181,"AMD PRO A10-8770E R7, 10 COMPUTE CORES 4C+6G",15,HDD,3.6
HP,AMD PRO A10,3181,"AMD PRO A10-8770E R7, 10 COMPUTE CORES 4C+6G",15,HDD,4.2
HP,AMD PRO A10,3181,"AMD PRO A10-8770E R7, 10 COMPUTE CORES 4C+6G",15,HDD,3.6
HP,AMD PRO A10,3181,"AMD PRO A10-8770E R7, 10 COMPUTE CORES 4C+6G",15,HDD,1.8
HP,AMD PRO A10,3181,"AMD PRO A10-8770E R7, 10 COMPUTE CORES 4C+6G",15,HDD,2.6
HP,AMD PRO A10,3181,"AMD PRO A10-8770E R7, 10 COMPUTE CORES 4C+6G",15,HDD,1.6
HP,AMD PRO A10,3181,"AMD PRO A10-8770E R7, 10 COMPUTE CORES 4C+6G",15,HDD,2.1
HP,AMD PRO A10,3181,"AMD PRO A10-8770E R7, 10 COMPUTE CORES 4C+6G",15,HDD,1.8
HP,AMD PRO A10,3181,"AMD PRO A10-8770E R7, 10 COMPUTE CORES 4C+6G",15,HDD,2.3
HP,AMD PRO A10,3181,"AMD PRO A10-8770E R7, 10 COMPUTE CORES 4C+6G",15,HDD,1.7
HP,AMD PRO A10,3181,"AMD PRO A10-8770E R7, 10 COMPUTE CORES 4C+6G",15,HDD,2.8
HP,AMD PRO A10,3181,"AMD PRO A10-8770E R7, 10 COMPUTE CORES 4C+6G",15,HDD,4.3
HP,AMD PRO A10,3181,"AMD PRO A10-8770E R7, 10 COMPUTE CORES 4C+6G",15,HDD,3
HP,AMD PRO A10,3181,"AMD PRO A10-8770E R7, 10 COMPUTE CORES 4C+6G",15,HDD,3.3
HP,AMD PRO A10,3181,"AMD PRO A10-8770E R7, 10 COMPUTE CORES 4C+6G",15,HDD,1.9
HP,AMD PRO A10,3181,"AMD PRO A10-8770E R7, 10 COMPUTE CORES 4C+6G",15,HDD,2.7
HP,AMD PRO A10,3181,"AMD PRO A10-8770E R7, 10 COMPUTE CORES 4C+6G",15,HDD,1.4
HP,AMD PRO A10,3181,"AMD PRO A10-8770E R7, 10 COMPUTE CORES 4C+6G",15,HDD,3.1
HP,AMD PRO A10,3181,"AMD PRO A10-8770E R7, 10 COMPUTE CORES 4C+6G",15,HDD,4.6
HP,AMD PRO A10,3181,"AMD PRO A10-8770E R7, 10 COMPUTE CORES 4C+6G",15,HDD,2.8
HP,AMD PRO A10,3181,"AMD PRO A10-8770E R7, 10 COMPUTE CORES 4C+6G",15,HDD,3.2
HP,AMD PRO A10,3181,"AMD PRO A10-8770E R7, 10 COMPUTE CORES 4C+6G",15,HDD,2.4
HP,AMD PRO A10,3181,"AMD PRO A10-8770E R7, 10 COMPUTE CORES 4C+6G",15,HDD,2.7
HP,AMD PRO A10,3181,"AMD PRO A10-8770E R7, 10 COMPUTE CORES 4C+6G",15,HDD,3.9
HP,AMD PRO A10,3181,"AMD PRO A10-8770E R7, 10 COMPUTE CORES 4C+6G",15,HDD,4
Dell,i7,15512,Intel(R) Core(TM) i7-10875H CPU @ 2.30GHz,32,SSD,4.5
HP,i5,3260,Intel(R) Core(TM) i5-6300U CPU @ 2.40GHz,8,HDD,2.7
HP,i5,3260,Intel(R) Core(TM) i5-6300U CPU @ 2.40GHz,8,HDD,0.5
HP,i5,7533,Intel(R) Core(TM) i5-8300H CPU @ 2.30GHz,16,HDD,1
Dell,i5,9022,Intel(R) Core(TM) i5-10400H CPU @ 2.60GHz,16,SSD,1.8
Dell,i5,9022,Intel(R) Core(TM) i5-10400H CPU @ 2.60GHz,16,SSD,3.7
HP,i5,3260,Intel(R) Core(TM) i5-6300U CPU @ 2.40GHz,8,HDD,2.7
HP,i5,3260,Intel(R) Core(TM) i5-6300U CPU @ 2.40GHz,8,HDD,3
HP,i5,3260,Intel(R) Core(TM) i5-6300U CPU @ 2.40GHz,8,HDD,3.9
Dell,i7,15512,Intel(R) Core(TM) i7-10875H CPU @ 2.30GHz,32,SSD,2
Dell,i5,9022,Intel(R) Core(TM) i5-10400H CPU @ 2.60GHz,32,SSD,4
Dell,i5,9022,Intel(R) Core(TM) i5-10400H CPU @ 2.60GHz,32,SSD,4.5
Dell,i7,15512,Intel(R) Core(TM) i7-10875H CPU @ 2.30GHz,64,SSD,4.7
HP,i5,3260,Intel(R) Core(TM) i5-6300U CPU @ 2.40GHz,8,HDD,0.4
HP,AMD PRO A10,3181,"AMD PRO A10-8770E R7, 10 COMPUTE CORES 4C+6G",7,HDD,4.1
HP,AMD PRO A10,3181,"AMD PRO A10-8770E R7, 10 COMPUTE CORES 4C+6G",7,HDD,1.1
HP,AMD PRO A10,3181,"AMD PRO A10-8770E R7, 10 COMPUTE CORES 4C+6G",7,HDD,3.3
HP,i3,4172,Intel(R) Core(TM) i3-6100 CPU @ 3.70GHz,8,HDD,4.3
HP,AMD PRO A8,3347,"AMD PRO A8-9600 R7, 10 COMPUTE CORES 4C+6G",15,SSD,2.4
HP,i5,5949,Intel(R) Core(TM) i5-8250U CPU @ 1.60GHz,16,SSD,4.8
HP,i5,3260,Intel(R) Core(TM) i5-6300U CPU @ 2.40GHz,8,HDD,4.2
Transource,i3,6161,Intel(R) Core(TM) i3-8100 CPU @ 3.60GHz,16,SSD,4.6
Dell,i5,6447,Intel(R) Core(TM) i5-10210U CPU @ 1.60GHz,8,SSD,3.4
Dell,i7,3261,Intel(R) Core(TM) i7-10810U CPU @ 1.10GHz,16,SSD,4.5
Dell,i7,6416,Intel(R) Core(TM) i7-8650U CPU @ 1.90GHz,16,SSD,2.4
HP,i5,3260,Intel(R) Core(TM) i5-6300U CPU @ 2.40GHz,8,HDD,4.3
HP,i5,3413,Intel(R) Core(TM) i5-7200U CPU @ 2.50GHz,16,SSD,3.6
HP,i5,3413,Intel(R) Core(TM) i5-7200U CPU @ 2.50GHz,16,SSD,2.5
HP,i5,3413,Intel(R) Core(TM) i5-7200U CPU @ 2.50GHz,16,HDD,2.3
HP,i5,5988,Intel(R) Core(TM) i5-8265U CPU @ 1.60GHz,16,SSD,3.5
HP,i5,3413,Intel(R) Core(TM) i5-7200U CPU @ 2.50GHz,16,SSD,4.3
HP,i5,3413,Intel(R) Core(TM) i5-7200U CPU @ 2.50GHz,16,SSD,1.1
HP,i5,3413,Intel(R) Core(TM) i5-7200U CPU @ 2.50GHz,16,SSD,4.4
HP,i5,3413,Intel(R) Core(TM) i5-7200U CPU @ 2.50GHz,16,SSD,4.5
HP,i5,5949,Intel(R) Core(TM) i5-8250U CPU @ 1.60GHz,16,SSD,2.6
HP,i5,5949,Intel(R) Core(TM) i5-8250U CPU @ 1.60GHz,16,SSD,4.3
HP,i5,5949,Intel(R) Core(TM) i5-8250U CPU @ 1.60GHz,16,SSD,4.2
HP,i5,5949,Intel(R) Core(TM) i5-8250U CPU @ 1.60GHz,16,SSD,3
HP,i5,5949,Intel(R) Core(TM) i5-8250U CPU @ 1.60GHz,16,SSD,2.6
HP,i5,5988,Intel(R) Core(TM) i5-8265U CPU @ 1.60GHz,16,SSD,4.5
HP,i5,5988,Intel(R) Core(TM) i5-8265U CPU @ 1.60GHz,16,SSD,3.5
HP,i5,5949,Intel(R) Core(TM) i5-8250U CPU @ 1.60GHz,16,SSD,3.9
HP,i5,5949,Intel(R) Core(TM) i5-8250U CPU @ 1.60GHz,16,SSD,3.6
HP,i5,3413,Intel(R) Core(TM) i5-7200U CPU @ 2.50GHz,16,SSD,4.8
HP,i5,5988,Intel(R) Core(TM) i5-8265U CPU @ 1.60GHz,16,SSD,3.1
HP,i5,3413,Intel(R) Core(TM) i5-7200U CPU @ 2.50GHz,16,SSD,4.1
HP,i5,3413,Intel(R) Core(TM) i5-7200U CPU @ 2.50GHz,16,SSD,4.3
HP,i5,3260,Intel(R) Core(TM) i5-6300U CPU @ 2.40GHz,8,HDD,3.1
HP,i5,3413,Intel(R) Core(TM) i5-7200U CPU @ 2.50GHz,16,SSD,4.2
Dell,i5,6447,Intel(R) Core(TM) i5-10210U CPU @ 1.60GHz,8,SSD,4.4
Dell,i7,6416,Intel(R) Core(TM) i7-8650U CPU @ 1.90GHz,16,SSD,4.2
HP,i5,3260,Intel(R) Core(TM) i5-6300U CPU @ 2.40GHz,8,HDD,3
HP,i5,3260,Intel(R) Core(TM) i5-6300U CPU @ 2.40GHz,8,HDD,4
HP,i5,3260,Intel(R) Core(TM) i5-6300U CPU @ 2.40GHz,8,HDD,2.7
HP,i5,3413,Intel(R) Core(TM) i5-7200U CPU @ 2.50GHz,16,HDD,4.1
HP,i5,3413,Intel(R) Core(TM) i5-7200U CPU @ 2.50GHz,16,SSD,4.6
HP,i5,3413,Intel(R) Core(TM) i5-7200U CPU @ 2.50GHz,16,SSD,4.2
HP,i5,3413,Intel(R) Core(TM) i5-7200U CPU @ 2.50GHz,16,HDD,4.4
HP,i5,3413,Intel(R) Core(TM) i5-7200U CPU @ 2.50GHz,16,SSD,4.4
HP,i5,5988,Intel(R) Core(TM) i5-8265U CPU @ 1.60GHz,16,SSD,4.6
HP,i5,3413,Intel(R) Core(TM) i5-7200U CPU @ 2.50GHz,16,SSD,4.1
HP,i5,3413,Intel(R) Core(TM) i5-7200U CPU @ 2.50GHz,16,SSD,3.6
HP,i5,3413,Intel(R) Core(TM) i5-7200U CPU @ 2.50GHz,16,HDD,3.9
HP,i5,3413,Intel(R) Core(TM) i5-7200U CPU @ 2.50GHz,16,SSD,4.3
HP,i5,3413,Intel(R) Core(TM) i5-7200U CPU @ 2.50GHz,16,SSD,3.6
HP,i5,3413,Intel(R) Core(TM) i5-7200U CPU @ 2.50GHz,16,SSD,4.1
HP,i5,5949,Intel(R) Core(TM) i5-8250U CPU @ 1.60GHz,16,SSD,3.8
HP,i5,5949,Intel(R) Core(TM) i5-8250U CPU @ 1.60GHz,16,SSD,3.6
HP,i5,5949,Intel(R) Core(TM) i5-8250U CPU @ 1.60GHz,16,SSD,4.9
HP,i5,5949,Intel(R) Core(TM) i5-8250U CPU @ 1.60GHz,16,SSD,4
HP,i5,5949,Intel(R) Core(TM) i5-8250U CPU @ 1.60GHz,16,SSD,4
HP,i5,5949,Intel(R) Core(TM) i5-8250U CPU @ 1.60GHz,16,SSD,4.2
HP,i5,5949,Intel(R) Core(TM) i5-8250U CPU @ 1.60GHz,16,SSD,4.4
HP,i5,5949,Intel(R) Core(TM) i5-8250U CPU @ 1.60GHz,16,SSD,1.9
HP,i5,5949,Intel(R) Core(TM) i5-8250U CPU @ 1.60GHz,16,SSD,4.5
HP,i5,5949,Intel(R) Core(TM) i5-8250U CPU @ 1.60GHz,16,SSD,4.8
HP,i5,5988,Intel(R) Core(TM) i5-8265U CPU @ 1.60GHz,16,SSD,4.8
HP,i5,5988,Intel(R) Core(TM) i5-8265U CPU @ 1.60GHz,16,SSD,4.5
HP,i5,5988,Intel(R) Core(TM) i5-8265U CPU @ 1.60GHz,32,SSD,4.3
HP,i5,3413,Intel(R) Core(TM) i5-7200U CPU @ 2.50GHz,16,SSD,3.9
HP,i5,5949,Intel(R) Core(TM) i5-8250U CPU @ 1.60GHz,16,SSD,4.1
HP,i5,5949,Intel(R) Core(TM) i5-8250U CPU @ 1.60GHz,16,SSD,4.5
HP,i5,5949,Intel(R) Core(TM) i5-8250U CPU @ 1.60GHz,16,SSD,3.8
HP,i5,5949,Intel(R) Core(TM) i5-8250U CPU @ 1.60GHz,16,SSD,4.3
HP,i5,5988,Intel(R) Core(TM) i5-8265U CPU @ 1.60GHz,16,SSD,2.8
HP,i5,3413,Intel(R) Core(TM) i5-7200U CPU @ 2.50GHz,16,SSD,4.5
HP,i5,3413,Intel(R) Core(TM) i5-7200U CPU @ 2.50GHz,16,SSD,4.5
HP,i5,5949,Intel(R) Core(TM) i5-8250U CPU @ 1.60GHz,16,SSD,4.8
HP,i5,5949,Intel(R) Core(TM) i5-8250U CPU @ 1.60GHz,16,SSD,4.6
HP,i5,5988,Intel(R) Core(TM) i5-8265U CPU @ 1.60GHz,16,SSD,4
HP,i5,3413,Intel(R) Core(TM) i5-7200U CPU @ 2.50GHz,16,SSD,4.7
HP,i5,3260,Intel(R) Core(TM) i5-6300U CPU @ 2.40GHz,16,SSD,3.4
HP,i5,3413,Intel(R) Core(TM) i5-7200U CPU @ 2.50GHz,16,SSD,4.1
HP,i5,3260,Intel(R) Core(TM) i5-6300U CPU @ 2.40GHz,8,HDD,3
Dell,i7,15512,Intel(R) Core(TM) i7-10875H CPU @ 2.30GHz,32,SSD,3.9
HP,i5,3260,Intel(R) Core(TM) i5-6300U CPU @ 2.40GHz,16,HDD,3.8
HP,i5,3260,Intel(R) Core(TM) i5-6300U CPU @ 2.40GHz,8,HDD,1.1
HP,i5,3260,Intel(R) Core(TM) i5-6300U CPU @ 2.40GHz,8,HDD,2.3
HP,i5,3260,Intel(R) Core(TM) i5-6300U CPU @ 2.40GHz,15,HDD,1.1
HP,i5,3260,Intel(R) Core(TM) i5-6300U CPU @ 2.40GHz,8,HDD,2.1
HP,i5,3260,Intel(R) Core(TM) i5-6300U CPU @ 2.40GHz,8,HDD,3.5
HP,i5,3260,Intel(R) Core(TM) i5-6300U CPU @ 2.40GHz,8,HDD,1.9
HP,i5,3260,Intel(R) Core(TM) i5-6300U CPU @ 2.40GHz,8,HDD,3.5
HP,i5,3260,Intel(R) Core(TM) i5-6300U CPU @ 2.40GHz,8,HDD,2.5
HP,i5,3260,Intel(R) Core(TM) i5-6300U CPU @ 2.40GHz,8,HDD,3.5
Dell,i7,6475,Intel(R) Core(TM) i7-8665U CPU @ 1.90GHz,32,SSD,3.8
Dell,i7,15512,Intel(R) Core(TM) i7-10875H CPU @ 2.30GHz,32,SSD,4.7
Ace Computers,i5,9502,Intel(R) Core(TM) i5-9400 CPU @ 2.90GHz,16,HDD,4.5
Gigabyte ,Xeon E3,3835,Intel(R) Xeon(R) CPU E3-1220 v5 @ 3.00GHz,16,SSD,3
Dell,Xeon E3,3835,Intel(R) Xeon(R) CPU E3-1220 v5 @ 3.00GHz,32,HDD,1.9
Transource,i3,6629,Intel(R) Core(TM) i3-9100 CPU @ 3.60GHz,32,SSD,4.6
Dell,i7,15512,Intel(R) Core(TM) i7-10875H CPU @ 2.30GHz,16,SSD,3.6
GETAC,i5,3413,Intel(R) Core(TM) i5-7200U CPU @ 2.50GHz,8,SSD,4.1
GETAC,i5,3413,Intel(R) Core(TM) i5-7200U CPU @ 2.50GHz,8,SSD,3.6
Dell,i7,15512,Intel(R) Core(TM) i7-10875H CPU @ 2.30GHz,16,SSD,4.2
Dell,i7,15512,Intel(R) Core(TM) i7-10875H CPU @ 2.30GHz,16,SSD,4
HP,i5,3260,Intel(R) Core(TM) i5-6300U CPU @ 2.40GHz,8,HDD,0.7
HP,i5,3260,Intel(R) Core(TM) i5-6300U CPU @ 2.40GHz,8,HDD,1.4
HP,i5,3260,Intel(R) Core(TM) i5-6300U CPU @ 2.40GHz,8,HDD,2
HP,i5,3260,Intel(R) Core(TM) i5-6300U CPU @ 2.40GHz,8,HDD,2.3
HP,i5,3260,Intel(R) Core(TM) i5-6300U CPU @ 2.40GHz,8,HDD,3.6
HP,i5,3413,Intel(R) Core(TM) i5-7200U CPU @ 2.50GHz,16,SSD,1.1
HP,i5,3413,Intel(R) Core(TM) i5-7200U CPU @ 2.50GHz,16,SSD,4.5
HP,i5,3260,Intel(R) Core(TM) i5-6300U CPU @ 2.40GHz,8,HDD,1.2
HP,i5,3413,Intel(R) Core(TM) i5-7200U CPU @ 2.50GHz,16,SSD,3.5
Dell,i7,15512,Intel(R) Core(TM) i7-10875H CPU @ 2.30GHz,32,SSD,4.4
Dell,i7,7149,Intel(R) Core(TM) i7-7820HQ CPU @ 2.90GHz,16,HDD,3.5
Dell,i7,7149,Intel(R) Core(TM) i7-7820HQ CPU @ 2.90GHz,16,HDD,4.1
Dell,i7,7149,Intel(R) Core(TM) i7-7820HQ CPU @ 2.90GHz,16,HDD,3.5
Dell,i7,7149,Intel(R) Core(TM) i7-7820HQ CPU @ 2.90GHz,16,HDD,4.3
Dell,i7,7149,Intel(R) Core(TM) i7-7820HQ CPU @ 2.90GHz,16,HDD,2.9
Dell,i7,7149,Intel(R) Core(TM) i7-7820HQ CPU @ 2.90GHz,16,HDD,3.9
Dell,i7,7149,Intel(R) Core(TM) i7-7820HQ CPU @ 2.90GHz,16,HDD,4.3
HP,i5,3260,Intel(R) Core(TM) i5-6300U CPU @ 2.40GHz,16,SSD,4.1
GETAC,i5,2506,Intel(R) Core(TM) i5-4300U CPU @ 1.90GHz,4,SSD,1.4
HP,i5,6109,Intel(R) Core(TM) i5-6600 CPU @ 3.30GHz,8,HDD,1
HP,i5,6109,Intel(R) Core(TM) i5-6600 CPU @ 3.30GHz,8,HDD,2.2
HP,i5,6109,Intel(R) Core(TM) i5-6600 CPU @ 3.30GHz,16,HDD,3.6
HP,AMD PRO A8,3347,"AMD PRO A8-9600 R7, 10 COMPUTE CORES 4C+6G",7,HDD,1.9
HP,AMD PRO A8,3347,"AMD PRO A8-9600 R7, 10 COMPUTE CORES 4C+6G",7,HDD,2
HP,AMD PRO A12,3848,"AMD PRO A12-8870 R7, 12 COMPUTE CORES 4C+8G",15,SSD,3.7
HP,AMD PRO A12,3848,"AMD PRO A12-8870 R7, 12 COMPUTE CORES 4C+8G",15,SSD,3.1
HP,AMD PRO A12,3848,"AMD PRO A12-8870 R7, 12 COMPUTE CORES 4C+8G",15,SSD,1.3
HP,AMD PRO A12,3848,"AMD PRO A12-8870 R7, 12 COMPUTE CORES 4C+8G",15,SSD,1.5
HP,AMD PRO A12,3848,"AMD PRO A12-8870 R7, 12 COMPUTE CORES 4C+8G",7,SSD,2.2
HP,AMD PRO A12,3848,"AMD PRO A12-8870 R7, 12 COMPUTE CORES 4C+8G",15,SSD,2.8
HP,AMD PRO A12,3848,"AMD PRO A12-8870 R7, 12 COMPUTE CORES 4C+8G",15,SSD,2.7
HP,AMD PRO A12,3848,"AMD PRO A12-8870 R7, 12 COMPUTE CORES 4C+8G",15,SSD,1.5
HP,AMD PRO A12,3848,"AMD PRO A12-8870 R7, 12 COMPUTE CORES 4C+8G",15,SSD,1.7
HP,AMD PRO A12,3848,"AMD PRO A12-8870 R7, 12 COMPUTE CORES 4C+8G",15,SSD,2.5
HP,AMD PRO A12,3848,"AMD PRO A12-8870 R7, 12 COMPUTE CORES 4C+8G",15,SSD,3.8
HP,i5,6109,Intel(R) Core(TM) i5-6600 CPU @ 3.30GHz,8,HDD,0.2
HP,AMD PRO A8,2148,"AMD PRO A8-8600B R6, 10 Compute Cores 4C+6G",7,HDD,1.5
HP,i5,6109,Intel(R) Core(TM) i5-6600 CPU @ 3.30GHz,8,HDD,3.5
HP,i5,6109,Intel(R) Core(TM) i5-6600 CPU @ 3.30GHz,8,HDD,3.5
HP,i5,6109,Intel(R) Core(TM) i5-6600 CPU @ 3.30GHz,32,HDD,4
HP,AMD PRO A8,3347,"AMD PRO A8-9600 R7, 10 COMPUTE CORES 4C+6G",7,HDD,2.8
HP,AMD PRO A8,3347,"AMD PRO A8-9600 R7, 10 COMPUTE CORES 4C+6G",7,HDD,1.7
HP,AMD PRO A8,3347,"AMD PRO A8-9600 R7, 10 COMPUTE CORES 4C+6G",7,HDD,1.2
HP,AMD PRO A8,3347,"AMD PRO A8-9600 R7, 10 COMPUTE CORES 4C+6G",15,HDD,1.1
HP,AMD PRO A8,3347,"AMD PRO A8-9600 R7, 10 COMPUTE CORES 4C+6G",7,HDD,1.5
HP,AMD PRO A8,3347,"AMD PRO A8-9600 R7, 10 COMPUTE CORES 4C+6G",7,HDD,0.9
HP,AMD PRO A8,3347,"AMD PRO A8-9600 R7, 10 COMPUTE CORES 4C+6G",7,HDD,2.1
HP,Xeon E3,7073,Intel(R) Xeon(R) CPU E3-1245 v3 @ 3.40GHz,8,SSD,3
HP,Xeon E5,11732,Intel(R) Xeon(R) CPU E5-2640 v4 @ 2.40GHz,32,HDD,4.3
HP,AMD PRO A12,3848,"AMD PRO A12-8870 R7, 12 COMPUTE CORES 4C+8G",15,HDD,2.4
Transource,i5,6634,Intel(R) Core(TM) i5-7600 CPU @ 3.50GHz,16,HDD,3
Transource,i5,6634,Intel(R) Core(TM) i5-7600 CPU @ 3.50GHz,16,HDD,2.3
Transource,i5,6634,Intel(R) Core(TM) i5-7600 CPU @ 3.50GHz,16,HDD,3.5
Transource,i5,6634,Intel(R) Core(TM) i5-7600 CPU @ 3.50GHz,16,HDD,2.1
Transource,i5,6634,Intel(R) Core(TM) i5-7600 CPU @ 3.50GHz,16,HDD,1.7
Transource,i5,6634,Intel(R) Core(TM) i5-7600 CPU @ 3.50GHz,16,HDD,3.1
Transource,i5,6634,Intel(R) Core(TM) i5-7600 CPU @ 3.50GHz,16,HDD,2.7
Transource,i5,6634,Intel(R) Core(TM) i5-7600 CPU @ 3.50GHz,16,HDD,2.5
Transource,i5,6634,Intel(R) Core(TM) i5-7600 CPU @ 3.50GHz,16,HDD,4.1
Transource,i5,6634,Intel(R) Core(TM) i5-7600 CPU @ 3.50GHz,16,HDD,3.7
Transource,i5,6634,Intel(R) Core(TM) i5-7600 CPU @ 3.50GHz,16,HDD,3.7
Transource,i7,8624,Intel(R) Core(TM) i7-7700 CPU @ 3.60GHz,16,SSD,4.6
Transource,i7,8624,Intel(R) Core(TM) i7-7700 CPU @ 3.60GHz,16,SSD,4.7
Ace Computers,i7,13047,Intel(R) Core(TM) i7-8700 CPU @ 3.20GHz,32,HDD,4.2
Ace Computers,i7,13047,Intel(R) Core(TM) i7-8700 CPU @ 3.20GHz,32,HDD,2.7
Ace Computers,i7,13047,Intel(R) Core(TM) i7-8700 CPU @ 3.20GHz,32,HDD,4.6
Ace Computers,i7,13047,Intel(R) Core(TM) i7-8700 CPU @ 3.20GHz,32,HDD,3.3
Ace Computers,i7,13047,Intel(R) Core(TM) i7-8700 CPU @ 3.20GHz,32,HDD,4.3
Ace Computers,i7,13047,Intel(R) Core(TM) i7-8700 CPU @ 3.20GHz,32,HDD,3.8
Ace Computers,i7,13047,Intel(R) Core(TM) i7-8700 CPU @ 3.20GHz,32,HDD,3.8
Ace Computers,i7,13047,Intel(R) Core(TM) i7-8700 CPU @ 3.20GHz,32,HDD,3.5
Ace Computers,i7,13047,Intel(R) Core(TM) i7-8700 CPU @ 3.20GHz,32,HDD,4.4
HP,AMD PRO A12,3848,"AMD PRO A12-8870 R7, 12 COMPUTE CORES 4C+8G",15,HDD,2.6
HP,i7,9685,Intel(R) Core(TM) i7-7700K CPU @ 4.20GHz,16,HDD,4
HP,i5,1817,Intel(R) Core(TM) i5-4302Y CPU @ 1.60GHz,8,SSD,1.2
Dell,i7,7149,Intel(R) Core(TM) i7-7820HQ CPU @ 2.90GHz,16,HDD,4
Dell,i7,3633,Intel(R) Core(TM) i7-7600U CPU @ 2.80GHz,16,SSD,2.9
Dell,i7,15512,Intel(R) Core(TM) i7-10875H CPU @ 2.30GHz,16,SSD,2.5
HP,i5,3413,Intel(R) Core(TM) i5-7200U CPU @ 2.50GHz,16,SSD,2.3
HP,i5,3260,Intel(R) Core(TM) i5-6300U CPU @ 2.40GHz,16,SSD,3.4
Dell,i5,8360,Intel(R) Core(TM) i5-9400H CPU @ 2.50GHz,32,SSD,4.3
HP,i5,3260,Intel(R) Core(TM) i5-6300U CPU @ 2.40GHz,8,HDD,2.9
HP,i5,3260,Intel(R) Core(TM) i5-6300U CPU @ 2.40GHz,8,HDD,2.9
HP,i5,3260,Intel(R) Core(TM) i5-6300U CPU @ 2.40GHz,16,HDD,2.2
Dell,i7,15512,Intel(R) Core(TM) i7-10875H CPU @ 2.30GHz,32,SSD,3.2
HP,i5,3260,Intel(R) Core(TM) i5-6300U CPU @ 2.40GHz,8,HDD,3
Dell,i5,8360,Intel(R) Core(TM) i5-9400H CPU @ 2.50GHz,32,SSD,3.9
Dell,i5,8360,Intel(R) Core(TM) i5-9400H CPU @ 2.50GHz,32,SSD,4
Dell,i5,8360,Intel(R) Core(TM) i5-9400H CPU @ 2.50GHz,32,SSD,4
Dell,i7,15512,Intel(R) Core(TM) i7-10875H CPU @ 2.30GHz,32,SSD,2.7
HP,i5,3260,Intel(R) Core(TM) i5-6300U CPU @ 2.40GHz,16,HDD,2.7
HP,i5,3260,Intel(R) Core(TM) i5-6300U CPU @ 2.40GHz,8,HDD,4.4
HP,i5,3260,Intel(R) Core(TM) i5-6300U CPU @ 2.40GHz,8,HDD,4.2
HP,i5,3260,Intel(R) Core(TM) i5-6300U CPU @ 2.40GHz,8,HDD,3.2
GETAC,i5,3025,Intel(R) Core(TM) i5-6200U CPU @ 2.30GHz,8,SSD,4.6
GETAC,i5,3025,Intel(R) Core(TM) i5-6200U CPU @ 2.30GHz,8,SSD,2.3
GETAC,i5,3025,Intel(R) Core(TM) i5-6200U CPU @ 2.30GHz,8,SSD,2.6
GETAC,i5,3025,Intel(R) Core(TM) i5-6200U CPU @ 2.30GHz,8,SSD,2.9
GETAC,i5,3025,Intel(R) Core(TM) i5-6200U CPU @ 2.30GHz,8,SSD,4.8
HP,i5,3413,Intel(R) Core(TM) i5-7200U CPU @ 2.50GHz,16,SSD,2.6
HP,i5,3413,Intel(R) Core(TM) i5-7200U CPU @ 2.50GHz,8,SSD,3.8
HP,i5,3260,Intel(R) Core(TM) i5-6300U CPU @ 2.40GHz,8,HDD,2.2
HP,i5,3260,Intel(R) Core(TM) i5-6300U CPU @ 2.40GHz,7,HDD,3.9
HP,i5,3413,Intel(R) Core(TM) i5-7200U CPU @ 2.50GHz,8,HDD,3.8
HP,i5,3260,Intel(R) Core(TM) i5-6300U CPU @ 2.40GHz,15,SSD,4.4
HP,i5,3260,Intel(R) Core(TM) i5-6300U CPU @ 2.40GHz,8,HDD,2.9
HP,i5,3260,Intel(R) Core(TM) i5-6300U CPU @ 2.40GHz,8,HDD,3.4
HP,i5,5949,Intel(R) Core(TM) i5-8250U CPU @ 1.60GHz,32,SSD,3.8
HP,i5,5949,Intel(R) Core(TM) i5-8250U CPU @ 1.60GHz,32,SSD,3.3
HP,i5,3413,Intel(R) Core(TM) i5-7200U CPU @ 2.50GHz,16,HDD,4.1
HP,i5,3260,Intel(R) Core(TM) i5-6300U CPU @ 2.40GHz,8,HDD,3.2
HP,i5,3260,Intel(R) Core(TM) i5-6300U CPU @ 2.40GHz,16,HDD,3
HP,i5,3413,Intel(R) Core(TM) i5-7200U CPU @ 2.50GHz,16,HDD,4.1
HP,i5,5949,Intel(R) Core(TM) i5-8250U CPU @ 1.60GHz,32,SSD,4
HP,i5,5949,Intel(R) Core(TM) i5-8250U CPU @ 1.60GHz,32,SSD,3.6
HP,i5,5949,Intel(R) Core(TM) i5-8250U CPU @ 1.60GHz,32,SSD,4.2
HP,i5,3413,Intel(R) Core(TM) i5-7200U CPU @ 2.50GHz,16,HDD,3.5
Dell,i5,8360,Intel(R) Core(TM) i5-9400H CPU @ 2.50GHz,32,SSD,4.2
HP,AMD PRO A8,3347,"AMD PRO A8-9600 R7, 10 COMPUTE CORES 4C+6G",31,HDD,2
HP,AMD PRO A8,3347,"AMD PRO A8-9600 R7, 10 COMPUTE CORES 4C+6G",15,HDD,3.5
HP,AMD PRO A8,3204,"AMD PRO A8-8650B R7, 10 Compute Cores 4C+6G",7,HDD,4.2
HP,i7,3216,Intel(R) Core(TM) i7-4600M CPU @ 2.90GHz,8,SSD,3.7
HP,i5,2895,Intel(R) Core(TM) i5-4210M CPU @ 2.60GHz,8,HDD,2.9
HP,i5,3260,Intel(R) Core(TM) i5-6300U CPU @ 2.40GHz,8,HDD,1.5
HP,i5,3413,Intel(R) Core(TM) i5-7200U CPU @ 2.50GHz,8,HDD,4.3
HP,i5,3413,Intel(R) Core(TM) i5-7200U CPU @ 2.50GHz,8,HDD,1
GETAC,i5,3025,Intel(R) Core(TM) i5-6200U CPU @ 2.30GHz,8,SSD,3.3
GETAC,i5,3025,Intel(R) Core(TM) i5-6200U CPU @ 2.30GHz,8,SSD,1.4
GETAC,i5,5949,Intel(R) Core(TM) i5-8250U CPU @ 1.60GHz,16,SSD,4.5
GETAC,i5,5949,Intel(R) Core(TM) i5-8250U CPU @ 1.60GHz,16,SSD,4.2
GETAC,i5,5988,Intel(R) Core(TM) i5-8265U CPU @ 1.60GHz,16,SSD,1.7
GETAC,i5,5988,Intel(R) Core(TM) i5-8265U CPU @ 1.60GHz,16,SSD,4.3
GETAC,i5,5988,Intel(R) Core(TM) i5-8265U CPU @ 1.60GHz,16,SSD,1.3
GETAC,i5,5949,Intel(R) Core(TM) i5-8250U CPU @ 1.60GHz,16,SSD,3.9
GETAC,i5,5949,Intel(R) Core(TM) i5-8250U CPU @ 1.60GHz,16,SSD,4.4
GETAC,i5,5949,Intel(R) Core(TM) i5-8250U CPU @ 1.60GHz,16,SSD,3.6
HP,i3,4172,Intel(R) Core(TM) i3-6100 CPU @ 3.70GHz,8,HDD,1.8
HP,i3,4172,Intel(R) Core(TM) i3-6100 CPU @ 3.70GHz,8,HDD,1.8
HP,AMD PRO A8,3204,"AMD PRO A8-8650B R7, 10 Compute Cores 4C+6G",7,HDD,0.8
HP,AMD PRO A8,3204,"AMD PRO A8-8650B R7, 10 Compute Cores 4C+6G",7,HDD,2.7
HP,Xeon E3,5262,Intel(R) Xeon(R) CPU E3-1225 v3 @ 3.20GHz,16,HDD,4
HP,AMD PRO A10,3184,"AMD A10 PRO-7800B R7, 12 Compute Cores 4C+8G",7,HDD,4
HP,AMD PRO A8,3204,"AMD PRO A8-8650B R7, 10 Compute Cores 4C+6G",7,HDD,3.2
HP,i3,4172,Intel(R) Core(TM) i3-6100 CPU @ 3.70GHz,8,HDD,1.3
HP,i3,4172,Intel(R) Core(TM) i3-6100 CPU @ 3.70GHz,8,HDD,2.2
HP,AMD PRO A8,3347,"AMD PRO A8-9600 R7, 10 COMPUTE CORES 4C+6G",7,HDD,1.5
HP,i5,6086,Intel(R) Core(TM) i5-7500 CPU @ 3.40GHz,16,HDD,2.5
HP,AMD PRO A8,3347,"AMD PRO A8-9600 R7, 10 COMPUTE CORES 4C+6G",7,SSD,0
HP,AMD PRO A8,3347,"AMD PRO A8-9600 R7, 10 COMPUTE CORES 4C+6G",7,HDD,1.2
HP,Xeon E3,8074,Intel(R) Xeon(R) CPU E3-1245 v5 @ 3.50GHz,16,HDD,2.7
HP,AMD PRO A8,3347,"AMD PRO A8-9600 R7, 10 COMPUTE CORES 4C+6G",15,HDD,2.1
Transource,i5,6634,Intel(R) Core(TM) i5-7600 CPU @ 3.50GHz,8,HDD,3.6
Transource,i5,6634,Intel(R) Core(TM) i5-7600 CPU @ 3.50GHz,8,HDD,2.5
Transource,i5,6634,Intel(R) Core(TM) i5-7600 CPU @ 3.50GHz,8,HDD,2.4
Transource,i7,8624,Intel(R) Core(TM) i7-7700 CPU @ 3.60GHz,32,HDD,3.4
Transource,i5,6634,Intel(R) Core(TM) i5-7600 CPU @ 3.50GHz,8,HDD,3.3
Transource,i5,6634,Intel(R) Core(TM) i5-7600 CPU @ 3.50GHz,8,HDD,1.2
Transource,i5,6634,Intel(R) Core(TM) i5-7600 CPU @ 3.50GHz,8,SSD,2.5
Transource,i5,6634,Intel(R) Core(TM) i5-7600 CPU @ 3.50GHz,8,HDD,1.9
Transource,i5,9616,Intel(R) Core(TM) i5-8500 CPU @ 3.00GHz,16,HDD,0.6
Transource,i5,9616,Intel(R) Core(TM) i5-8500 CPU @ 3.00GHz,16,HDD,0.5
Transource,i3,6161,Intel(R) Core(TM) i3-8100 CPU @ 3.60GHz,16,HDD,4.7
HP,i3,4172,Intel(R) Core(TM) i3-6100 CPU @ 3.70GHz,8,HDD,2.3
HP,i7,3216,Intel(R) Core(TM) i7-4600M CPU @ 2.90GHz,16,HDD,4.7
HP,i5,3413,Intel(R) Core(TM) i5-7200U CPU @ 2.50GHz,16,HDD,4.5
HP,i5,3413,Intel(R) Core(TM) i5-7200U CPU @ 2.50GHz,16,HDD,3
HP,i7,6551,Intel(R) Core(TM) i7-6700HQ CPU @ 2.60GHz,16,HDD,2.1
HP,i7,6551,Intel(R) Core(TM) i7-6700HQ CPU @ 2.60GHz,16,HDD,2.7
HP,i7,6551,Intel(R) Core(TM) i7-6700HQ CPU @ 2.60GHz,16,HDD,4.3
HP,i7,6551,Intel(R) Core(TM) i7-6700HQ CPU @ 2.60GHz,16,HDD,1.3
HP,i7,6551,Intel(R) Core(TM) i7-6700HQ CPU @ 2.60GHz,16,HDD,2.9
HP,i7,6551,Intel(R) Core(TM) i7-6700HQ CPU @ 2.60GHz,16,HDD,4.3
HP,i7,6551,Intel(R) Core(TM) i7-6700HQ CPU @ 2.60GHz,16,HDD,2.8
HP,i7,6551,Intel(R) Core(TM) i7-6700HQ CPU @ 2.60GHz,16,HDD,3.2
HP,i7,6551,Intel(R) Core(TM) i7-6700HQ CPU @ 2.60GHz,16,HDD,3.3
HP,i7,6551,Intel(R) Core(TM) i7-6700HQ CPU @ 2.60GHz,16,HDD,0.9
HP,i7,6551,Intel(R) Core(TM) i7-6700HQ CPU @ 2.60GHz,16,SSD,4.4
HP,i5,2506,Intel(R) Core(TM) i5-4300U CPU @ 1.90GHz,8,HDD,3.3
HP,i7,6551,Intel(R) Core(TM) i7-6700HQ CPU @ 2.60GHz,16,HDD,4.5
HP,i7,6551,Intel(R) Core(TM) i7-6700HQ CPU @ 2.60GHz,16,HDD,4.7
HP,i7,6551,Intel(R) Core(TM) i7-6700HQ CPU @ 2.60GHz,16,HDD,3.3
HP,i7,6551,Intel(R) Core(TM) i7-6700HQ CPU @ 2.60GHz,16,HDD,4.7
HP,i7,6551,Intel(R) Core(TM) i7-6700HQ CPU @ 2.60GHz,16,HDD,3.5
HP,i5,3413,Intel(R) Core(TM) i5-7200U CPU @ 2.50GHz,16,HDD,0.2
HP,i5,3413,Intel(R) Core(TM) i5-7200U CPU @ 2.50GHz,8,HDD,3.7
HP,i5,3413,Intel(R) Core(TM) i5-7200U CPU @ 2.50GHz,8,HDD,4.2
HP,i7,6551,Intel(R) Core(TM) i7-6700HQ CPU @ 2.60GHz,16,HDD,3.9
HP,i7,6551,Intel(R) Core(TM) i7-6700HQ CPU @ 2.60GHz,16,HDD,3.2
HP,i7,6551,Intel(R) Core(TM) i7-6700HQ CPU @ 2.60GHz,16,HDD,4.2
HP,i7,6551,Intel(R) Core(TM) i7-6700HQ CPU @ 2.60GHz,16,HDD,3.9
HP,i7,6551,Intel(R) Core(TM) i7-6700HQ CPU @ 2.60GHz,16,HDD,4.6
HP,i7,6551,Intel(R) Core(TM) i7-6700HQ CPU @ 2.60GHz,16,HDD,4.2
HP,i7,6551,Intel(R) Core(TM) i7-6700HQ CPU @ 2.60GHz,16,HDD,3.1
HP,i7,6551,Intel(R) Core(TM) i7-6700HQ CPU @ 2.60GHz,16,HDD,3.8
HP,i7,6551,Intel(R) Core(TM) i7-6700HQ CPU @ 2.60GHz,16,HDD,2.1
HP,i7,6551,Intel(R) Core(TM) i7-6700HQ CPU @ 2.60GHz,16,HDD,1.6
HP,i7,6551,Intel(R) Core(TM) i7-6700HQ CPU @ 2.60GHz,16,HDD,4.6
HP,i7,6551,Intel(R) Core(TM) i7-6700HQ CPU @ 2.60GHz,16,HDD,4
HP,i7,6551,Intel(R) Core(TM) i7-6700HQ CPU @ 2.60GHz,16,HDD,3.6
HP,i7,6551,Intel(R) Core(TM) i7-6700HQ CPU @ 2.60GHz,16,HDD,4
HP,i7,6551,Intel(R) Core(TM) i7-6700HQ CPU @ 2.60GHz,16,HDD,3.5
HP,i7,6551,Intel(R) Core(TM) i7-6700HQ CPU @ 2.60GHz,16,HDD,4.1
HP,i5,3413,Intel(R) Core(TM) i5-7200U CPU @ 2.50GHz,16,SSD,1.4
HP,i7,6551,Intel(R) Core(TM) i7-6700HQ CPU @ 2.60GHz,16,HDD,2.4
HP,i7,6551,Intel(R) Core(TM) i7-6700HQ CPU @ 2.60GHz,16,HDD,0.3
HP,i7,6551,Intel(R) Core(TM) i7-6700HQ CPU @ 2.60GHz,16,HDD,4.4
HP,i7,6551,Intel(R) Core(TM) i7-6700HQ CPU @ 2.60GHz,16,SSD,4.6
HP,i7,6551,Intel(R) Core(TM) i7-6700HQ CPU @ 2.60GHz,16,HDD,3.1
HP,i7,6551,Intel(R) Core(TM) i7-6700HQ CPU @ 2.60GHz,16,HDD,3.8
HP,i7,6551,Intel(R) Core(TM) i7-6700HQ CPU @ 2.60GHz,16,HDD,2.3
HP,i7,6551,Intel(R) Core(TM) i7-6700HQ CPU @ 2.60GHz,16,HDD,3.5
HP,i7,6551,Intel(R) Core(TM) i7-6700HQ CPU @ 2.60GHz,16,HDD,4.4
HP,i7,6551,Intel(R) Core(TM) i7-6700HQ CPU @ 2.60GHz,16,HDD,4.9
Dell,i5,9022,Intel(R) Core(TM) i5-10400H CPU @ 2.60GHz,32,SSD,3.1
Dell,i5,9022,Intel(R) Core(TM) i5-10400H CPU @ 2.60GHz,32,SSD,3.9
HP,AMD PRO A8,2148,"AMD PRO A8-8600B R6, 10 Compute Cores 4C+6G",7,HDD,0.6
HP,i5,3413,Intel(R) Core(TM) i5-7200U CPU @ 2.50GHz,8,HDD,3.1
HP,i5,3413,Intel(R) Core(TM) i5-7200U CPU @ 2.50GHz,8,HDD,1
HP,i5,3413,Intel(R) Core(TM) i5-7200U CPU @ 2.50GHz,8,HDD,3.5
HP,i5,3413,Intel(R) Core(TM) i5-7200U CPU @ 2.50GHz,16,SSD,4.2
HP,i5,3413,Intel(R) Core(TM) i5-7200U CPU @ 2.50GHz,8,SSD,2.9
HP,i5,3413,Intel(R) Core(TM) i5-7200U CPU @ 2.50GHz,8,HDD,1.5
HP,i5,3413,Intel(R) Core(TM) i5-7200U CPU @ 2.50GHz,24,HDD,4.2
HP,i5,3413,Intel(R) Core(TM) i5-7200U CPU @ 2.50GHz,8,HDD,3.6
HP,i5,3413,Intel(R) Core(TM) i5-7200U CPU @ 2.50GHz,8,HDD,3.6
HP,i5,3413,Intel(R) Core(TM) i5-7200U CPU @ 2.50GHz,8,HDD,2.7
HP,i5,3413,Intel(R) Core(TM) i5-7200U CPU @ 2.50GHz,8,HDD,3.6
HP,i5,3413,Intel(R) Core(TM) i5-7200U CPU @ 2.50GHz,8,HDD,2.2
HP,i5,3413,Intel(R) Core(TM) i5-7200U CPU @ 2.50GHz,8,HDD,2.9
HP,i5,3413,Intel(R) Core(TM) i5-7200U CPU @ 2.50GHz,8,SSD,4.3
HP,i5,3413,Intel(R) Core(TM) i5-7200U CPU @ 2.50GHz,24,HDD,2.8
HP,i5,3413,Intel(R) Core(TM) i5-7200U CPU @ 2.50GHz,8,HDD,3.3
HP,i5,3260,Intel(R) Core(TM) i5-6300U CPU @ 2.40GHz,8,HDD,3.3
HP,i5,3260,Intel(R) Core(TM) i5-6300U CPU @ 2.40GHz,8,HDD,1.4
HP,i5,3260,Intel(R) Core(TM) i5-6300U CPU @ 2.40GHz,8,HDD,3.1
HP,i5,3260,Intel(R) Core(TM) i5-6300U CPU @ 2.40GHz,16,HDD,2.9
HP,i5,3260,Intel(R) Core(TM) i5-6300U CPU @ 2.40GHz,8,HDD,2.3
HP,i5,3260,Intel(R) Core(TM) i5-6300U CPU @ 2.40GHz,8,HDD,2.8
HP,i5,3260,Intel(R) Core(TM) i5-6300U CPU @ 2.40GHz,8,HDD,0.7
HP,i5,3260,Intel(R) Core(TM) i5-6300U CPU @ 2.40GHz,8,HDD,3
HP,i5,3260,Intel(R) Core(TM) i5-6300U CPU @ 2.40GHz,8,HDD,2.4
HP,i5,3260,Intel(R) Core(TM) i5-6300U CPU @ 2.40GHz,8,HDD,2.5
HP,i5,3260,Intel(R) Core(TM) i5-6300U CPU @ 2.40GHz,8,HDD,3.5
HP,i5,3260,Intel(R) Core(TM) i5-6300U CPU @ 2.40GHz,8,HDD,3.4
HP,i5,3260,Intel(R) Core(TM) i5-6300U CPU @ 2.40GHz,8,HDD,2.9
HP,i5,3413,Intel(R) Core(TM) i5-7200U CPU @ 2.50GHz,8,HDD,3.5
HP,i5,3413,Intel(R) Core(TM) i5-7200U CPU @ 2.50GHz,8,HDD,0.9
HP,i5,3413,Intel(R) Core(TM) i5-7200U CPU @ 2.50GHz,8,HDD,1.3
HP,i5,3413,Intel(R) Core(TM) i5-7200U CPU @ 2.50GHz,8,HDD,2.3
HP,i5,3413,Intel(R) Core(TM) i5-7200U CPU @ 2.50GHz,8,HDD,4.3
HP,i5,3413,Intel(R) Core(TM) i5-7200U CPU @ 2.50GHz,8,HDD,2.9
HP,i5,3260,Intel(R) Core(TM) i5-6300U CPU @ 2.40GHz,8,HDD,1.5
HP,i5,3260,Intel(R) Core(TM) i5-6300U CPU @ 2.40GHz,8,HDD,3.1
HP,i5,3260,Intel(R) Core(TM) i5-6300U CPU @ 2.40GHz,8,HDD,2.1
HP,i5,3413,Intel(R) Core(TM) i5-7200U CPU @ 2.50GHz,8,HDD,3.7
HP,i5,3413,Intel(R) Core(TM) i5-7200U CPU @ 2.50GHz,8,HDD,2.3
HP,i5,3413,Intel(R) Core(TM) i5-7200U CPU @ 2.50GHz,8,HDD,1.8
Panasonic,i5,2850,Intel(R) Core(TM) i5-7Y57 CPU @ 1.20GHz,8,SSD,2.7
HP,i5,3260,Intel(R) Core(TM) i5-6300U CPU @ 2.40GHz,8,HDD,4.1
GETAC,i5,3413,Intel(R) Core(TM) i5-7200U CPU @ 2.50GHz,8,SSD,0.8
GETAC,i5,5988,Intel(R) Core(TM) i5-8265U CPU @ 1.60GHz,8,SSD,0.6
HP,AMD PRO A8,3347,"AMD PRO A8-9600 R7, 10 COMPUTE CORES 4C+6G",7,HDD,2
HP,AMD PRO A8,3347,"AMD PRO A8-9600 R7, 10 COMPUTE CORES 4C+6G",15,HDD,2
HP,AMD PRO A8,3347,"AMD PRO A8-9600 R7, 10 COMPUTE CORES 4C+6G",7,HDD,1.2
HP,AMD PRO A8,3347,"AMD PRO A8-9600 R7, 10 COMPUTE CORES 4C+6G",7,HDD,1.4
HP,AMD PRO A8,3347,"AMD PRO A8-9600 R7, 10 COMPUTE CORES 4C+6G",7,HDD,3.2
HP,AMD Athlon,1177,AMD Athlon(tm) II X2 B28 Processor,7,HDD,1.4
HP,AMD PRO A10,3184,"AMD A10 PRO-7800B R7, 12 Compute Cores 4C+8G",3,SSD,1.3
HP,AMD PRO A10,3184,"AMD A10 PRO-7800B R7, 12 Compute Cores 4C+8G",3,SSD,0.3
HP,AMD PRO A10,3184,"AMD A10 PRO-7800B R7, 12 Compute Cores 4C+8G",11,HDD,3.6
HP,AMD PRO A12,3848,"AMD PRO A12-8870 R7, 12 COMPUTE CORES 4C+8G",7,HDD,1.5
HP,AMD PRO A12,3848,"AMD PRO A12-8870 R7, 12 COMPUTE CORES 4C+8G",7,SSD,2.3
HP,AMD PRO A12,3848,"AMD PRO A12-8870 R7, 12 COMPUTE CORES 4C+8G",7,SSD,1.6
HP,AMD PRO A10,3184,"AMD A10 PRO-7800B R7, 12 Compute Cores 4C+8G",15,HDD,3
HP,AMD PRO A12,3848,"AMD PRO A12-8870 R7, 12 COMPUTE CORES 4C+8G",7,SSD,2.9
Transource,i3,4326,Intel(R) Core(TM) i3-7100 CPU @ 3.90GHz,16,HDD,3.3
Dell,i3,5301,Intel(R) Core(TM) i3-8100T CPU @ 3.10GHz,16,HDD,3.1
Dell,i3,5301,Intel(R) Core(TM) i3-8100T CPU @ 3.10GHz,16,HDD,1.9
LENOVO,i5,8360,Intel(R) Core(TM) i5-9400H CPU @ 2.50GHz,16,HDD,3.8
HP,i5,3260,Intel(R) Core(TM) i5-6300U CPU @ 2.40GHz,8,HDD,3.3
HP,i5,3260,Intel(R) Core(TM) i5-6300U CPU @ 2.40GHz,8,SSD,4.1
HP,i5,3260,Intel(R) Core(TM) i5-6300U CPU @ 2.40GHz,8,SSD,1.8
HP,i5,3260,Intel(R) Core(TM) i5-6300U CPU @ 2.40GHz,8,HDD,3.7
HP,i5,3260,Intel(R) Core(TM) i5-6300U CPU @ 2.40GHz,8,HDD,4.4
HP,i5,3260,Intel(R) Core(TM) i5-6300U CPU @ 2.40GHz,8,HDD,3.5
HP,i5,1817,Intel(R) Core(TM) i5-4302Y CPU @ 1.60GHz,4,SSD,3.1
HP,i5,3260,Intel(R) Core(TM) i5-6300U CPU @ 2.40GHz,8,HDD,2.2
HP,i5,3260,Intel(R) Core(TM) i5-6300U CPU @ 2.40GHz,8,HDD,1.8
HP,i5,3260,Intel(R) Core(TM) i5-6300U CPU @ 2.40GHz,8,HDD,0.8
HP,i5,3260,Intel(R) Core(TM) i5-6300U CPU @ 2.40GHz,8,SSD,3
HP,i5,3260,Intel(R) Core(TM) i5-6300U CPU @ 2.40GHz,8,HDD,3.5
HP,i5,3260,Intel(R) Core(TM) i5-6300U CPU @ 2.40GHz,8,HDD,2.6
HP,i5,3260,Intel(R) Core(TM) i5-6300U CPU @ 2.40GHz,8,HDD,1.8
HP,i5,3260,Intel(R) Core(TM) i5-6300U CPU @ 2.40GHz,8,HDD,3.5
HP,i5,3260,Intel(R) Core(TM) i5-6300U CPU @ 2.40GHz,8,HDD,3.4
HP,i5,3260,Intel(R) Core(TM) i5-6300U CPU @ 2.40GHz,8,HDD,3.4
HP,i5,2895,Intel(R) Core(TM) i5-4210M CPU @ 2.60GHz,8,HDD,2.2
HP,i5,2895,Intel(R) Core(TM) i5-4210M CPU @ 2.60GHz,8,HDD,2.1
HP,i5,2895,Intel(R) Core(TM) i5-4210M CPU @ 2.60GHz,8,HDD,1.8
Panasonic,i5,2737,Intel(R) Core(TM) i5-5300U CPU @ 2.30GHz,8,SSD,3.2
HP,i5,3260,Intel(R) Core(TM) i5-6300U CPU @ 2.40GHz,8,HDD,3.8
HP,i5,3260,Intel(R) Core(TM) i5-6300U CPU @ 2.40GHz,16,HDD,4.2
HP,i5,3260,Intel(R) Core(TM) i5-6300U CPU @ 2.40GHz,24,SSD,3.9
HP,i5,3260,Intel(R) Core(TM) i5-6300U CPU @ 2.40GHz,8,HDD,3.4
Dell,i7,15512,Intel(R) Core(TM) i7-10875H CPU @ 2.30GHz,32,SSD,4.3
HP,i5,3260,Intel(R) Core(TM) i5-6300U CPU @ 2.40GHz,8,HDD,2.8
HP,i5,3260,Intel(R) Core(TM) i5-6300U CPU @ 2.40GHz,8,HDD,2.4
GETAC,i5,5988,Intel(R) Core(TM) i5-8265U CPU @ 1.60GHz,8,SSD,0.3
GETAC,i5,5988,Intel(R) Core(TM) i5-8265U CPU @ 1.60GHz,8,SSD,4.6
HP,AMD PRO A8,3204,"AMD PRO A8-8650B R7, 10 Compute Cores 4C+6G",7,HDD,3.5
HP,AMD PRO A8,3347,"AMD PRO A8-9600 R7, 10 COMPUTE CORES 4C+6G",7,HDD,0.1
HP,AMD PRO A8,3204,"AMD PRO A8-8650B R7, 10 Compute Cores 4C+6G",7,HDD,0.9
HP,AMD PRO A10,3181,"AMD PRO A10-8770E R7, 10 COMPUTE CORES 4C+6G",15,HDD,0.7
HP,AMD PRO A10,3181,"AMD PRO A10-8770E R7, 10 COMPUTE CORES 4C+6G",15,HDD,3.6
HP,AMD PRO A8,3204,"AMD PRO A8-8650B R7, 10 Compute Cores 4C+6G",7,HDD,2.9
Dell,Xeon E3,5477,Intel(R) Xeon(R) CPU E3-1226 v3 @ 3.30GHz,16,HDD,1.5
Dell,Xeon E3,5477,Intel(R) Xeon(R) CPU E3-1226 v3 @ 3.30GHz,16,HDD,4.4
HP,AMD PRO A8,3204,"AMD PRO A8-8650B R7, 10 Compute Cores 4C+6G",19,HDD,3.8
HP,AMD PRO A8,3204,"AMD PRO A8-8650B R7, 10 Compute Cores 4C+6G",7,HDD,3.5
HP,AMD PRO A8,3204,"AMD PRO A8-8650B R7, 10 Compute Cores 4C+6G",7,HDD,0
HP,AMD PRO A10,3184,"AMD A10 PRO-7800B R7, 12 Compute Cores 4C+8G",7,HDD,1.6
HP,AMD PRO A8,3204,"AMD PRO A8-8650B R7, 10 Compute Cores 4C+6G",7,HDD,2.4
Dell,i5,6086,Intel(R) Core(TM) i5-7500 CPU @ 3.40GHz,8,SSD,4
Dell,i5,6086,Intel(R) Core(TM) i5-7500 CPU @ 3.40GHz,8,SSD,0.8
Dell,i5,6086,Intel(R) Core(TM) i5-7500 CPU @ 3.40GHz,8,SSD,3.3
Dell,i5,6086,Intel(R) Core(TM) i5-7500 CPU @ 3.40GHz,8,SSD,1.9
HP,AMD PRO A8,3204,"AMD PRO A8-8650B R7, 10 Compute Cores 4C+6G",7,HDD,2
HP,AMD PRO A8,3204,"AMD PRO A8-8650B R7, 10 Compute Cores 4C+6G",7,HDD,2.9
HP,AMD PRO A8,3204,"AMD PRO A8-8650B R7, 10 Compute Cores 4C+6G",7,HDD,3.3
HP,AMD PRO A8,3204,"AMD PRO A8-8650B R7, 10 Compute Cores 4C+6G",11,HDD,2.5
HP,AMD PRO A8,3204,"AMD PRO A8-8650B R7, 10 Compute Cores 4C+6G",7,HDD,3.6
HP,AMD PRO A8,3204,"AMD PRO A8-8650B R7, 10 Compute Cores 4C+6G",7,HDD,2.6
HP,AMD PRO A8,3204,"AMD PRO A8-8650B R7, 10 Compute Cores 4C+6G",7,HDD,2.6
HP,AMD PRO A8,3204,"AMD PRO A8-8650B R7, 10 Compute Cores 4C+6G",7,HDD,3.5
HP,AMD PRO A8,3204,"AMD PRO A8-8650B R7, 10 Compute Cores 4C+6G",23,HDD,2.1
HP,AMD PRO A8,3204,"AMD PRO A8-8650B R7, 10 Compute Cores 4C+6G",7,HDD,0
HP,AMD PRO A8,3204,"AMD PRO A8-8650B R7, 10 Compute Cores 4C+6G",7,HDD,3.6
HP,AMD PRO A8,3204,"AMD PRO A8-8650B R7, 10 Compute Cores 4C+6G",15,HDD,3.3
HP,Xeon E3,5262,Intel(R) Xeon(R) CPU E3-1225 v3 @ 3.20GHz,8,HDD,3.9
HP,AMD PRO A10,3184,"AMD A10 PRO-7800B R7, 12 Compute Cores 4C+8G",9,HDD,3.6
HP,AMD PRO A8,3204,"AMD PRO A8-8650B R7, 10 Compute Cores 4C+6G",7,HDD,2.9
HP,AMD PRO A8,3204,"AMD PRO A8-8650B R7, 10 Compute Cores 4C+6G",7,HDD,3.7
HP,AMD PRO A8,3204,"AMD PRO A8-8650B R7, 10 Compute Cores 4C+6G",7,HDD,2.5
HP,Xeon E3,5262,Intel(R) Xeon(R) CPU E3-1225 v3 @ 3.20GHz,8,HDD,3.4
Dell,Xeon E3,5477,Intel(R) Xeon(R) CPU E3-1226 v3 @ 3.30GHz,16,HDD,4.3
HP,AMD PRO A8,3204,"AMD PRO A8-8650B R7, 10 Compute Cores 4C+6G",7,HDD,3.5
HP,Pentium,3729,Intel(R) Pentium(R) Gold G5400 CPU @ 3.70GHz,16,HDD,1.6
HP,Pentium,3729,Intel(R) Pentium(R) Gold G5400 CPU @ 3.70GHz,16,HDD,3.7
HP,AMD PRO A8,3204,"AMD PRO A8-8650B R7, 10 Compute Cores 4C+6G",7,HDD,0.8
HP,i5,3413,Intel(R) Core(TM) i5-7200U CPU @ 2.50GHz,7,HDD,3.7
HP,i5,3260,Intel(R) Core(TM) i5-6300U CPU @ 2.40GHz,8,HDD,4.6
HP,i5,3260,Intel(R) Core(TM) i5-6300U CPU @ 2.40GHz,8,HDD,4.7
HP,i5,3413,Intel(R) Core(TM) i5-7200U CPU @ 2.50GHz,16,HDD,3.7
HP,i5,3260,Intel(R) Core(TM) i5-6300U CPU @ 2.40GHz,8,HDD,3.9
HP,i5,3260,Intel(R) Core(TM) i5-6300U CPU @ 2.40GHz,8,HDD,2.3
HP,i5,3260,Intel(R) Core(TM) i5-6300U CPU @ 2.40GHz,8,HDD,3.8
HP,i5,3260,Intel(R) Core(TM) i5-6300U CPU @ 2.40GHz,8,HDD,0.4
HP,i5,3260,Intel(R) Core(TM) i5-6300U CPU @ 2.40GHz,8,HDD,2.2
HP,i5,3260,Intel(R) Core(TM) i5-6300U CPU @ 2.40GHz,8,HDD,3.4
HP,i5,3260,Intel(R) Core(TM) i5-6300U CPU @ 2.40GHz,8,HDD,1.3
HP,i5,3260,Intel(R) Core(TM) i5-6300U CPU @ 2.40GHz,8,HDD,3.6
HP,i5,3260,Intel(R) Core(TM) i5-6300U CPU @ 2.40GHz,8,HDD,0.1
HP,i5,3260,Intel(R) Core(TM) i5-6300U CPU @ 2.40GHz,8,HDD,2.2
HP,i5,3260,Intel(R) Core(TM) i5-6300U CPU @ 2.40GHz,8,HDD,2.7
HP,i5,3260,Intel(R) Core(TM) i5-6300U CPU @ 2.40GHz,8,HDD,4.1
HP,i5,3260,Intel(R) Core(TM) i5-6300U CPU @ 2.40GHz,8,HDD,0.2
HP,i5,3260,Intel(R) Core(TM) i5-6300U CPU @ 2.40GHz,8,HDD,4.1
HP,i5,3260,Intel(R) Core(TM) i5-6300U CPU @ 2.40GHz,8,HDD,3.6
HP,i5,3260,Intel(R) Core(TM) i5-6300U CPU @ 2.40GHz,8,HDD,0.7
HP,i5,3260,Intel(R) Core(TM) i5-6300U CPU @ 2.40GHz,8,HDD,0.1
HP,i5,3260,Intel(R) Core(TM) i5-6300U CPU @ 2.40GHz,8,HDD,3.8
HP,i5,3260,Intel(R) Core(TM) i5-6300U CPU @ 2.40GHz,8,HDD,3.8
HP,i5,3260,Intel(R) Core(TM) i5-6300U CPU @ 2.40GHz,8,HDD,4.9
HP,i5,3260,Intel(R) Core(TM) i5-6300U CPU @ 2.40GHz,8,HDD,1
HP,i5,3260,Intel(R) Core(TM) i5-6300U CPU @ 2.40GHz,8,HDD,5
HP,i5,3260,Intel(R) Core(TM) i5-6300U CPU @ 2.40GHz,8,HDD,4.7
HP,i5,3260,Intel(R) Core(TM) i5-6300U CPU @ 2.40GHz,8,HDD,1.7
HP,i5,3260,Intel(R) Core(TM) i5-6300U CPU @ 2.40GHz,8,HDD,3.1
HP,i5,3260,Intel(R) Core(TM) i5-6300U CPU @ 2.40GHz,8,HDD,3.2
Dell,i7,7032,Intel(R) Core(TM) i7-10610U CPU @ 1.80GHz,16,SSD,2.4
Dell,i7,7032,Intel(R) Core(TM) i7-10610U CPU @ 1.80GHz,16,SSD,2.2
Dell,i7,7032,Intel(R) Core(TM) i7-10610U CPU @ 1.80GHz,16,SSD,4.4
Dell,i7,7032,Intel(R) Core(TM) i7-10610U CPU @ 1.80GHz,16,SSD,4.8
HP,AMD PRO A8,3347,"AMD PRO A8-9600 R7, 10 COMPUTE CORES 4C+6G",7,HDD,1.6
HP,AMD PRO A8,3347,"AMD PRO A8-9600 R7, 10 COMPUTE CORES 4C+6G",7,HDD,2.2
HP,AMD PRO A8,3204,"AMD PRO A8-8650B R7, 10 Compute Cores 4C+6G",7,HDD,2.6
HP,AMD PRO A8,3204,"AMD PRO A8-8650B R7, 10 Compute Cores 4C+6G",7,HDD,0.4
HP,AMD PRO A8,3204,"AMD PRO A8-8650B R7, 10 Compute Cores 4C+6G",7,HDD,0.4
HP,AMD PRO A8,3204,"AMD PRO A8-8650B R7, 10 Compute Cores 4C+6G",7,HDD,0.6
HP,AMD PRO A8,3204,"AMD PRO A8-8650B R7, 10 Compute Cores 4C+6G",7,HDD,0.4
HP,AMD PRO A8,3204,"AMD PRO A8-8650B R7, 10 Compute Cores 4C+6G",7,HDD,1
HP,AMD PRO A8,3204,"AMD PRO A8-8650B R7, 10 Compute Cores 4C+6G",7,HDD,0.6
HP,AMD PRO A8,3204,"AMD PRO A8-8650B R7, 10 Compute Cores 4C+6G",7,HDD,3.4
HP,AMD PRO A8,3204,"AMD PRO A8-8650B R7, 10 Compute Cores 4C+6G",7,HDD,1.3
HP,AMD PRO A8,3347,"AMD PRO A8-9600 R7, 10 COMPUTE CORES 4C+6G",7,HDD,0.4
HP,AMD PRO A8,3204,"AMD PRO A8-8650B R7, 10 Compute Cores 4C+6G",7,HDD,0.5
HP,AMD PRO A8,3347,"AMD PRO A8-9600 R7, 10 COMPUTE CORES 4C+6G",7,HDD,4.1
HP,AMD PRO A8,3347,"AMD PRO A8-9600 R7, 10 COMPUTE CORES 4C+6G",7,HDD,3.6
HP,AMD PRO A8,3347,"AMD PRO A8-9600 R7, 10 COMPUTE CORES 4C+6G",7,HDD,2.5
HP,AMD PRO A8,3347,"AMD PRO A8-9600 R7, 10 COMPUTE CORES 4C+6G",7,HDD,1.3
HP,AMD PRO A8,3347,"AMD PRO A8-9600 R7, 10 COMPUTE CORES 4C+6G",7,HDD,3.3
HP,AMD PRO A8,3347,"AMD PRO A8-9600 R7, 10 COMPUTE CORES 4C+6G",7,HDD,2.4
HP,AMD PRO A8,3204,"AMD PRO A8-8650B R7, 10 Compute Cores 4C+6G",7,HDD,2.8
HP,AMD PRO A8,3204,"AMD PRO A8-8650B R7, 10 Compute Cores 4C+6G",7,HDD,2.5
HP,AMD PRO A8,3204,"AMD PRO A8-8650B R7, 10 Compute Cores 4C+6G",7,HDD,3.3
HP,AMD PRO A8,3347,"AMD PRO A8-9600 R7, 10 COMPUTE CORES 4C+6G",7,HDD,4
HP,AMD PRO A8,3204,"AMD PRO A8-8650B R7, 10 Compute Cores 4C+6G",7,HDD,2.9
HP,AMD PRO A8,3204,"AMD PRO A8-8650B R7, 10 Compute Cores 4C+6G",7,HDD,1.9
HP,AMD PRO A8,3347,"AMD PRO A8-9600 R7, 10 COMPUTE CORES 4C+6G",7,HDD,1.2
HP,AMD PRO A8,3204,"AMD PRO A8-8650B R7, 10 Compute Cores 4C+6G",7,HDD,2.8
HP,AMD PRO A8,3204,"AMD PRO A8-8650B R7, 10 Compute Cores 4C+6G",7,HDD,0
HP,AMD PRO A8,3204,"AMD PRO A8-8650B R7, 10 Compute Cores 4C+6G",7,HDD,0.3
HP,AMD PRO A8,3204,"AMD PRO A8-8650B R7, 10 Compute Cores 4C+6G",7,HDD,0.5
GETAC,i5,3025,Intel(R) Core(TM) i5-6200U CPU @ 2.30GHz,8,SSD,2.4
Dell,i7,6945,Intel(R) Core(TM) i7-6820HQ CPU @ 2.70GHz,16,HDD,4.4
HP,i5,3260,Intel(R) Core(TM) i5-6300U CPU @ 2.40GHz,8,HDD,2.5
HP,i5,3260,Intel(R) Core(TM) i5-6300U CPU @ 2.40GHz,8,HDD,1.3
HP,i5,3260,Intel(R) Core(TM) i5-6300U CPU @ 2.40GHz,8,HDD,2.7
Dell,i7,15512,Intel(R) Core(TM) i7-10875H CPU @ 2.30GHz,32,SSD,3.8
HP,i7,6551,Intel(R) Core(TM) i7-6700HQ CPU @ 2.60GHz,16,HDD,4.5
HP,i5,3413,Intel(R) Core(TM) i5-7200U CPU @ 2.50GHz,16,SSD,3.5
HP,i5,3260,Intel(R) Core(TM) i5-6300U CPU @ 2.40GHz,8,HDD,0.3
HP,i5,3260,Intel(R) Core(TM) i5-6300U CPU @ 2.40GHz,8,HDD,1.7
HP,i5,3260,Intel(R) Core(TM) i5-6300U CPU @ 2.40GHz,16,HDD,3.9
HP,i5,3260,Intel(R) Core(TM) i5-6300U CPU @ 2.40GHz,8,HDD,2.7
HP,i5,3260,Intel(R) Core(TM) i5-6300U CPU @ 2.40GHz,8,HDD,3
HP,i5,3260,Intel(R) Core(TM) i5-6300U CPU @ 2.40GHz,8,HDD,1.5
HP,i5,3260,Intel(R) Core(TM) i5-6300U CPU @ 2.40GHz,8,HDD,2
HP,i5,3413,Intel(R) Core(TM) i5-7200U CPU @ 2.50GHz,16,SSD,3.9
HP,i5,3413,Intel(R) Core(TM) i5-7200U CPU @ 2.50GHz,16,HDD,4.1
Panasonic,i5,2850,Intel(R) Core(TM) i5-7Y57 CPU @ 1.20GHz,8,SSD,4.3
Dell,i5,3260,Intel(R) Core(TM) i5-6300U CPU @ 2.40GHz,16,SSD,3.6
GETAC,i5,3025,Intel(R) Core(TM) i5-6200U CPU @ 2.30GHz,16,SSD,3.9
LENOVO,AMD PRO A8,3347,"AMD PRO A8-9600 R7, 10 COMPUTE CORES 4C+6G",15,HDD,2
LENOVO,AMD PRO A8,3347,"AMD PRO A8-9600 R7, 10 COMPUTE CORES 4C+6G",7,HDD,1.8
LENOVO,AMD PRO A8,3347,"AMD PRO A8-9600 R7, 10 COMPUTE CORES 4C+6G",7,HDD,0.8
LENOVO,AMD PRO A8,3347,"AMD PRO A8-9600 R7, 10 COMPUTE CORES 4C+6G",7,HDD,3.1
LENOVO,AMD PRO A8,3347,"AMD PRO A8-9600 R7, 10 COMPUTE CORES 4C+6G",7,HDD,1.9
LENOVO,AMD PRO A8,3347,"AMD PRO A8-9600 R7, 10 COMPUTE CORES 4C+6G",7,HDD,1.8
LENOVO,AMD PRO A8,3347,"AMD PRO A8-9600 R7, 10 COMPUTE CORES 4C+6G",15,HDD,3.5
LENOVO,AMD PRO A8,3347,"AMD PRO A8-9600 R7, 10 COMPUTE CORES 4C+6G",7,HDD,1.2
LENOVO,AMD PRO A8,3347,"AMD PRO A8-9600 R7, 10 COMPUTE CORES 4C+6G",7,HDD,3.4
LENOVO,AMD PRO A8,3347,"AMD PRO A8-9600 R7, 10 COMPUTE CORES 4C+6G",7,HDD,1.8
HP,AMD PRO A8,3204,"AMD PRO A8-8650B R7, 10 Compute Cores 4C+6G",7,HDD,2
HP,AMD PRO A8,3204,"AMD PRO A8-8650B R7, 10 Compute Cores 4C+6G",7,HDD,0.5
HP,AMD PRO A10,3184,"AMD A10 PRO-7800B R7, 12 Compute Cores 4C+8G",15,HDD,2
HP,AMD PRO A8,3347,"AMD PRO A8-9600 R7, 10 COMPUTE CORES 4C+6G",7,HDD,2.3
HP,AMD PRO A8,3347,"AMD PRO A8-9600 R7, 10 COMPUTE CORES 4C+6G",7,HDD,3
HP,AMD PRO A8,3347,"AMD PRO A8-9600 R7, 10 COMPUTE CORES 4C+6G",7,HDD,3.6
HP,AMD PRO A8,3347,"AMD PRO A8-9600 R7, 10 COMPUTE CORES 4C+6G",7,HDD,0.9
HP,AMD PRO A8,3347,"AMD PRO A8-9600 R7, 10 COMPUTE CORES 4C+6G",7,HDD,1.2
HP,AMD PRO A8,3347,"AMD PRO A8-9600 R7, 10 COMPUTE CORES 4C+6G",7,HDD,0.2
HP,AMD PRO A8,3347,"AMD PRO A8-9600 R7, 10 COMPUTE CORES 4C+6G",7,HDD,0.9
HP,AMD PRO A8,3347,"AMD PRO A8-9600 R7, 10 COMPUTE CORES 4C+6G",7,HDD,2.5
HP,AMD PRO A8,3347,"AMD PRO A8-9600 R7, 10 COMPUTE CORES 4C+6G",7,HDD,1.5
HP,AMD PRO A8,3347,"AMD PRO A8-9600 R7, 10 COMPUTE CORES 4C+6G",7,HDD,2.1
HP,AMD PRO A8,3347,"AMD PRO A8-9600 R7, 10 COMPUTE CORES 4C+6G",7,HDD,1.1
HP,AMD PRO A8,3347,"AMD PRO A8-9600 R7, 10 COMPUTE CORES 4C+6G",7,HDD,0.7
HP,AMD PRO A8,3347,"AMD PRO A8-9600 R7, 10 COMPUTE CORES 4C+6G",7,HDD,0.4
HP,AMD PRO A8,3347,"AMD PRO A8-9600 R7, 10 COMPUTE CORES 4C+6G",7,HDD,2.1
HP,AMD PRO A8,3347,"AMD PRO A8-9600 R7, 10 COMPUTE CORES 4C+6G",7,HDD,0.6
HP,AMD PRO A8,3347,"AMD PRO A8-9600 R7, 10 COMPUTE CORES 4C+6G",7,HDD,0.5
HP,AMD PRO A8,3347,"AMD PRO A8-9600 R7, 10 COMPUTE CORES 4C+6G",7,HDD,2.2
HP,AMD PRO A8,3347,"AMD PRO A8-9600 R7, 10 COMPUTE CORES 4C+6G",15,HDD,2
HP,AMD PRO A8,3347,"AMD PRO A8-9600 R7, 10 COMPUTE CORES 4C+6G",7,HDD,2.9
HP,AMD PRO A8,3347,"AMD PRO A8-9600 R7, 10 COMPUTE CORES 4C+6G",7,HDD,2.1
HP,AMD PRO A8,3347,"AMD PRO A8-9600 R7, 10 COMPUTE CORES 4C+6G",7,HDD,1
HP,AMD PRO A8,3347,"AMD PRO A8-9600 R7, 10 COMPUTE CORES 4C+6G",7,HDD,1.4
HP,AMD PRO A8,3347,"AMD PRO A8-9600 R7, 10 COMPUTE CORES 4C+6G",7,HDD,1.7
HP,i5,9616,Intel(R) Core(TM) i5-8500 CPU @ 3.00GHz,8,HDD,2.8
HP,Xeon E5,17757,Intel(R) Xeon(R) CPU E5-2687W v4 @ 3.00GHz,128,HDD,1.9
HP,AMD PRO A8,3204,"AMD PRO A8-8650B R7, 10 Compute Cores 4C+6G",31,HDD,2.9
HP,AMD PRO A12,3848,"AMD PRO A12-8870 R7, 12 COMPUTE CORES 4C+8G",7,SSD,1
HP,AMD PRO A8,3347,"AMD PRO A8-9600 R7, 10 COMPUTE CORES 4C+6G",15,HDD,3.8
HP,AMD PRO A8,3347,"AMD PRO A8-9600 R7, 10 COMPUTE CORES 4C+6G",7,HDD,1.1
HP,AMD PRO A8,3347,"AMD PRO A8-9600 R7, 10 COMPUTE CORES 4C+6G",7,HDD,1.7
HP,AMD PRO A10,3184,"AMD A10 PRO-7800B R7, 12 Compute Cores 4C+8G",7,HDD,0.8
HP,AMD PRO A8,3347,"AMD PRO A8-9600 R7, 10 COMPUTE CORES 4C+6G",7,HDD,0.5
HP,AMD PRO A8,3347,"AMD PRO A8-9600 R7, 10 COMPUTE CORES 4C+6G",7,HDD,1.1
HP,AMD PRO A8,3347,"AMD PRO A8-9600 R7, 10 COMPUTE CORES 4C+6G",7,HDD,3.8
HP,AMD PRO A8,3347,"AMD PRO A8-9600 R7, 10 COMPUTE CORES 4C+6G",7,HDD,1.7
HP,AMD PRO A8,3347,"AMD PRO A8-9600 R7, 10 COMPUTE CORES 4C+6G",7,HDD,1.3
HP,AMD PRO A8,3347,"AMD PRO A8-9600 R7, 10 COMPUTE CORES 4C+6G",7,HDD,1.1
Dell,i5,9022,Intel(R) Core(TM) i5-10400H CPU @ 2.60GHz,32,SSD,4.4
Dell,i5,9022,Intel(R) Core(TM) i5-10400H CPU @ 2.60GHz,32,SSD,4.3
Dell,i5,9022,Intel(R) Core(TM) i5-10400H CPU @ 2.60GHz,32,SSD,3.5
LENOVO,i7,6551,Intel(R) Core(TM) i7-6700HQ CPU @ 2.60GHz,16,SSD,4
LENOVO,i7,6551,Intel(R) Core(TM) i7-6700HQ CPU @ 2.60GHz,16,SSD,4.1
LENOVO,i7,6551,Intel(R) Core(TM) i7-6700HQ CPU @ 2.60GHz,16,SSD,3.5
LENOVO,i7,6551,Intel(R) Core(TM) i7-6700HQ CPU @ 2.60GHz,16,SSD,4.6
LENOVO,i7,6551,Intel(R) Core(TM) i7-6700HQ CPU @ 2.60GHz,16,SSD,4.5
LENOVO,i7,6551,Intel(R) Core(TM) i7-6700HQ CPU @ 2.60GHz,16,SSD,4.1
LENOVO,i7,6551,Intel(R) Core(TM) i7-6700HQ CPU @ 2.60GHz,16,SSD,3.4
LENOVO,i7,6551,Intel(R) Core(TM) i7-6700HQ CPU @ 2.60GHz,16,SSD,3.1
LENOVO,i7,6551,Intel(R) Core(TM) i7-6700HQ CPU @ 2.60GHz,8,SSD,3.8
LENOVO,i7,6551,Intel(R) Core(TM) i7-6700HQ CPU @ 2.60GHz,16,SSD,3.2
LENOVO,i7,6551,Intel(R) Core(TM) i7-6700HQ CPU @ 2.60GHz,16,SSD,4.2
LENOVO,i7,6551,Intel(R) Core(TM) i7-6700HQ CPU @ 2.60GHz,16,SSD,4.1
LENOVO,i7,6551,Intel(R) Core(TM) i7-6700HQ CPU @ 2.60GHz,16,SSD,1.7
LENOVO,i7,6551,Intel(R) Core(TM) i7-6700HQ CPU @ 2.60GHz,16,SSD,3.5
LENOVO,i7,6551,Intel(R) Core(TM) i7-6700HQ CPU @ 2.60GHz,16,SSD,4.7
LENOVO,i7,6551,Intel(R) Core(TM) i7-6700HQ CPU @ 2.60GHz,16,SSD,4.5
LENOVO,i7,6551,Intel(R) Core(TM) i7-6700HQ CPU @ 2.60GHz,16,SSD,4
LENOVO,i7,6551,Intel(R) Core(TM) i7-6700HQ CPU @ 2.60GHz,16,SSD,2.4
LENOVO,i7,6551,Intel(R) Core(TM) i7-6700HQ CPU @ 2.60GHz,16,SSD,4.6
LENOVO,i7,6551,Intel(R) Core(TM) i7-6700HQ CPU @ 2.60GHz,16,SSD,4.7
LENOVO,i7,6551,Intel(R) Core(TM) i7-6700HQ CPU @ 2.60GHz,32,SSD,4.6
HP,i5,3413,Intel(R) Core(TM) i5-7200U CPU @ 2.50GHz,16,SSD,3
HP,i7,6551,Intel(R) Core(TM) i7-6700HQ CPU @ 2.60GHz,16,HDD,3.6
HP,i7,6551,Intel(R) Core(TM) i7-6700HQ CPU @ 2.60GHz,16,HDD,2.7
HP,i7,6551,Intel(R) Core(TM) i7-6700HQ CPU @ 2.60GHz,16,HDD,3.1
HP,i7,6551,Intel(R) Core(TM) i7-6700HQ CPU @ 2.60GHz,16,HDD,4.4
HP,i7,6551,Intel(R) Core(TM) i7-6700HQ CPU @ 2.60GHz,16,HDD,2
HP,i7,6551,Intel(R) Core(TM) i7-6700HQ CPU @ 2.60GHz,16,SSD,3.3
HP,i7,6551,Intel(R) Core(TM) i7-6700HQ CPU @ 2.60GHz,16,HDD,4.1
HP,i7,6551,Intel(R) Core(TM) i7-6700HQ CPU @ 2.60GHz,16,HDD,3.6
HP,i7,6551,Intel(R) Core(TM) i7-6700HQ CPU @ 2.60GHz,16,SSD,4.5
HP,i7,6551,Intel(R) Core(TM) i7-6700HQ CPU @ 2.60GHz,16,HDD,2.1
HP,i7,6551,Intel(R) Core(TM) i7-6700HQ CPU @ 2.60GHz,16,HDD,4.2
HP,i7,6551,Intel(R) Core(TM) i7-6700HQ CPU @ 2.60GHz,16,HDD,3.7
HP,i7,6551,Intel(R) Core(TM) i7-6700HQ CPU @ 2.60GHz,16,SSD,3.6
HP,i7,6551,Intel(R) Core(TM) i7-6700HQ CPU @ 2.60GHz,16,HDD,3.1
HP,i7,6551,Intel(R) Core(TM) i7-6700HQ CPU @ 2.60GHz,16,SSD,4.3
HP,i7,5230,Intel(R) Core(TM) i7-4712MQ CPU @ 2.30GHz,16,SSD,4.5
HP,i7,6551,Intel(R) Core(TM) i7-6700HQ CPU @ 2.60GHz,16,HDD,3.2
HP,i7,6551,Intel(R) Core(TM) i7-6700HQ CPU @ 2.60GHz,16,HDD,4.7
HP,i7,6551,Intel(R) Core(TM) i7-6700HQ CPU @ 2.60GHz,16,HDD,3.2
HP,i7,6551,Intel(R) Core(TM) i7-6700HQ CPU @ 2.60GHz,16,HDD,4.5
Dell,i5,9022,Intel(R) Core(TM) i5-10400H CPU @ 2.60GHz,32,SSD,4.5
Dell,i5,9022,Intel(R) Core(TM) i5-10400H CPU @ 2.60GHz,32,SSD,4.6
GETAC,i5,3025,Intel(R) Core(TM) i5-6200U CPU @ 2.30GHz,8,SSD,2.8
GETAC,i5,5949,Intel(R) Core(TM) i5-8250U CPU @ 1.60GHz,8,SSD,4.6
GETAC,i5,5949,Intel(R) Core(TM) i5-8250U CPU @ 1.60GHz,8,SSD,1.1
GETAC,i5,5949,Intel(R) Core(TM) i5-8250U CPU @ 1.60GHz,16,SSD,4.7
GETAC,i5,5949,Intel(R) Core(TM) i5-8250U CPU @ 1.60GHz,16,SSD,3.5
Dell,i5,9022,Intel(R) Core(TM) i5-10400H CPU @ 2.60GHz,32,SSD,4.2
Dell,i5,6670,Intel(R) Core(TM) i5-10310U CPU @ 1.70GHz,16,SSD,4.2
Dell,i5,6670,Intel(R) Core(TM) i5-10310U CPU @ 1.70GHz,16,SSD,1.9
HP,i5,1471,Intel(R) Core(TM) i5-4202Y CPU @ 1.60GHz,4,SSD,0.9
FUJITSU,i5,6343,Intel(R) Core(TM) i5-8350U CPU @ 1.70GHz,16,SSD,4.2
HP,AMD PRO A8,3347,"AMD PRO A8-9600 R7, 10 COMPUTE CORES 4C+6G",15,HDD,2.4
HP,AMD PRO A8,3347,"AMD PRO A8-9600 R7, 10 COMPUTE CORES 4C+6G",15,HDD,0.9
HP,AMD PRO A8,3347,"AMD PRO A8-9600 R7, 10 COMPUTE CORES 4C+6G",15,HDD,1.5
HP,AMD PRO A8,3347,"AMD PRO A8-9600 R7, 10 COMPUTE CORES 4C+6G",15,HDD,2.8
HP,AMD PRO A8,3347,"AMD PRO A8-9600 R7, 10 COMPUTE CORES 4C+6G",15,HDD,3.2
HP,i3,6161,Intel(R) Core(TM) i3-8100 CPU @ 3.60GHz,16,HDD,2.5
HP,i3,6161,Intel(R) Core(TM) i3-8100 CPU @ 3.60GHz,16,HDD,3.7
HP,AMD PRO A12,3848,"AMD PRO A12-8870 R7, 12 COMPUTE CORES 4C+8G",7,SSD,1.2
Ace Computers,AMD Athlon,4140,AMD Athlon 200GE with Radeon Vega Graphics,14,SSD,1.2
Ace Computers,AMD Athlon,4140,AMD Athlon 200GE with Radeon Vega Graphics,14,SSD,4
LENOVO,i7,6551,Intel(R) Core(TM) i7-6700HQ CPU @ 2.60GHz,16,SSD,4.7
LENOVO,i7,6551,Intel(R) Core(TM) i7-6700HQ CPU @ 2.60GHz,16,SSD,2.8
HP,i5,3025,Intel(R) Core(TM) i5-6200U CPU @ 2.30GHz,8,HDD,2.2
HP,i5,3025,Intel(R) Core(TM) i5-6200U CPU @ 2.30GHz,8,HDD,1.5
HP,i5,3260,Intel(R) Core(TM) i5-6300U CPU @ 2.40GHz,8,HDD,3.4
HP,i5,3260,Intel(R) Core(TM) i5-6300U CPU @ 2.40GHz,8,HDD,4.2
HP,i5,3260,Intel(R) Core(TM) i5-6300U CPU @ 2.40GHz,8,HDD,2.6
HP,i5,3260,Intel(R) Core(TM) i5-6300U CPU @ 2.40GHz,8,HDD,3.2
HP,i5,3260,Intel(R) Core(TM) i5-6300U CPU @ 2.40GHz,16,HDD,3.6
Dell,i5,9022,Intel(R) Core(TM) i5-10400H CPU @ 2.60GHz,32,SSD,3.8
HP,i5,3260,Intel(R) Core(TM) i5-6300U CPU @ 2.40GHz,8,SSD,2.7
HP,i5,3413,Intel(R) Core(TM) i5-7200U CPU @ 2.50GHz,8,HDD,2.5
HP,i5,3413,Intel(R) Core(TM) i5-7200U CPU @ 2.50GHz,24,SSD,5
HP,i5,3413,Intel(R) Core(TM) i5-7200U CPU @ 2.50GHz,8,HDD,4.8
HP,i5,3413,Intel(R) Core(TM) i5-7200U CPU @ 2.50GHz,16,SSD,4.9
HP,i5,3413,Intel(R) Core(TM) i5-7200U CPU @ 2.50GHz,16,HDD,3.3
HP,i5,3413,Intel(R) Core(TM) i5-7200U CPU @ 2.50GHz,16,HDD,4
HP,i5,3413,Intel(R) Core(TM) i5-7200U CPU @ 2.50GHz,16,SSD,4.3
HP,i5,3260,Intel(R) Core(TM) i5-6300U CPU @ 2.40GHz,8,HDD,4
HP,i5,3260,Intel(R) Core(TM) i5-6300U CPU @ 2.40GHz,8,HDD,2
HP,i5,3260,Intel(R) Core(TM) i5-6300U CPU @ 2.40GHz,8,HDD,2.7
HP,i5,3260,Intel(R) Core(TM) i5-6300U CPU @ 2.40GHz,8,HDD,3.1
HP,i5,3260,Intel(R) Core(TM) i5-6300U CPU @ 2.40GHz,8,HDD,3.4
HP,i5,3260,Intel(R) Core(TM) i5-6300U CPU @ 2.40GHz,8,HDD,3.3
HP,i5,3260,Intel(R) Core(TM) i5-6300U CPU @ 2.40GHz,8,HDD,3.9
HP,i5,3260,Intel(R) Core(TM) i5-6300U CPU @ 2.40GHz,8,HDD,1.8
HP,i5,3413,Intel(R) Core(TM) i5-7200U CPU @ 2.50GHz,8,HDD,3.2
HP,i5,3413,Intel(R) Core(TM) i5-7200U CPU @ 2.50GHz,8,HDD,2.8
HP,i5,3260,Intel(R) Core(TM) i5-6300U CPU @ 2.40GHz,8,HDD,1.8
HP,i5,3260,Intel(R) Core(TM) i5-6300U CPU @ 2.40GHz,8,HDD,2.9
HP,i5,3413,Intel(R) Core(TM) i5-7200U CPU @ 2.50GHz,8,HDD,0.3
HP,i5,3413,Intel(R) Core(TM) i5-7200U CPU @ 2.50GHz,8,HDD,2.6
HP,i5,3260,Intel(R) Core(TM) i5-6300U CPU @ 2.40GHz,8,HDD,2.8
HP,i5,3260,Intel(R) Core(TM) i5-6300U CPU @ 2.40GHz,8,HDD,1.5
HP,i5,3413,Intel(R) Core(TM) i5-7200U CPU @ 2.50GHz,8,HDD,1.3
HP,i5,3413,Intel(R) Core(TM) i5-7200U CPU @ 2.50GHz,8,SSD,3.4
HP,i5,3260,Intel(R) Core(TM) i5-6300U CPU @ 2.40GHz,8,HDD,3.4
HP,i5,5493,Intel(R) Core(TM) i5-7440HQ CPU @ 2.80GHz,16,HDD,4.4
Dell,i7,15512,Intel(R) Core(TM) i7-10875H CPU @ 2.30GHz,64,SSD,4.3
Dell,i7,15512,Intel(R) Core(TM) i7-10875H CPU @ 2.30GHz,64,SSD,4.4
Dell,i5,6343,Intel(R) Core(TM) i5-8350U CPU @ 1.70GHz,8,SSD,4.4
HP,AMD PRO A10,3184,"AMD A10 PRO-7800B R7, 12 Compute Cores 4C+8G",7,HDD,4.1
HP,i3,4172,Intel(R) Core(TM) i3-6100 CPU @ 3.70GHz,8,HDD,1.9
HP,i5,6109,Intel(R) Core(TM) i5-6600 CPU @ 3.30GHz,16,HDD,4.3
HP,AMD A4,1261,AMD A4-5300B APU with Radeon(tm) HD Graphics,8,HDD,0.4
HP,AMD PRO A8,3347,"AMD PRO A8-9600 R7, 10 COMPUTE CORES 4C+6G",7,HDD,2.5
Dell,i5,9022,Intel(R) Core(TM) i5-10400H CPU @ 2.60GHz,32,SSD,4.5
HP,i5,3260,Intel(R) Core(TM) i5-6300U CPU @ 2.40GHz,8,HDD,4.2
HP,i5,3260,Intel(R) Core(TM) i5-6300U CPU @ 2.40GHz,8,HDD,2.5
HP,i5,3260,Intel(R) Core(TM) i5-6300U CPU @ 2.40GHz,8,HDD,0.9
HP,i5,3260,Intel(R) Core(TM) i5-6300U CPU @ 2.40GHz,8,HDD,0.2
HP,i5,3260,Intel(R) Core(TM) i5-6300U CPU @ 2.40GHz,16,HDD,2.5
HP,i5,7533,Intel(R) Core(TM) i5-8300H CPU @ 2.30GHz,16,HDD,3.1
HP,i5,3260,Intel(R) Core(TM) i5-6300U CPU @ 2.40GHz,8,HDD,3
HP,i5,3260,Intel(R) Core(TM) i5-6300U CPU @ 2.40GHz,16,HDD,3.2
HP,i5,3260,Intel(R) Core(TM) i5-6300U CPU @ 2.40GHz,16,HDD,3.4
HP,Xeon E5,6535,Intel(R) Xeon(R) CPU E5-1620 v2 @ 3.70GHz,16,HDD,4.6
HP,AMD PRO A8,3347,"AMD PRO A8-9600 R7, 10 COMPUTE CORES 4C+6G",7,HDD,1.1
HP,AMD PRO A8,3347,"AMD PRO A8-9600 R7, 10 COMPUTE CORES 4C+6G",7,HDD,2
HP,i3,4172,Intel(R) Core(TM) i3-6100 CPU @ 3.70GHz,8,HDD,3.8
HP,i3,4172,Intel(R) Core(TM) i3-6100 CPU @ 3.70GHz,8,HDD,1.2
Transource,i7,9685,Intel(R) Core(TM) i7-7700K CPU @ 4.20GHz,32,HDD,4.1
Transource,i7,9685,Intel(R) Core(TM) i7-7700K CPU @ 4.20GHz,32,HDD,4.4
HP,AMD PRO A8,3347,"AMD PRO A8-9600 R7, 10 COMPUTE CORES 4C+6G",7,HDD,2.9
HP,i5,3260,Intel(R) Core(TM) i5-6300U CPU @ 2.40GHz,8,HDD,2
HP,i5,3260,Intel(R) Core(TM) i5-6300U CPU @ 2.40GHz,8,HDD,1.7
HP,i5,3413,Intel(R) Core(TM) i5-7200U CPU @ 2.50GHz,8,HDD,1.6
HP,i5,3413,Intel(R) Core(TM) i5-7200U CPU @ 2.50GHz,8,HDD,3.2
HP,i7,5230,Intel(R) Core(TM) i7-4712MQ CPU @ 2.30GHz,16,HDD,3.6
HP,i5,3260,Intel(R) Core(TM) i5-6300U CPU @ 2.40GHz,8,HDD,2.5
HP,i5,3260,Intel(R) Core(TM) i5-6300U CPU @ 2.40GHz,8,HDD,3.1
HP,i5,3260,Intel(R) Core(TM) i5-6300U CPU @ 2.40GHz,16,HDD,3.5
HP,i5,3260,Intel(R) Core(TM) i5-6300U CPU @ 2.40GHz,8,HDD,1.9
Dell,i7,15512,Intel(R) Core(TM) i7-10875H CPU @ 2.30GHz,16,SSD,4.7
HP,i5,3260,Intel(R) Core(TM) i5-6300U CPU @ 2.40GHz,8,HDD,2.8
HP,i5,3260,Intel(R) Core(TM) i5-6300U CPU @ 2.40GHz,8,HDD,2.8
HP,i5,3260,Intel(R) Core(TM) i5-6300U CPU @ 2.40GHz,8,HDD,1.3
HP,i5,3260,Intel(R) Core(TM) i5-6300U CPU @ 2.40GHz,8,SSD,1.9
HP,i5,3260,Intel(R) Core(TM) i5-6300U CPU @ 2.40GHz,8,HDD,2.3
HP,i5,3260,Intel(R) Core(TM) i5-6300U CPU @ 2.40GHz,8,HDD,2.8
HP,i5,3260,Intel(R) Core(TM) i5-6300U CPU @ 2.40GHz,8,HDD,1.9
HP,i5,3260,Intel(R) Core(TM) i5-6300U CPU @ 2.40GHz,8,HDD,2.3
HP,i5,3260,Intel(R) Core(TM) i5-6300U CPU @ 2.40GHz,16,HDD,3.1
HP,i5,3260,Intel(R) Core(TM) i5-6300U CPU @ 2.40GHz,8,HDD,3.4
HP,i5,3260,Intel(R) Core(TM) i5-6300U CPU @ 2.40GHz,16,HDD,4.1
HP,i5,3260,Intel(R) Core(TM) i5-6300U CPU @ 2.40GHz,8,HDD,3.6
HP,i5,3260,Intel(R) Core(TM) i5-6300U CPU @ 2.40GHz,8,HDD,1.4
HP,i5,3260,Intel(R) Core(TM) i5-6300U CPU @ 2.40GHz,8,HDD,2
HP,i5,3260,Intel(R) Core(TM) i5-6300U CPU @ 2.40GHz,8,HDD,2
HP,i5,3260,Intel(R) Core(TM) i5-6300U CPU @ 2.40GHz,8,HDD,0.6
HP,i5,3260,Intel(R) Core(TM) i5-6300U CPU @ 2.40GHz,8,HDD,2
HP,i5,3260,Intel(R) Core(TM) i5-6300U CPU @ 2.40GHz,8,HDD,1.6
HP,i5,3260,Intel(R) Core(TM) i5-6300U CPU @ 2.40GHz,8,HDD,1.4
HP,i5,3260,Intel(R) Core(TM) i5-6300U CPU @ 2.40GHz,8,HDD,3.9
HP,i5,3260,Intel(R) Core(TM) i5-6300U CPU @ 2.40GHz,8,HDD,3.2
HP,i5,3260,Intel(R) Core(TM) i5-6300U CPU @ 2.40GHz,8,HDD,1.4
HP,i5,3260,Intel(R) Core(TM) i5-6300U CPU @ 2.40GHz,8,HDD,2.4
HP,i5,3260,Intel(R) Core(TM) i5-6300U CPU @ 2.40GHz,8,HDD,4
HP,i5,3260,Intel(R) Core(TM) i5-6300U CPU @ 2.40GHz,8,HDD,3
HP,i5,3260,Intel(R) Core(TM) i5-6300U CPU @ 2.40GHz,8,HDD,3.9
HP,i5,3260,Intel(R) Core(TM) i5-6300U CPU @ 2.40GHz,8,HDD,1.1
HP,i5,3260,Intel(R) Core(TM) i5-6300U CPU @ 2.40GHz,8,HDD,2.9
HP,i5,3260,Intel(R) Core(TM) i5-6300U CPU @ 2.40GHz,8,HDD,3.9
HP,i5,3260,Intel(R) Core(TM) i5-6300U CPU @ 2.40GHz,8,HDD,4
HP,i5,3260,Intel(R) Core(TM) i5-6300U CPU @ 2.40GHz,8,HDD,3.1
HP,i5,3260,Intel(R) Core(TM) i5-6300U CPU @ 2.40GHz,8,HDD,2.6
HP,i5,3260,Intel(R) Core(TM) i5-6300U CPU @ 2.40GHz,8,HDD,2.6
HP,i5,3260,Intel(R) Core(TM) i5-6300U CPU @ 2.40GHz,8,HDD,2.8
Gammatech,i5,3413,Intel(R) Core(TM) i5-7200U CPU @ 2.50GHz,8,HDD,0.4
HP,i7,5230,Intel(R) Core(TM) i7-4712MQ CPU @ 2.30GHz,8,SSD,4.7
Dell,i5,6670,Intel(R) Core(TM) i5-10310U CPU @ 1.70GHz,16,SSD,4.5
Dell,i5,6670,Intel(R) Core(TM) i5-10310U CPU @ 1.70GHz,16,SSD,4.1
HP,AMD PRO A8,3347,"AMD PRO A8-9600 R7, 10 COMPUTE CORES 4C+6G",15,HDD,2.7
HP,AMD PRO A10,3184,"AMD A10 PRO-7800B R7, 12 Compute Cores 4C+8G",11,HDD,3.7
HP,AMD PRO A10,3184,"AMD A10 PRO-7800B R7, 12 Compute Cores 4C+8G",11,HDD,2.3
HP,AMD PRO A8,2148,"AMD PRO A8-8600B R6, 10 Compute Cores 4C+6G",7,HDD,2.2
HP,AMD PRO A12,3848,"AMD PRO A12-8870 R7, 12 COMPUTE CORES 4C+8G",7,SSD,3.7
HP,i7,9685,Intel(R) Core(TM) i7-7700K CPU @ 4.20GHz,64,HDD,2.4
HP,AMD PRO A8,3347,"AMD PRO A8-9600 R7, 10 COMPUTE CORES 4C+6G",7,HDD,2.2
HP,AMD PRO A10,3184,"AMD A10 PRO-7800B R7, 12 Compute Cores 4C+8G",11,HDD,4.3
Dell,i7,15512,Intel(R) Core(TM) i7-10875H CPU @ 2.30GHz,64,SSD,4.3
HP,i5,3413,Intel(R) Core(TM) i5-7200U CPU @ 2.50GHz,8,HDD,1.2
HP,i5,3413,Intel(R) Core(TM) i5-7200U CPU @ 2.50GHz,8,HDD,2.5
HP,i5,3260,Intel(R) Core(TM) i5-6300U CPU @ 2.40GHz,8,HDD,1.6
HP,i5,3413,Intel(R) Core(TM) i5-7200U CPU @ 2.50GHz,16,HDD,4.4
Dell,i7,7149,Intel(R) Core(TM) i7-7820HQ CPU @ 2.90GHz,32,SSD,4.2
HP,i5,3413,Intel(R) Core(TM) i5-7200U CPU @ 2.50GHz,16,HDD,2.8
HP,i5,3413,Intel(R) Core(TM) i5-7200U CPU @ 2.50GHz,16,SSD,4.3
HP,i5,3413,Intel(R) Core(TM) i5-7200U CPU @ 2.50GHz,8,SSD,3.2
HP,i5,3413,Intel(R) Core(TM) i5-7200U CPU @ 2.50GHz,16,HDD,2.6
HP,i5,3413,Intel(R) Core(TM) i5-7200U CPU @ 2.50GHz,16,SSD,2.5
HP,i3,4172,Intel(R) Core(TM) i3-6100 CPU @ 3.70GHz,8,HDD,2.5
HP,AMD PRO A10,3181,"AMD PRO A10-8770E R7, 10 COMPUTE CORES 4C+6G",7,HDD,2.7
HP,i3,4172,Intel(R) Core(TM) i3-6100 CPU @ 3.70GHz,8,HDD,1.8
HP,AMD PRO A10,3181,"AMD PRO A10-8770E R7, 10 COMPUTE CORES 4C+6G",7,HDD,2.7
Ace Computers,i5,9223,Intel(R) Core(TM) i5-8400 CPU @ 2.80GHz,32,SSD,4.9
HP,i3,4172,Intel(R) Core(TM) i3-6100 CPU @ 3.70GHz,16,HDD,4.3
Dell,Xeon E3,5477,Intel(R) Xeon(R) CPU E3-1226 v3 @ 3.30GHz,8,HDD,3.3
HP,i5,6086,Intel(R) Core(TM) i5-7500 CPU @ 3.40GHz,8,HDD,4.5
Dell,i7,7149,Intel(R) Core(TM) i7-7820HQ CPU @ 2.90GHz,16,SSD,4.6
GETAC,i5,3025,Intel(R) Core(TM) i5-6200U CPU @ 2.30GHz,8,HDD,4.3
HP,i5,3413,Intel(R) Core(TM) i5-7200U CPU @ 2.50GHz,8,HDD,2.7
HP,i5,3413,Intel(R) Core(TM) i5-7200U CPU @ 2.50GHz,8,HDD,1.2
HP,i5,3413,Intel(R) Core(TM) i5-7200U CPU @ 2.50GHz,8,HDD,1.8
HP,i5,3413,Intel(R) Core(TM) i5-7200U CPU @ 2.50GHz,8,HDD,2.7
HP,i7,6551,Intel(R) Core(TM) i7-6700HQ CPU @ 2.60GHz,32,HDD,3.7
HP,i7,6551,Intel(R) Core(TM) i7-6700HQ CPU @ 2.60GHz,32,HDD,4.3
HP,i7,6551,Intel(R) Core(TM) i7-6700HQ CPU @ 2.60GHz,32,HDD,4
HP,i7,6551,Intel(R) Core(TM) i7-6700HQ CPU @ 2.60GHz,32,HDD,3.7
HP,i7,6551,Intel(R) Core(TM) i7-6700HQ CPU @ 2.60GHz,32,HDD,2.5
HP,i7,6551,Intel(R) Core(TM) i7-6700HQ CPU @ 2.60GHz,32,HDD,3.4
HP,i5,3413,Intel(R) Core(TM) i5-7200U CPU @ 2.50GHz,8,HDD,3.2
Transource,i5,6634,Intel(R) Core(TM) i5-7600 CPU @ 3.50GHz,8,HDD,2
HP,i3,3354,Intel(R) Core(TM) i3-4150 CPU @ 3.50GHz,8,HDD,2.5
HP,AMD PRO A8,3204,"AMD PRO A8-8650B R7, 10 Compute Cores 4C+6G",7,HDD,2.2
HP,AMD PRO A8,3204,"AMD PRO A8-8650B R7, 10 Compute Cores 4C+6G",7,HDD,1.2
HP,AMD PRO A8,3204,"AMD PRO A8-8650B R7, 10 Compute Cores 4C+6G",7,HDD,3
HP,AMD PRO A8,3204,"AMD PRO A8-8650B R7, 10 Compute Cores 4C+6G",7,HDD,2.6
HP,AMD PRO A8,3204,"AMD PRO A8-8650B R7, 10 Compute Cores 4C+6G",7,HDD,2.2
HP,AMD PRO A8,3204,"AMD PRO A8-8650B R7, 10 Compute Cores 4C+6G",7,HDD,3.1
HP,AMD PRO A8,3204,"AMD PRO A8-8650B R7, 10 Compute Cores 4C+6G",7,HDD,2
HP,AMD PRO A8,3347,"AMD PRO A8-9600 R7, 10 COMPUTE CORES 4C+6G",7,HDD,1.6
HP,AMD PRO A8,3347,"AMD PRO A8-9600 R7, 10 COMPUTE CORES 4C+6G",7,HDD,3
HP,AMD PRO A10,3181,"AMD PRO A10-8770E R7, 10 COMPUTE CORES 4C+6G",15,HDD,2.5
HP,AMD PRO A10,3181,"AMD PRO A10-8770E R7, 10 COMPUTE CORES 4C+6G",15,HDD,3.2
HP,AMD PRO A10,3181,"AMD PRO A10-8770E R7, 10 COMPUTE CORES 4C+6G",15,HDD,2.9
HP,AMD PRO A10,3181,"AMD PRO A10-8770E R7, 10 COMPUTE CORES 4C+6G",15,HDD,1.5
HP,AMD PRO A10,3181,"AMD PRO A10-8770E R7, 10 COMPUTE CORES 4C+6G",15,HDD,1.9
HP,AMD PRO A10,3181,"AMD PRO A10-8770E R7, 10 COMPUTE CORES 4C+6G",15,HDD,2.1
HP,AMD PRO A10,3181,"AMD PRO A10-8770E R7, 10 COMPUTE CORES 4C+6G",15,HDD,2.8
HP,AMD PRO A10,3181,"AMD PRO A10-8770E R7, 10 COMPUTE CORES 4C+6G",15,HDD,2.4
HP,AMD PRO A10,3181,"AMD PRO A10-8770E R7, 10 COMPUTE CORES 4C+6G",15,HDD,1.8
HP,AMD PRO A10,3181,"AMD PRO A10-8770E R7, 10 COMPUTE CORES 4C+6G",15,HDD,2.7
HP,AMD PRO A10,3181,"AMD PRO A10-8770E R7, 10 COMPUTE CORES 4C+6G",15,HDD,0.6
HP,AMD PRO A10,3181,"AMD PRO A10-8770E R7, 10 COMPUTE CORES 4C+6G",15,HDD,2.9
HP,AMD PRO A10,3181,"AMD PRO A10-8770E R7, 10 COMPUTE CORES 4C+6G",15,HDD,2.4
HP,AMD PRO A10,3181,"AMD PRO A10-8770E R7, 10 COMPUTE CORES 4C+6G",15,HDD,1.8
HP,AMD PRO A10,3181,"AMD PRO A10-8770E R7, 10 COMPUTE CORES 4C+6G",15,HDD,2.9
HP,AMD PRO A10,3181,"AMD PRO A10-8770E R7, 10 COMPUTE CORES 4C+6G",15,HDD,3.5
HP,AMD PRO A10,3181,"AMD PRO A10-8770E R7, 10 COMPUTE CORES 4C+6G",15,HDD,2
HP,AMD PRO A10,3181,"AMD PRO A10-8770E R7, 10 COMPUTE CORES 4C+6G",15,HDD,3.1
HP,AMD PRO A10,3181,"AMD PRO A10-8770E R7, 10 COMPUTE CORES 4C+6G",15,HDD,2.7
HP,AMD PRO A10,3181,"AMD PRO A10-8770E R7, 10 COMPUTE CORES 4C+6G",15,HDD,2
HP,AMD PRO A10,3181,"AMD PRO A10-8770E R7, 10 COMPUTE CORES 4C+6G",15,HDD,2.4
HP,AMD PRO A10,3181,"AMD PRO A10-8770E R7, 10 COMPUTE CORES 4C+6G",15,HDD,3.2
HP,AMD PRO A10,3181,"AMD PRO A10-8770E R7, 10 COMPUTE CORES 4C+6G",15,HDD,3.6
HP,AMD PRO A10,3181,"AMD PRO A10-8770E R7, 10 COMPUTE CORES 4C+6G",15,HDD,3.1
HP,AMD PRO A10,3181,"AMD PRO A10-8770E R7, 10 COMPUTE CORES 4C+6G",15,HDD,3
HP,AMD PRO A10,3181,"AMD PRO A10-8770E R7, 10 COMPUTE CORES 4C+6G",15,HDD,2.9
HP,AMD PRO A10,3181,"AMD PRO A10-8770E R7, 10 COMPUTE CORES 4C+6G",15,HDD,3.5
HP,AMD PRO A10,3181,"AMD PRO A10-8770E R7, 10 COMPUTE CORES 4C+6G",15,HDD,1.5
HP,AMD PRO A10,3181,"AMD PRO A10-8770E R7, 10 COMPUTE CORES 4C+6G",15,HDD,1.7
HP,AMD PRO A10,3181,"AMD PRO A10-8770E R7, 10 COMPUTE CORES 4C+6G",15,HDD,2.3
HP,AMD PRO A10,3181,"AMD PRO A10-8770E R7, 10 COMPUTE CORES 4C+6G",15,HDD,3
HP,AMD PRO A10,3181,"AMD PRO A10-8770E R7, 10 COMPUTE CORES 4C+6G",15,HDD,3.9
HP,AMD PRO A10,3181,"AMD PRO A10-8770E R7, 10 COMPUTE CORES 4C+6G",15,HDD,2.1
HP,AMD PRO A10,3181,"AMD PRO A10-8770E R7, 10 COMPUTE CORES 4C+6G",15,HDD,1.8
HP,AMD PRO A10,3181,"AMD PRO A10-8770E R7, 10 COMPUTE CORES 4C+6G",15,HDD,1.3
HP,AMD PRO A10,3181,"AMD PRO A10-8770E R7, 10 COMPUTE CORES 4C+6G",15,HDD,2.6
HP,AMD PRO A10,3181,"AMD PRO A10-8770E R7, 10 COMPUTE CORES 4C+6G",15,HDD,3
HP,AMD PRO A8,3204,"AMD PRO A8-8650B R7, 10 Compute Cores 4C+6G",7,HDD,1.5
HP,AMD PRO A8,3204,"AMD PRO A8-8650B R7, 10 Compute Cores 4C+6G",23,HDD,3.9
HP,AMD PRO A10,3181,"AMD PRO A10-8770E R7, 10 COMPUTE CORES 4C+6G",15,HDD,3.7
HP,AMD PRO A10,3181,"AMD PRO A10-8770E R7, 10 COMPUTE CORES 4C+6G",15,HDD,4.4
HP,AMD PRO A10,3181,"AMD PRO A10-8770E R7, 10 COMPUTE CORES 4C+6G",15,HDD,1.9
HP,AMD PRO A10,3181,"AMD PRO A10-8770E R7, 10 COMPUTE CORES 4C+6G",15,HDD,2.3
HP,AMD PRO A10,3181,"AMD PRO A10-8770E R7, 10 COMPUTE CORES 4C+6G",15,HDD,2.2
HP,AMD PRO A10,3181,"AMD PRO A10-8770E R7, 10 COMPUTE CORES 4C+6G",15,HDD,3.5
HP,AMD PRO A10,3181,"AMD PRO A10-8770E R7, 10 COMPUTE CORES 4C+6G",15,HDD,3.4
HP,AMD PRO A10,3181,"AMD PRO A10-8770E R7, 10 COMPUTE CORES 4C+6G",15,HDD,3.4
HP,AMD PRO A10,3181,"AMD PRO A10-8770E R7, 10 COMPUTE CORES 4C+6G",15,HDD,3.1
HP,AMD PRO A10,3181,"AMD PRO A10-8770E R7, 10 COMPUTE CORES 4C+6G",15,HDD,2
HP,AMD PRO A10,3181,"AMD PRO A10-8770E R7, 10 COMPUTE CORES 4C+6G",15,HDD,3.7
HP,AMD PRO A10,3181,"AMD PRO A10-8770E R7, 10 COMPUTE CORES 4C+6G",15,HDD,3.1
HP,AMD PRO A10,3181,"AMD PRO A10-8770E R7, 10 COMPUTE CORES 4C+6G",15,HDD,4
HP,AMD PRO A10,3181,"AMD PRO A10-8770E R7, 10 COMPUTE CORES 4C+6G",15,HDD,2
HP,AMD PRO A10,3181,"AMD PRO A10-8770E R7, 10 COMPUTE CORES 4C+6G",15,HDD,2.7
HP,AMD PRO A10,3181,"AMD PRO A10-8770E R7, 10 COMPUTE CORES 4C+6G",15,HDD,3
HP,AMD PRO A10,3181,"AMD PRO A10-8770E R7, 10 COMPUTE CORES 4C+6G",15,HDD,2.5
HP,AMD PRO A10,3181,"AMD PRO A10-8770E R7, 10 COMPUTE CORES 4C+6G",15,HDD,3.2
HP,AMD PRO A10,3181,"AMD PRO A10-8770E R7, 10 COMPUTE CORES 4C+6G",15,HDD,2.2
HP,AMD PRO A10,3181,"AMD PRO A10-8770E R7, 10 COMPUTE CORES 4C+6G",15,HDD,3.5
Ace Computers,i3,6161,Intel(R) Core(TM) i3-8100 CPU @ 3.60GHz,16,HDD,0.7
Ace Computers,i3,6161,Intel(R) Core(TM) i3-8100 CPU @ 3.60GHz,16,HDD,3.3